encoder,resolution,video_name,qp,preset,bpp,bitrate_kbps,psnr_y,psnr_u,psnr_v,psnr_yuv,E_process_single_J,P_process_W,t_process_single_s
NVIDIA,4K,BoxingPractice_4k,22,ultrafast,0.426311,211947.78,43.447706,28.578982,29.975309,41.676386,10.0147,4.01,2.5
NVIDIA,4K,BoxingPractice_4k,27,ultrafast,0.198018,98448.19,41.553952,28.602378,29.997436,40.022196,8.8813,4.44,2.001
NVIDIA,4K,BoxingPractice_4k,32,ultrafast,0.108892,54137.51,39.823259,28.633766,30.03532,38.512169,8.8799,4.44,1.999
NVIDIA,4K,BoxingPractice_4k,37,ultrafast,0.064296,31965.99,37.748584,28.688721,30.068792,36.702356,8.8836,4.44,2.0
NVIDIA,4K,BoxingPractice_4k,22,fast,0.423201,210401.41,43.413703,28.58455,29.979303,41.647231,8.5817,5.72,1.5
NVIDIA,4K,BoxingPractice_4k,27,fast,0.19615,97519.09,41.521993,28.615374,30.004866,39.995509,8.3931,5.6,1.5
NVIDIA,4K,BoxingPractice_4k,32,fast,0.106917,53155.77,39.773132,28.642923,30.038479,38.469078,8.3994,5.6,1.5
NVIDIA,4K,BoxingPractice_4k,37,fast,0.06266,31152.53,37.691668,28.69716,30.071883,36.653275,8.3929,5.59,1.5
NVIDIA,4K,BoxingPractice_4k,22,medium,0.412866,205263.41,43.466991,28.56748,29.966133,41.691968,13.4946,2.0,6.733
NVIDIA,4K,BoxingPractice_4k,27,medium,0.189639,94282.28,41.529614,28.585315,29.985048,39.99906,12.9791,2.0,6.501
NVIDIA,4K,BoxingPractice_4k,32,medium,0.103868,51639.7,39.709535,28.61201,30.018918,38.410276,13.0791,2.01,6.498
NVIDIA,4K,BoxingPractice_4k,37,medium,0.061373,30512.48,37.541575,28.6618,30.051893,36.518484,12.9976,2.0,6.501
NVIDIA,4K,BoxingPractice_4k,22,slow,0.412866,205263.41,43.466991,28.56748,29.966133,41.691968,13.6248,1.99,6.844
NVIDIA,4K,BoxingPractice_4k,27,slow,0.189639,94282.28,41.529614,28.585315,29.985048,39.99906,13.0487,2.01,6.495
NVIDIA,4K,BoxingPractice_4k,32,slow,0.103868,51639.7,39.709535,28.61201,30.018918,38.410276,13.0006,2.0,6.501
NVIDIA,4K,BoxingPractice_4k,37,slow,0.061373,30512.48,37.541575,28.6618,30.051893,36.518484,13.0209,2.0,6.499
NVIDIA,4K,Crosswalk_4k,22,ultrafast,0.224188,111459.08,43.336326,26.072374,24.554156,41.083443,8.8649,4.44,1.999
NVIDIA,4K,Crosswalk_4k,27,ultrafast,0.077393,38477.44,42.317389,26.097172,24.547786,40.193025,8.9635,4.48,2.0
NVIDIA,4K,Crosswalk_4k,32,ultrafast,0.0411,20433.73,41.40764,26.094249,24.550315,39.39697,8.9952,4.5,2.001
NVIDIA,4K,Crosswalk_4k,37,ultrafast,0.024966,12412.24,40.154444,26.095058,24.553607,38.30068,9.0222,4.51,2.001
NVIDIA,4K,Crosswalk_4k,22,fast,0.218542,108651.59,43.335572,26.07286,24.55413,41.082812,8.3567,5.57,1.499
NVIDIA,4K,Crosswalk_4k,27,fast,0.075381,37477.15,42.340638,26.099399,24.546811,40.213446,8.3772,5.59,1.5
NVIDIA,4K,Crosswalk_4k,32,fast,0.039979,19876.08,41.456993,26.095993,24.549333,39.440202,8.4462,5.62,1.502
NVIDIA,4K,Crosswalk_4k,37,fast,0.024362,12111.82,40.238726,26.09744,24.553855,38.374591,8.4136,5.61,1.5
NVIDIA,4K,Crosswalk_4k,22,medium,0.220383,109566.99,43.333515,26.074621,24.551966,41.080987,13.1487,2.02,6.5
NVIDIA,4K,Crosswalk_4k,27,medium,0.075773,37671.74,42.282709,26.097736,24.54586,40.162595,13.0887,2.01,6.496
NVIDIA,4K,Crosswalk_4k,32,medium,0.040101,19936.83,41.309647,26.094118,24.547787,39.31106,12.9698,2.0,6.498
NVIDIA,4K,Crosswalk_4k,37,medium,0.024365,12113.44,40.004671,26.095707,24.552179,38.16958,13.0536,2.01,6.505
NVIDIA,4K,Crosswalk_4k,22,slow,0.220383,109566.99,43.333515,26.074621,24.551966,41.080987,13.055,2.01,6.491
NVIDIA,4K,Crosswalk_4k,27,slow,0.075773,37671.74,42.282709,26.097736,24.54586,40.162595,12.9287,1.99,6.499
NVIDIA,4K,Crosswalk_4k,32,slow,0.040101,19936.83,41.309647,26.094118,24.547787,39.31106,12.9114,1.99,6.49
NVIDIA,4K,Crosswalk_4k,37,slow,0.024365,12113.44,40.004671,26.095707,24.552179,38.16958,12.9536,1.99,6.499
NVIDIA,4K,FoodMarket2_4k,22,ultrafast,0.411979,204822.38,44.351465,24.186025,24.731034,41.864848,10.0961,4.04,2.5
NVIDIA,4K,FoodMarket2_4k,27,ultrafast,0.230059,114377.75,42.419444,24.199348,24.737997,40.175598,9.5238,4.22,2.267
NVIDIA,4K,FoodMarket2_4k,32,ultrafast,0.132812,66029.75,40.119592,24.208412,24.757778,38.16503,8.951,4.48,1.999
NVIDIA,4K,FoodMarket2_4k,37,ultrafast,0.079022,39286.94,37.581258,24.21813,24.771565,35.945457,8.972,4.49,2.0
NVIDIA,4K,FoodMarket2_4k,22,fast,0.40411,200909.89,44.375812,24.18684,24.730032,41.88614,8.511,5.68,1.499
NVIDIA,4K,FoodMarket2_4k,27,fast,0.225591,112156.26,42.454911,24.201743,24.737023,40.20672,8.5039,5.66,1.501
NVIDIA,4K,FoodMarket2_4k,32,fast,0.129673,64468.89,40.1605,24.209816,24.753655,38.200654,8.466,5.64,1.5
NVIDIA,4K,FoodMarket2_4k,37,fast,0.077132,38347.6,37.64151,24.218977,24.767693,35.997988,8.497,5.66,1.501
NVIDIA,4K,FoodMarket2_4k,22,medium,0.404399,201053.84,44.288909,24.182445,24.726868,41.809627,13.9534,1.99,6.999
NVIDIA,4K,FoodMarket2_4k,27,medium,0.225002,111863.38,42.25225,24.193664,24.732061,40.028577,13.1519,2.02,6.498
NVIDIA,4K,FoodMarket2_4k,32,medium,0.12969,64477.73,39.847325,24.20041,24.749525,37.92578,13.1397,2.02,6.499
NVIDIA,4K,FoodMarket2_4k,37,medium,0.077216,38389.32,37.268189,24.20852,24.762755,35.67037,13.1068,2.02,6.501
NVIDIA,4K,FoodMarket2_4k,22,slow,0.404399,201053.84,44.288909,24.182445,24.726868,41.809627,13.9507,1.99,6.998
NVIDIA,4K,FoodMarket2_4k,27,slow,0.225002,111863.38,42.25225,24.193664,24.732061,40.028577,13.2135,2.03,6.501
NVIDIA,4K,FoodMarket2_4k,32,slow,0.12969,64477.73,39.847325,24.20041,24.749525,37.92578,13.2082,2.03,6.501
NVIDIA,4K,FoodMarket2_4k,37,slow,0.077216,38389.32,37.268189,24.20852,24.762755,35.67037,13.2051,2.03,6.5
NVIDIA,4K,Neon1224_4k,22,ultrafast,0.361952,89975.08,46.139798,17.257519,19.549041,42.672733,10.0383,4.01,2.502
NVIDIA,4K,Neon1224_4k,27,ultrafast,0.204746,50896.39,43.415534,17.260032,19.552569,40.28938,8.8293,4.42,1.999
NVIDIA,4K,Neon1224_4k,32,ultrafast,0.116233,28893.61,40.83927,17.267031,19.552777,38.035599,8.9079,4.45,2.0
NVIDIA,4K,Neon1224_4k,37,ultrafast,0.070064,17416.67,38.362055,17.273731,19.553078,35.868474,8.9351,4.47,1.999
NVIDIA,4K,Neon1224_4k,22,fast,0.367578,91373.66,45.810032,17.257362,19.549663,42.384217,8.3653,5.61,1.492
NVIDIA,4K,Neon1224_4k,27,fast,0.205246,51020.65,43.155588,17.260949,19.552965,40.062009,8.4676,5.64,1.501
NVIDIA,4K,Neon1224_4k,32,fast,0.115757,28775.32,40.629941,17.267678,19.552828,37.85248,8.4178,5.61,1.499
NVIDIA,4K,Neon1224_4k,37,fast,0.069294,17225.28,38.175606,17.2724,19.552213,35.705194,8.4935,5.67,1.499
NVIDIA,4K,Neon1224_4k,22,medium,0.348476,86625.32,46.327065,17.255774,19.548336,42.836439,13.2901,1.98,6.7
NVIDIA,4K,Neon1224_4k,27,medium,0.199597,49616.42,43.605065,17.256824,19.550946,40.454918,13.1738,2.03,6.505
NVIDIA,4K,Neon1224_4k,32,medium,0.113019,28094.53,40.882676,17.262783,19.550172,38.073151,12.9522,1.99,6.5
NVIDIA,4K,Neon1224_4k,37,medium,0.067302,16730.21,38.229387,17.267068,19.550249,35.751796,13.1624,2.02,6.505
NVIDIA,4K,Neon1224_4k,22,slow,0.348476,86625.32,46.327065,17.255774,19.548336,42.836439,13.4567,1.99,6.767
NVIDIA,4K,Neon1224_4k,27,slow,0.199597,49616.42,43.605065,17.256824,19.550946,40.454918,12.9711,2.0,6.495
NVIDIA,4K,Neon1224_4k,32,slow,0.113019,28094.53,40.882676,17.262783,19.550172,38.073151,12.957,1.99,6.502
NVIDIA,4K,Neon1224_4k,37,slow,0.067302,16730.21,38.229387,17.267068,19.550249,35.751796,13.1415,2.02,6.498
NVIDIA,4K,NocturneDance_4k,22,ultrafast,0.422767,210395.98,47.034519,17.313467,17.209104,43.312865,10.1659,4.07,2.499
NVIDIA,4K,NocturneDance_4k,27,ultrafast,0.236006,117451.54,44.152558,17.308057,17.213226,40.791068,8.9581,4.48,2.0
NVIDIA,4K,NocturneDance_4k,32,ultrafast,0.128221,63811.07,41.095715,17.29674,17.21591,38.115791,8.9553,4.48,2.001
NVIDIA,4K,NocturneDance_4k,37,ultrafast,0.067256,33470.77,38.083792,17.295756,17.217739,35.480411,9.1168,4.56,2.0
NVIDIA,4K,NocturneDance_4k,22,fast,0.425283,211648.14,47.000426,17.314818,17.210033,43.283176,8.5402,5.69,1.5
NVIDIA,4K,NocturneDance_4k,27,fast,0.236306,117600.82,44.105541,17.309952,17.214921,40.750153,8.5608,5.71,1.5
NVIDIA,4K,NocturneDance_4k,32,fast,0.127296,63350.45,40.993076,17.297289,17.218172,38.026158,8.5582,5.71,1.5
NVIDIA,4K,NocturneDance_4k,37,fast,0.066044,32867.95,37.981948,17.294403,17.219132,35.3913,8.5467,5.7,1.5
NVIDIA,4K,NocturneDance_4k,22,medium,0.416851,207451.54,46.847611,17.310698,17.208358,43.149101,13.2457,2.04,6.497
NVIDIA,4K,NocturneDance_4k,27,medium,0.233264,116087.26,43.914243,17.304426,17.21248,40.582269,13.2895,2.04,6.502
NVIDIA,4K,NocturneDance_4k,32,medium,0.127021,63213.82,40.731228,17.292115,17.215256,37.796535,13.212,2.03,6.499
NVIDIA,4K,NocturneDance_4k,37,medium,0.066455,33072.37,37.713784,17.291409,17.21725,35.156352,13.1684,2.03,6.5
NVIDIA,4K,NocturneDance_4k,22,slow,0.416851,207451.54,46.847611,17.310698,17.208358,43.149101,13.3742,2.06,6.503
NVIDIA,4K,NocturneDance_4k,27,slow,0.233264,116087.26,43.914243,17.304426,17.21248,40.582269,13.2943,2.04,6.504
NVIDIA,4K,NocturneDance_4k,32,slow,0.127021,63213.82,40.731228,17.292115,17.215256,37.796535,13.2215,2.03,6.497
NVIDIA,4K,NocturneDance_4k,37,slow,0.066455,33072.37,37.713784,17.291409,17.21725,35.156352,13.1773,2.03,6.503
NVIDIA,4K,PierSeaSide_4k,22,ultrafast,0.271582,67510.83,45.675685,20.609724,23.852555,42.745117,9.0159,4.51,1.998
NVIDIA,4K,PierSeaSide_4k,27,ultrafast,0.144609,35947.46,43.966494,20.603318,23.886642,41.251305,9.0448,4.52,2.0
NVIDIA,4K,PierSeaSide_4k,32,ultrafast,0.083044,20643.35,41.882717,20.611167,23.882002,39.4282,9.0698,4.53,2.0
NVIDIA,4K,PierSeaSide_4k,37,ultrafast,0.049156,12219.47,39.494765,20.610295,23.885841,37.338928,9.0875,4.54,2.0
NVIDIA,4K,PierSeaSide_4k,22,fast,0.269628,67024.96,45.670284,20.610064,23.85416,42.740513,8.5845,5.72,1.5
NVIDIA,4K,PierSeaSide_4k,27,fast,0.143255,35610.87,43.950741,20.603388,23.890717,41.23778,8.6112,5.74,1.499
NVIDIA,4K,PierSeaSide_4k,32,fast,0.081899,20358.8,41.848595,20.610219,23.885549,39.398506,8.6102,5.74,1.5
NVIDIA,4K,PierSeaSide_4k,37,fast,0.048312,12009.47,39.477794,20.610696,23.884255,37.324004,8.5856,5.73,1.5
NVIDIA,4K,PierSeaSide_4k,22,medium,0.264227,65682.29,45.677406,20.608826,23.845474,42.746124,13.3318,2.05,6.502
NVIDIA,4K,PierSeaSide_4k,27,medium,0.140367,34892.8,43.927957,20.603281,23.876649,41.216958,13.1542,2.03,6.493
NVIDIA,4K,PierSeaSide_4k,32,medium,0.080732,20068.66,41.739281,20.609716,23.870002,39.301853,13.2765,2.04,6.498
NVIDIA,4K,PierSeaSide_4k,37,medium,0.048012,11934.88,39.267171,20.60963,23.869611,37.138727,13.2617,2.04,6.501
NVIDIA,4K,PierSeaSide_4k,22,slow,0.264227,65682.29,45.677406,20.608826,23.845474,42.746124,13.2578,2.04,6.498
NVIDIA,4K,PierSeaSide_4k,27,slow,0.140367,34892.8,43.927957,20.603281,23.876649,41.216958,13.27,2.04,6.499
NVIDIA,4K,PierSeaSide_4k,32,slow,0.080732,20068.66,41.739281,20.609716,23.870002,39.301853,13.3017,2.05,6.5
NVIDIA,4K,PierSeaSide_4k,37,slow,0.048012,11934.88,39.267171,20.60963,23.869611,37.138727,13.1386,2.02,6.49
NVIDIA,4K,Tango_4k,22,ultrafast,0.428278,212925.41,41.788772,23.846058,21.01906,39.369245,10.2229,4.09,2.5
NVIDIA,4K,Tango_4k,27,ultrafast,0.144502,71841.44,40.221451,23.855116,21.013639,37.998067,9.0954,4.55,2.0
NVIDIA,4K,Tango_4k,32,ultrafast,0.070012,34807.75,39.215221,23.864952,21.019859,37.118619,9.1224,4.56,2.0
NVIDIA,4K,Tango_4k,37,ultrafast,0.041576,20670.35,37.970735,23.871454,21.023045,36.030299,9.1783,4.59,2.0
NVIDIA,4K,Tango_4k,22,fast,0.429405,213485.79,41.826298,23.847239,21.01849,39.402119,8.6533,5.77,1.5
NVIDIA,4K,Tango_4k,27,fast,0.140106,69655.82,40.224768,23.857521,21.012735,38.001063,8.5738,5.71,1.5
NVIDIA,4K,Tango_4k,32,fast,0.068037,33825.71,39.234688,23.864847,21.018815,37.135581,8.675,5.78,1.5
NVIDIA,4K,Tango_4k,37,fast,0.040352,20061.71,38.007389,23.870583,21.024895,36.062433,8.6801,5.79,1.5
NVIDIA,4K,Tango_4k,22,medium,0.429592,213578.9,41.844766,23.845235,21.01737,39.418083,14.2483,2.04,6.999
NVIDIA,4K,Tango_4k,27,medium,0.139786,69497.13,40.1952,23.8529,21.012624,37.974895,13.4175,2.06,6.503
NVIDIA,4K,Tango_4k,32,medium,0.067595,33606.23,39.114996,23.860293,21.018633,37.030554,13.3192,2.05,6.501
NVIDIA,4K,Tango_4k,37,medium,0.040161,19966.87,37.810385,23.865913,21.023567,35.889679,13.2784,2.04,6.501
NVIDIA,4K,Tango_4k,22,slow,0.429592,213578.9,41.844766,23.845235,21.01737,39.418083,14.0446,2.05,6.867
NVIDIA,4K,Tango_4k,27,slow,0.139786,69497.13,40.1952,23.8529,21.012624,37.974895,13.3681,2.06,6.499
NVIDIA,4K,Tango_4k,32,slow,0.067595,33606.23,39.114996,23.860293,21.018633,37.030554,13.2135,2.03,6.5
NVIDIA,4K,Tango_4k,37,slow,0.040161,19966.87,37.810385,23.865913,21.023567,35.889679,13.1884,2.03,6.5
NVIDIA,4K,TimeLapse_4k,22,ultrafast,0.510906,254005.39,44.080308,28.435817,27.863,42.088946,10.227,4.09,2.5
NVIDIA,4K,TimeLapse_4k,27,ultrafast,0.281636,140020.2,41.506144,28.4544,27.883025,39.838965,9.0096,4.5,2.0
NVIDIA,4K,TimeLapse_4k,32,ultrafast,0.155762,77439.92,38.851122,28.459782,27.910414,37.517869,9.0383,4.52,2.0
NVIDIA,4K,TimeLapse_4k,37,ultrafast,0.084248,41885.38,36.202163,28.461968,27.940433,35.202043,9.0942,4.55,2.0
NVIDIA,4K,TimeLapse_4k,22,fast,0.508698,252907.78,44.042047,28.440053,27.865455,42.055885,8.661,5.77,1.5
NVIDIA,4K,TimeLapse_4k,27,fast,0.279804,139109.47,41.479581,28.461017,27.888625,39.816486,8.5529,5.7,1.499
NVIDIA,4K,TimeLapse_4k,32,fast,0.153883,76505.51,38.807937,28.462167,27.91512,37.480525,8.5992,5.73,1.5
NVIDIA,4K,TimeLapse_4k,37,fast,0.082597,41064.41,36.172007,28.461153,27.941164,35.175651,8.6478,5.77,1.5
NVIDIA,4K,TimeLapse_4k,22,medium,0.503571,250358.84,44.113595,28.434043,27.85346,42.117365,14.0996,2.01,7.002
NVIDIA,4K,TimeLapse_4k,27,medium,0.275815,137125.9,41.480223,28.448756,27.872214,39.815256,13.2316,2.04,6.494
NVIDIA,4K,TimeLapse_4k,32,medium,0.151866,75502.55,38.728668,28.453972,27.898378,37.409606,13.3854,2.06,6.503
NVIDIA,4K,TimeLapse_4k,37,medium,0.082,40767.79,36.014248,28.452145,27.923431,35.035941,13.2662,2.04,6.502
NVIDIA,4K,TimeLapse_4k,22,slow,0.503571,250358.84,44.113595,28.434043,27.85346,42.117365,14.086,2.01,7.001
NVIDIA,4K,TimeLapse_4k,27,slow,0.275815,137125.9,41.480223,28.448756,27.872214,39.815256,13.4118,2.06,6.502
NVIDIA,4K,TimeLapse_4k,32,slow,0.151866,75502.55,38.728668,28.453972,27.898378,37.409606,13.4036,2.06,6.5
NVIDIA,4K,TimeLapse_4k,37,slow,0.082,40767.79,36.014248,28.452145,27.923431,35.035941,13.2327,1.75,11.5
NVIDIA,1080p,Boat_2k,22,ultrafast,1.608547,199929.0,41.785839,22.643844,22.465405,39.381937,5.3044,3.54,1.499
NVIDIA,1080p,Boat_2k,27,ultrafast,1.010533,125600.88,38.030513,22.658992,22.48799,36.098385,4.8045,3.84,1.25
NVIDIA,1080p,Boat_2k,32,ultrafast,0.605395,75245.59,34.383362,22.685268,22.510139,32.910155,4.7367,3.79,1.25
NVIDIA,1080p,Boat_2k,37,ultrafast,0.347806,43229.35,31.065388,22.722034,22.540804,30.011142,4.7005,3.76,1.25
NVIDIA,1080p,Boat_2k,22,fast,1.602485,199175.56,41.830529,22.644407,22.464702,39.421032,5.2442,3.49,1.501
NVIDIA,1080p,Boat_2k,27,fast,1.005281,124948.11,38.077217,22.659423,22.487198,36.139229,5.1671,3.45,1.499
NVIDIA,1080p,Boat_2k,32,fast,0.601249,74730.25,34.444783,22.687409,22.5078,32.963886,5.1635,3.44,1.5
NVIDIA,1080p,Boat_2k,37,fast,0.345043,42885.93,31.139909,22.715482,22.534314,30.075533,5.1289,3.42,1.5
NVIDIA,1080p,Boat_2k,22,medium,1.611827,200336.78,41.906253,22.635985,22.455362,39.486181,7.1047,3.55,2.0
NVIDIA,1080p,Boat_2k,27,medium,1.016745,126372.96,38.125252,22.646629,22.469668,36.179364,7.1246,3.56,2.001
NVIDIA,1080p,Boat_2k,32,medium,0.608637,75648.56,34.430618,22.67328,22.491272,32.949575,6.3926,4.26,1.501
NVIDIA,1080p,Boat_2k,37,medium,0.347444,43184.45,31.037965,22.703744,22.516401,29.984478,6.3724,4.25,1.5
NVIDIA,1080p,Boat_2k,22,slow,1.611827,200336.78,41.906253,22.635985,22.455362,39.486181,7.1358,3.57,2.0
NVIDIA,1080p,Boat_2k,27,slow,1.016745,126372.96,38.125252,22.646629,22.469668,36.179364,6.8668,3.79,1.833
NVIDIA,1080p,Boat_2k,32,slow,0.608637,75648.56,34.430618,22.67328,22.491272,32.949575,6.3672,4.24,1.5
NVIDIA,1080p,Boat_2k,37,slow,0.347444,43184.45,31.037965,22.703744,22.516401,29.984478,6.3417,4.23,1.5
NVIDIA,1080p,FoodMarket_2k,22,ultrafast,0.81784,101650.72,41.375927,27.097054,28.32799,39.668001,4.7347,3.78,1.252
NVIDIA,1080p,FoodMarket_2k,27,ultrafast,0.366377,45537.63,38.940337,27.132194,28.36031,37.541076,4.6762,3.74,1.25
NVIDIA,1080p,FoodMarket_2k,32,ultrafast,0.184605,22944.9,36.878321,27.178469,28.394369,35.741833,4.7031,3.76,1.25
NVIDIA,1080p,FoodMarket_2k,37,ultrafast,0.095439,11862.22,34.754288,27.212935,28.402995,33.885998,4.7333,3.79,1.25
NVIDIA,1080p,FoodMarket_2k,22,fast,0.812819,101026.7,41.408037,27.094868,28.329202,39.696037,5.091,3.39,1.501
NVIDIA,1080p,FoodMarket_2k,27,fast,0.362565,45063.85,38.982716,27.129142,28.360598,37.577985,5.07,3.38,1.5
NVIDIA,1080p,FoodMarket_2k,32,fast,0.182035,22625.44,36.944231,27.177773,28.390734,35.799234,5.1213,3.41,1.5
NVIDIA,1080p,FoodMarket_2k,37,fast,0.0938,11658.57,34.835674,27.215035,28.400506,33.957186,5.109,3.41,1.5
NVIDIA,1080p,FoodMarket_2k,22,medium,0.814826,101276.16,41.443303,27.082642,28.318275,39.725447,7.1019,3.55,2.0
NVIDIA,1080p,FoodMarket_2k,27,medium,0.36063,44823.37,38.94646,27.113748,28.349791,37.544624,6.3778,4.25,1.5
NVIDIA,1080p,FoodMarket_2k,32,medium,0.180555,22441.46,36.79088,27.15644,28.376851,35.662851,6.3218,4.21,1.5
NVIDIA,1080p,FoodMarket_2k,37,medium,0.09323,11587.77,34.611828,27.19311,28.387806,33.759157,6.3586,4.24,1.5
NVIDIA,1080p,FoodMarket_2k,22,slow,0.814826,101276.16,41.443303,27.082642,28.318275,39.725447,6.8418,3.78,1.832
NVIDIA,1080p,FoodMarket_2k,27,slow,0.36063,44823.37,38.94646,27.113748,28.349791,37.544624,6.3553,4.24,1.5
NVIDIA,1080p,FoodMarket_2k,32,slow,0.180555,22441.46,36.79088,27.15644,28.376851,35.662851,6.3658,4.24,1.5
NVIDIA,1080p,FoodMarket_2k,37,slow,0.09323,11587.77,34.611828,27.19311,28.387806,33.759157,6.3796,4.25,1.501
NVIDIA,1080p,MeridianTalk_sdr_2k,22,ultrafast,0.34076,42353.68,43.035567,28.07851,26.879904,41.091022,4.6791,3.74,1.25
NVIDIA,1080p,MeridianTalk_sdr_2k,27,ultrafast,0.138911,17265.45,41.524167,28.111363,26.897078,39.771674,4.714,3.77,1.25
NVIDIA,1080p,MeridianTalk_sdr_2k,32,ultrafast,0.072423,9001.53,40.06013,28.1417,26.935549,38.494942,4.745,3.8,1.25
NVIDIA,1080p,MeridianTalk_sdr_2k,37,ultrafast,0.039782,4944.61,38.359914,28.139626,26.965782,37.009013,4.7462,3.8,1.25
NVIDIA,1080p,MeridianTalk_sdr_2k,22,fast,0.330943,41133.43,43.067711,28.078201,26.880162,41.119145,5.097,3.39,1.501
NVIDIA,1080p,MeridianTalk_sdr_2k,27,fast,0.13247,16464.96,41.576948,28.111895,26.898291,39.817966,5.0636,3.38,1.5
NVIDIA,1080p,MeridianTalk_sdr_2k,32,fast,0.068469,8510.15,40.152275,28.148339,26.936328,38.576032,5.1082,3.41,1.5
NVIDIA,1080p,MeridianTalk_sdr_2k,37,fast,0.037762,4693.48,38.49302,28.133255,26.961478,37.124813,5.1006,3.4,1.5
NVIDIA,1080p,MeridianTalk_sdr_2k,22,medium,0.326993,40642.56,43.077912,28.080149,26.875945,41.127929,6.3589,4.24,1.501
NVIDIA,1080p,MeridianTalk_sdr_2k,27,medium,0.130993,16281.3,41.53406,28.112189,26.89053,39.779972,6.3616,4.24,1.5
NVIDIA,1080p,MeridianTalk_sdr_2k,32,medium,0.068077,8461.39,40.010273,28.143579,26.93406,38.451341,6.3565,4.24,1.5
NVIDIA,1080p,MeridianTalk_sdr_2k,37,medium,0.037711,4687.22,38.270187,28.124593,26.964341,36.929472,6.3462,4.23,1.499
NVIDIA,1080p,MeridianTalk_sdr_2k,22,slow,0.326993,40642.56,43.077912,28.080149,26.875945,41.127929,6.3813,4.25,1.5
NVIDIA,1080p,MeridianTalk_sdr_2k,27,slow,0.130993,16281.3,41.53406,28.112189,26.89053,39.779972,6.3492,4.23,1.5
NVIDIA,1080p,MeridianTalk_sdr_2k,32,slow,0.068077,8461.39,40.010273,28.143579,26.93406,38.451341,6.3348,4.22,1.5
NVIDIA,1080p,MeridianTalk_sdr_2k,37,slow,0.037711,4687.22,38.270187,28.124593,26.964341,36.929472,6.3354,4.22,1.5
NVIDIA,1080p,RushFieldCuts_2k,22,ultrafast,1.223609,76042.14,43.548812,26.800866,28.908123,41.587022,5.0287,3.35,1.5
NVIDIA,1080p,RushFieldCuts_2k,27,ultrafast,0.782937,48656.22,39.461746,26.867447,28.938842,38.016921,4.9589,3.55,1.4
NVIDIA,1080p,RushFieldCuts_2k,32,ultrafast,0.445136,27663.33,35.621106,26.958911,29.005179,34.666223,4.6592,3.73,1.25
NVIDIA,1080p,RushFieldCuts_2k,37,ultrafast,0.258097,16039.62,32.533966,27.043596,29.05844,31.973598,4.6269,3.7,1.249
NVIDIA,1080p,RushFieldCuts_2k,22,fast,1.212746,75367.07,43.806373,26.800168,28.908613,41.812375,5.5029,3.14,1.751
NVIDIA,1080p,RushFieldCuts_2k,27,fast,0.781402,48560.82,39.65128,26.863967,28.936273,38.182385,5.3571,3.26,1.649
NVIDIA,1080p,RushFieldCuts_2k,32,fast,0.442786,27517.29,35.736226,26.951808,29.003079,34.766378,5.0063,3.34,1.501
NVIDIA,1080p,RushFieldCuts_2k,37,fast,0.256412,15934.95,32.651933,27.034325,29.057485,32.07618,5.0723,3.38,1.501
NVIDIA,1080p,RushFieldCuts_2k,22,medium,1.212112,75327.69,43.80295,26.765977,28.884025,41.805706,7.0193,3.51,2.0
NVIDIA,1080p,RushFieldCuts_2k,27,medium,0.766883,47658.54,39.493851,26.808791,28.909944,38.039541,7.0303,3.51,2.0
NVIDIA,1080p,RushFieldCuts_2k,32,medium,0.443636,27570.14,35.690468,26.889271,28.976849,34.720792,7.0428,3.52,2.001
NVIDIA,1080p,RushFieldCuts_2k,37,medium,0.25737,15994.44,32.489478,26.970283,29.023664,31.927915,6.3338,4.22,1.5
NVIDIA,1080p,RushFieldCuts_2k,22,slow,1.212112,75327.69,43.80295,26.765977,28.884025,41.805706,7.0231,3.51,2.001
NVIDIA,1080p,RushFieldCuts_2k,27,slow,0.766883,47658.54,39.493851,26.808791,28.909944,38.039541,7.0206,3.51,2.001
NVIDIA,1080p,RushFieldCuts_2k,32,slow,0.443636,27570.14,35.690468,26.889271,28.976849,34.720792,7.0422,3.52,2.0
NVIDIA,1080p,RushFieldCuts_2k,37,slow,0.25737,15994.44,32.489478,26.970283,29.023664,31.927915,6.3248,4.22,1.501
NVIDIA,1080p,ToddlerFountain_2k,22,ultrafast,1.382947,85944.32,41.245454,33.297741,32.727661,40.21636,5.303,3.54,1.5
NVIDIA,1080p,ToddlerFountain_2k,27,ultrafast,0.800012,49717.38,37.623309,33.420798,32.846596,37.062107,4.6675,3.73,1.25
NVIDIA,1080p,ToddlerFountain_2k,32,ultrafast,0.420423,26127.5,34.297044,33.553247,33.008561,34.170026,4.6359,3.71,1.25
NVIDIA,1080p,ToddlerFountain_2k,37,ultrafast,0.203797,12665.15,31.484173,33.663819,33.08774,31.720624,4.7035,3.76,1.25
NVIDIA,1080p,ToddlerFountain_2k,22,fast,1.376106,85519.17,41.295815,33.294304,32.730895,40.260413,5.4689,3.29,1.667
NVIDIA,1080p,ToddlerFountain_2k,27,fast,0.795298,49424.45,37.684285,33.413825,32.846874,37.115043,5.0981,3.4,1.5
NVIDIA,1080p,ToddlerFountain_2k,32,fast,0.417717,25959.37,34.36982,33.542393,33.018457,34.233646,5.0479,3.36,1.501
NVIDIA,1080p,ToddlerFountain_2k,37,fast,0.202254,12569.26,31.559396,33.648181,33.08144,31.785073,5.1176,3.41,1.5
NVIDIA,1080p,ToddlerFountain_2k,22,medium,1.376206,85525.44,41.455432,33.250736,32.691162,40.394872,7.045,3.52,2.001
NVIDIA,1080p,ToddlerFountain_2k,27,medium,0.807485,50181.82,37.867848,33.353289,32.806247,37.269338,6.9924,3.5,2.0
NVIDIA,1080p,ToddlerFountain_2k,32,medium,0.426427,26500.66,34.443923,33.484964,32.957323,34.291076,6.6225,3.95,1.7
NVIDIA,1080p,ToddlerFountain_2k,37,medium,0.20389,12670.91,31.454105,33.618415,33.037043,31.688308,6.3926,4.26,1.5
NVIDIA,1080p,ToddlerFountain_2k,22,slow,1.376206,85525.44,41.455432,33.250736,32.691162,40.394872,7.1011,3.55,1.999
NVIDIA,1080p,ToddlerFountain_2k,27,slow,0.807485,50181.82,37.867848,33.353289,32.806247,37.269338,7.0285,3.51,2.001
NVIDIA,1080p,ToddlerFountain_2k,32,slow,0.426427,26500.66,34.443923,33.484964,32.957323,34.291076,6.6525,3.96,1.7
NVIDIA,1080p,ToddlerFountain_2k,37,slow,0.20389,12670.91,31.454105,33.618415,33.037043,31.688308,6.3507,4.24,1.499
NVIDIA,1080p,TreesAndGrass_2k,22,ultrafast,2.520575,156799.93,40.633755,17.230201,18.377467,37.780015,5.6878,3.25,1.752
NVIDIA,1080p,TreesAndGrass_2k,27,ultrafast,1.738582,108153.69,36.291861,17.230498,18.38932,33.981617,5.3057,3.54,1.5
NVIDIA,1080p,TreesAndGrass_2k,32,ultrafast,1.106325,68822.29,32.023668,17.228089,18.404513,30.247747,4.736,3.79,1.25
NVIDIA,1080p,TreesAndGrass_2k,37,ultrafast,0.636587,39600.8,28.180173,17.228873,18.420989,26.885768,4.7496,3.8,1.25
NVIDIA,1080p,TreesAndGrass_2k,22,fast,2.518975,156700.42,40.697178,17.229868,18.377265,37.835477,5.6647,3.24,1.75
NVIDIA,1080p,TreesAndGrass_2k,27,fast,1.737398,108080.06,36.349206,17.230092,18.388759,34.031733,5.1842,3.46,1.499
NVIDIA,1080p,TreesAndGrass_2k,32,fast,1.105837,68791.9,32.079133,17.226873,18.403264,30.296125,5.2077,3.47,1.501
NVIDIA,1080p,TreesAndGrass_2k,37,fast,0.636458,39592.75,28.231845,17.232083,18.421349,26.931204,5.1618,3.44,1.5
NVIDIA,1080p,TreesAndGrass_2k,22,medium,2.542495,158163.52,40.890071,17.227609,18.372808,38.003838,7.2037,3.6,2.0
NVIDIA,1080p,TreesAndGrass_2k,27,medium,1.778018,110606.95,36.54043,17.227112,18.380971,34.198381,7.1516,3.58,2.0
NVIDIA,1080p,TreesAndGrass_2k,32,medium,1.139377,70878.35,32.243122,17.224142,18.397478,30.439083,7.1161,3.56,2.0
NVIDIA,1080p,TreesAndGrass_2k,37,medium,0.650553,40469.59,28.317996,17.226755,18.414316,27.005813,6.3974,4.26,1.5
NVIDIA,1080p,TreesAndGrass_2k,22,slow,2.542495,158163.52,40.890071,17.227609,18.372808,38.003838,7.2048,3.6,2.0
NVIDIA,1080p,TreesAndGrass_2k,27,slow,1.778018,110606.95,36.54043,17.227112,18.380971,34.198381,7.1124,3.56,2.0
NVIDIA,1080p,TreesAndGrass_2k,32,slow,1.139377,70878.35,32.243122,17.224142,18.397478,30.439083,7.0828,3.54,2.0
NVIDIA,1080p,TreesAndGrass_2k,37,slow,0.650553,40469.59,28.317996,17.226755,18.414316,27.005813,6.3948,4.26,1.5
NVIDIA,1080p,Aerial3200_2k,22,ultrafast,1.211081,150527.34,41.618904,26.633848,25.461761,39.672517,4.7232,3.78,1.25
NVIDIA,1080p,Aerial3200_2k,27,ultrafast,0.668426,83079.78,38.282733,26.682627,25.490669,36.758222,4.6971,3.76,1.25
NVIDIA,1080p,Aerial3200_2k,32,ultrafast,0.346061,43012.52,35.206956,26.730666,25.519967,34.071751,4.7421,3.79,1.251
NVIDIA,1080p,Aerial3200_2k,37,ultrafast,0.171106,21267.02,32.535864,26.77991,25.546181,31.739262,4.7185,3.77,1.251
NVIDIA,1080p,Aerial3200_2k,22,fast,1.209829,150371.77,41.655901,26.631521,25.459979,39.704632,5.175,3.45,1.5
NVIDIA,1080p,Aerial3200_2k,27,fast,0.667028,82906.02,38.330081,26.679121,25.492109,36.799523,5.0766,3.38,1.5
NVIDIA,1080p,Aerial3200_2k,32,fast,0.345312,42919.37,35.274768,26.72638,25.515685,34.130551,5.1109,3.41,1.5
NVIDIA,1080p,Aerial3200_2k,37,fast,0.170688,21215.12,32.612675,26.784654,25.543847,31.806622,5.1012,3.4,1.499
NVIDIA,1080p,Aerial3200_2k,22,medium,1.217748,151355.94,41.667852,26.61497,25.447872,39.713298,7.0922,3.55,1.999
NVIDIA,1080p,Aerial3200_2k,27,medium,0.672945,83641.46,38.331921,26.66043,25.472411,36.798733,6.3578,4.24,1.5
NVIDIA,1080p,Aerial3200_2k,32,medium,0.346934,43121.01,35.155589,26.715745,25.497404,34.024462,6.3767,4.25,1.499
NVIDIA,1080p,Aerial3200_2k,37,medium,0.170166,21150.21,32.371726,26.758591,25.527433,31.593137,6.4064,4.27,1.5
NVIDIA,1080p,Aerial3200_2k,22,slow,1.217748,151355.94,41.667852,26.61497,25.447872,39.713298,7.1671,3.58,2.002
NVIDIA,1080p,Aerial3200_2k,27,slow,0.672945,83641.46,38.331921,26.66043,25.472411,36.798733,6.3714,4.25,1.501
NVIDIA,1080p,Aerial3200_2k,32,slow,0.346934,43121.01,35.155589,26.715745,25.497404,34.024462,6.3725,4.24,1.501
NVIDIA,1080p,Aerial3200_2k,37,slow,0.170166,21150.21,32.371726,26.758591,25.527433,31.593137,6.3831,4.25,1.501
NVIDIA,1080p,CrowdRun_1080p50,22,ultrafast,2.0914,216836.33,40.421112,25.703578,23.621711,38.451304,5.6809,3.25,1.75
NVIDIA,1080p,CrowdRun_1080p50,27,ultrafast,1.247101,129299.44,36.733364,25.761633,23.696792,35.232845,5.3161,3.54,1.501
NVIDIA,1080p,CrowdRun_1080p50,32,ultrafast,0.718183,74461.25,33.304425,25.830317,23.793842,32.242882,4.7195,3.77,1.25
NVIDIA,1080p,CrowdRun_1080p50,37,ultrafast,0.398598,41326.63,30.169526,25.892318,23.902641,29.51052,4.6826,3.75,1.25
NVIDIA,1080p,CrowdRun_1080p50,22,fast,2.083849,216053.48,40.468309,25.702222,23.62043,38.492436,5.6528,3.23,1.75
NVIDIA,1080p,CrowdRun_1080p50,27,fast,1.24156,128724.96,36.788363,25.75982,23.693078,35.280624,5.1208,3.41,1.5
NVIDIA,1080p,CrowdRun_1080p50,32,fast,0.714718,74101.99,33.371594,25.82833,23.788151,32.301175,5.0857,3.39,1.498
NVIDIA,1080p,CrowdRun_1080p50,37,fast,0.396772,41137.31,30.251094,25.892132,23.896695,29.581509,5.0574,3.37,1.501
NVIDIA,1080p,CrowdRun_1080p50,22,medium,2.064386,214035.55,40.597344,25.681812,23.587551,38.602011,7.1661,3.58,2.0
NVIDIA,1080p,CrowdRun_1080p50,27,medium,1.235854,128133.36,36.94016,25.729603,23.635784,35.407977,7.0757,3.54,2.0
NVIDIA,1080p,CrowdRun_1080p50,32,medium,0.719002,74546.16,33.530712,25.794957,23.71563,32.433785,7.0147,3.51,2.0
NVIDIA,1080p,CrowdRun_1080p50,37,medium,0.402803,41762.61,30.34813,25.85706,23.81063,29.658844,6.3572,4.24,1.5
NVIDIA,1080p,CrowdRun_1080p50,22,slow,2.064386,214035.55,40.597344,25.681812,23.587551,38.602011,7.2255,3.61,2.0
NVIDIA,1080p,CrowdRun_1080p50,27,slow,1.235854,128133.36,36.94016,25.729603,23.635784,35.407977,7.0286,3.51,2.0
NVIDIA,1080p,CrowdRun_1080p50,32,slow,0.719002,74546.16,33.530712,25.794957,23.71563,32.433785,7.072,3.54,2.0
NVIDIA,1080p,CrowdRun_1080p50,37,slow,0.402803,41762.61,30.34813,25.85706,23.81063,29.658844,6.3421,4.23,1.5
NVIDIA,1080p,DinnerSceneCropped_2k,22,ultrafast,0.777965,48347.28,40.725708,30.257604,33.126166,39.59648,4.6858,3.75,1.25
NVIDIA,1080p,DinnerSceneCropped_2k,27,ultrafast,0.204501,12708.85,38.074156,30.336812,33.257269,37.289517,4.713,3.77,1.25
NVIDIA,1080p,DinnerSceneCropped_2k,32,ultrafast,0.041194,2560.05,37.158837,30.414936,33.371685,36.500646,4.7352,3.79,1.25
NVIDIA,1080p,DinnerSceneCropped_2k,37,ultrafast,0.020674,1284.83,36.71667,30.433566,33.400962,36.116744,4.5384,3.91,1.167
NVIDIA,1080p,DinnerSceneCropped_2k,22,fast,0.780422,48499.92,40.756184,30.255877,33.125539,39.622999,5.1225,3.41,1.5
NVIDIA,1080p,DinnerSceneCropped_2k,27,fast,0.203866,12669.43,38.095126,30.337457,33.260707,37.308121,5.1102,3.41,1.5
NVIDIA,1080p,DinnerSceneCropped_2k,32,fast,0.040011,2486.53,37.180925,30.410242,33.373266,36.519779,4.8077,3.53,1.367
NVIDIA,1080p,DinnerSceneCropped_2k,37,fast,0.020002,1243.07,36.757958,30.429966,33.402053,36.152714,5.0555,3.37,1.5
NVIDIA,1080p,DinnerSceneCropped_2k,22,medium,0.785819,48835.32,40.797416,30.240349,33.090308,39.655905,6.3698,4.25,1.5
NVIDIA,1080p,DinnerSceneCropped_2k,27,medium,0.20246,12582.03,38.087243,30.325319,33.23781,37.299033,6.3566,4.24,1.5
NVIDIA,1080p,DinnerSceneCropped_2k,32,medium,0.040111,2492.7,37.137933,30.402685,33.358259,36.48075,6.3393,4.23,1.5
NVIDIA,1080p,DinnerSceneCropped_2k,37,medium,0.019975,1241.39,36.674708,30.427798,33.396961,36.079417,6.3313,4.22,1.5
NVIDIA,1080p,DinnerSceneCropped_2k,22,slow,0.785819,48835.32,40.797416,30.240349,33.090308,39.655905,6.3792,4.25,1.5
NVIDIA,1080p,DinnerSceneCropped_2k,27,slow,0.20246,12582.03,38.087243,30.325319,33.23781,37.299033,6.3581,4.24,1.5
NVIDIA,1080p,DinnerSceneCropped_2k,32,slow,0.040111,2492.7,37.137933,30.402685,33.358259,36.48075,6.2705,4.18,1.5
NVIDIA,1080p,DinnerSceneCropped_2k,37,slow,0.019975,1241.39,36.674708,30.427798,33.396961,36.079417,6.3238,4.22,1.5
NVIDIA,1080p,Motorcycle_2k,22,ultrafast,1.443639,89805.92,42.688988,21.770232,22.979492,40.149722,5.1475,3.43,1.5
NVIDIA,1080p,Motorcycle_2k,27,ultrafast,0.957509,59564.75,38.746671,21.791089,22.991765,36.702265,5.219,3.48,1.5
NVIDIA,1080p,Motorcycle_2k,32,ultrafast,0.597066,37142.27,34.826818,21.82376,23.010485,33.275606,4.6554,3.72,1.25
NVIDIA,1080p,Motorcycle_2k,37,ultrafast,0.349468,21739.68,31.227352,21.860089,23.037146,30.13001,4.6692,3.74,1.25
NVIDIA,1080p,Motorcycle_2k,22,fast,1.423399,88546.82,42.774601,21.770173,22.978895,40.224593,5.5706,3.19,1.748
NVIDIA,1080p,Motorcycle_2k,27,fast,0.942971,58660.33,38.844338,21.789995,22.989425,36.787509,5.069,3.38,1.5
NVIDIA,1080p,Motorcycle_2k,32,fast,0.587263,36532.46,34.928643,21.819232,23.012244,33.36453,5.0241,3.35,1.5
NVIDIA,1080p,Motorcycle_2k,37,fast,0.343243,21352.43,31.33163,21.85746,23.030369,30.220666,5.0375,3.36,1.5
NVIDIA,1080p,Motorcycle_2k,22,medium,1.346158,83741.82,43.252171,21.758072,22.973451,40.64137,7.0373,3.52,2.0
NVIDIA,1080p,Motorcycle_2k,27,medium,0.916458,57011.02,39.388983,21.770935,22.981074,37.262361,6.9818,3.49,2.0
NVIDIA,1080p,Motorcycle_2k,32,medium,0.589637,36680.14,35.43146,21.798641,23.000363,33.802465,6.9985,3.5,2.0
NVIDIA,1080p,Motorcycle_2k,37,medium,0.354111,22028.56,31.684491,21.835042,23.021209,30.527445,6.3244,4.22,1.5
NVIDIA,1080p,Motorcycle_2k,22,slow,1.346158,83741.82,43.252171,21.758072,22.973451,40.64137,7.0665,3.53,2.0
NVIDIA,1080p,Motorcycle_2k,27,slow,0.916458,57011.02,39.388983,21.770935,22.981074,37.262361,7.0063,3.5,2.0
NVIDIA,1080p,Motorcycle_2k,32,slow,0.589637,36680.14,35.43146,21.798641,23.000363,33.802465,7.0665,3.53,2.002
NVIDIA,1080p,Motorcycle_2k,37,slow,0.354111,22028.56,31.684491,21.835042,23.021209,30.527445,6.3269,4.22,1.5
NVIDIA,1080p,MountainBike_2k,22,ultrafast,1.286154,80009.09,42.602845,23.469074,22.744442,40.165834,5.238,3.49,1.5
NVIDIA,1080p,MountainBike_2k,27,ultrafast,0.819725,50993.46,38.852991,23.485076,22.753726,36.886292,4.9207,3.66,1.351
NVIDIA,1080p,MountainBike_2k,32,ultrafast,0.490578,30517.89,35.22651,23.507436,22.766998,33.715348,4.7009,3.76,1.25
NVIDIA,1080p,MountainBike_2k,37,ultrafast,0.279358,17378.3,31.913797,23.535745,22.781356,30.819391,4.6848,3.75,1.25
NVIDIA,1080p,MountainBike_2k,22,fast,1.27347,79220.01,42.691017,23.468277,22.745223,40.242984,5.6228,3.21,1.75
NVIDIA,1080p,MountainBike_2k,27,fast,0.811223,50464.54,38.950152,23.484108,22.754312,36.971284,5.0723,3.38,1.501
NVIDIA,1080p,MountainBike_2k,32,fast,0.485127,30178.78,35.329508,23.506918,22.764496,33.805283,5.0772,3.39,1.5
NVIDIA,1080p,MountainBike_2k,37,fast,0.276182,17180.73,32.02146,23.533075,22.782672,30.913512,5.0316,3.36,1.499
NVIDIA,1080p,MountainBike_2k,22,medium,1.219501,75862.7,43.128359,23.459657,22.737672,40.624647,7.0627,3.53,2.0
NVIDIA,1080p,MountainBike_2k,27,medium,0.80221,49903.87,39.38137,23.469628,22.74211,37.346932,7.0601,3.53,2.0
NVIDIA,1080p,MountainBike_2k,32,medium,0.491406,30569.41,35.604943,23.487505,22.751087,34.044237,7.015,3.51,1.999
NVIDIA,1080p,MountainBike_2k,37,medium,0.280302,17437.02,32.08045,23.511752,22.76555,30.962725,6.3376,4.23,1.5
NVIDIA,1080p,MountainBike_2k,22,slow,1.219501,75862.7,43.128359,23.459657,22.737672,40.624647,7.0957,3.55,2.001
NVIDIA,1080p,MountainBike_2k,27,slow,0.80221,49903.87,39.38137,23.469628,22.74211,37.346932,7.0351,3.52,2.0
NVIDIA,1080p,MountainBike_2k,32,slow,0.491406,30569.41,35.604943,23.487505,22.751087,34.044237,6.9826,3.49,2.0
NVIDIA,1080p,MountainBike_2k,37,slow,0.280302,17437.02,32.08045,23.511752,22.76555,30.962725,6.3469,4.23,1.5
NVIDIA,1080p,OldTownCross_1080p50,22,ultrafast,1.53073,158706.07,40.131792,30.192301,28.765369,38.800172,5.2048,3.47,1.499
NVIDIA,1080p,OldTownCross_1080p50,27,ultrafast,0.676157,70103.99,36.734419,30.320604,28.91413,35.844788,4.7173,3.78,1.249
NVIDIA,1080p,OldTownCross_1080p50,32,ultrafast,0.309976,32138.32,34.483725,30.321258,29.0567,33.884382,4.7739,3.81,1.252
NVIDIA,1080p,OldTownCross_1080p50,37,ultrafast,0.161841,16779.65,32.387854,30.321202,29.188725,32.058743,4.7197,3.78,1.249
NVIDIA,1080p,OldTownCross_1080p50,22,fast,1.524714,158082.32,40.164546,30.190749,28.762974,38.828585,5.7095,3.26,1.75
NVIDIA,1080p,OldTownCross_1080p50,27,fast,0.670382,69505.17,36.769885,30.319236,28.911326,35.87556,5.1177,3.41,1.5
NVIDIA,1080p,OldTownCross_1080p50,32,fast,0.306509,31778.87,34.542805,30.319307,29.059344,33.93612,5.1081,3.41,1.499
NVIDIA,1080p,OldTownCross_1080p50,37,fast,0.160016,16590.41,32.466187,30.320489,29.183148,32.126891,5.081,3.39,1.499
NVIDIA,1080p,OldTownCross_1080p50,22,medium,1.525539,158167.85,40.26862,30.164232,28.710387,38.914706,7.1022,3.55,2.003
NVIDIA,1080p,OldTownCross_1080p50,27,medium,0.670029,69468.63,36.86761,30.303071,28.846333,35.955996,7.0837,3.54,1.999
NVIDIA,1080p,OldTownCross_1080p50,32,medium,0.308553,31990.81,34.577628,30.31422,28.992196,33.962075,6.3645,4.24,1.5
NVIDIA,1080p,OldTownCross_1080p50,37,medium,0.160636,16654.79,32.354521,30.31331,29.10482,32.023839,6.3306,4.22,1.5
NVIDIA,1080p,OldTownCross_1080p50,22,slow,1.525539,158167.85,40.26862,30.164232,28.710387,38.914706,7.1316,3.57,1.999
NVIDIA,1080p,OldTownCross_1080p50,27,slow,0.670029,69468.63,36.86761,30.303071,28.846333,35.955996,7.1214,3.56,2.0
NVIDIA,1080p,OldTownCross_1080p50,32,slow,0.308553,31990.81,34.577628,30.31422,28.992196,33.962075,6.3166,4.21,1.5
NVIDIA,1080p,OldTownCross_1080p50,37,slow,0.160636,16654.79,32.354521,30.31331,29.10482,32.023839,6.3815,4.26,1.5
NVIDIA,1080p,PedestrianArea_1080p25,22,ultrafast,0.423666,21962.83,43.455532,28.972907,31.354299,41.794041,4.7063,3.77,1.25
NVIDIA,1080p,PedestrianArea_1080p25,27,ultrafast,0.200601,10399.15,41.680185,29.009981,31.378499,40.244442,4.6923,3.76,1.249
NVIDIA,1080p,PedestrianArea_1080p25,32,ultrafast,0.113245,5870.62,39.814312,29.055804,31.42846,38.61779,4.7536,3.8,1.25
NVIDIA,1080p,PedestrianArea_1080p25,37,ultrafast,0.066679,3456.63,37.648867,29.107673,31.470704,36.728907,4.8138,3.85,1.25
NVIDIA,1080p,PedestrianArea_1080p25,22,fast,0.415198,21523.88,43.491584,28.972515,31.352078,41.825423,5.1058,3.4,1.5
NVIDIA,1080p,PedestrianArea_1080p25,27,fast,0.194893,10103.23,41.742133,29.008668,31.379685,40.298638,5.0991,3.4,1.501
NVIDIA,1080p,PedestrianArea_1080p25,32,fast,0.109507,5676.83,39.90663,29.049341,31.426803,38.69806,5.1796,3.45,1.5
NVIDIA,1080p,PedestrianArea_1080p25,37,fast,0.064299,3333.25,37.772972,29.106826,31.470801,36.837452,4.9234,3.57,1.384
NVIDIA,1080p,PedestrianArea_1080p25,22,medium,0.409566,21231.88,43.476701,28.958467,31.340397,41.810792,6.3067,4.21,1.499
NVIDIA,1080p,PedestrianArea_1080p25,27,medium,0.192636,9986.26,41.644079,28.986155,31.364003,40.210454,6.3402,4.23,1.5
NVIDIA,1080p,PedestrianArea_1080p25,32,medium,0.108771,5638.69,39.664424,29.024917,31.401998,38.483053,6.3283,4.22,1.499
NVIDIA,1080p,PedestrianArea_1080p25,37,medium,0.064152,3325.65,37.439915,29.076511,31.448548,36.542742,6.331,4.22,1.499
NVIDIA,1080p,PedestrianArea_1080p25,22,slow,0.409566,21231.88,43.476701,28.958467,31.340397,41.810792,6.3747,4.24,1.503
NVIDIA,1080p,PedestrianArea_1080p25,27,slow,0.192636,9986.26,41.644079,28.986155,31.364003,40.210454,6.3449,4.23,1.5
NVIDIA,1080p,PedestrianArea_1080p25,32,slow,0.108771,5638.69,39.664424,29.024917,31.401998,38.483053,6.359,4.24,1.499
NVIDIA,1080p,PedestrianArea_1080p25,37,slow,0.064152,3325.65,37.439915,29.076511,31.448548,36.542742,6.3598,4.24,1.5
NVIDIA,1080p,RitualDance_2k,22,ultrafast,0.306664,38115.79,46.759462,26.157796,24.514524,44.081549,4.6833,3.74,1.251
NVIDIA,1080p,RitualDance_2k,27,ultrafast,0.184061,22877.22,44.307705,26.178833,24.508432,41.937196,4.7352,3.79,1.25
NVIDIA,1080p,RitualDance_2k,32,ultrafast,0.109218,13574.94,41.496654,26.191714,24.52656,39.479464,4.7126,3.77,1.25
NVIDIA,1080p,RitualDance_2k,37,ultrafast,0.064351,7998.35,38.610794,26.196256,24.547137,36.955907,4.7814,3.83,1.25
NVIDIA,1080p,RitualDance_2k,22,fast,0.296668,36873.35,46.828553,26.159009,24.514513,44.142079,5.0397,3.36,1.5
NVIDIA,1080p,RitualDance_2k,27,fast,0.177419,22051.74,44.414947,26.180184,24.509141,42.031161,5.0756,3.38,1.5
NVIDIA,1080p,RitualDance_2k,32,fast,0.104953,13044.8,41.643197,26.191019,24.529526,39.607831,5.1175,3.41,1.502
NVIDIA,1080p,RitualDance_2k,37,fast,0.061914,7695.39,38.788919,26.196468,24.544563,37.111619,5.0987,3.4,1.5
NVIDIA,1080p,RitualDance_2k,22,medium,0.284593,35372.53,46.841974,26.156094,24.50699,44.15317,6.278,4.19,1.5
NVIDIA,1080p,RitualDance_2k,27,medium,0.171939,21370.58,44.392682,26.174602,24.502838,42.010937,6.3363,4.22,1.5
NVIDIA,1080p,RitualDance_2k,32,medium,0.102936,12794.09,41.512753,26.186938,24.517121,39.492663,6.3432,4.23,1.5
NVIDIA,1080p,RitualDance_2k,37,medium,0.061256,7613.67,38.486132,26.17981,24.533483,36.844946,6.3387,4.23,1.5
NVIDIA,1080p,RitualDance_2k,22,slow,0.284593,35372.53,46.841974,26.156094,24.50699,44.15317,6.3007,4.2,1.499
NVIDIA,1080p,RitualDance_2k,27,slow,0.171939,21370.58,44.392682,26.174602,24.502838,42.010937,6.3314,4.22,1.5
NVIDIA,1080p,RitualDance_2k,32,slow,0.102936,12794.09,41.512753,26.186938,24.517121,39.492663,6.3146,4.21,1.5
NVIDIA,1080p,RitualDance_2k,37,slow,0.061256,7613.67,38.486132,26.17981,24.533483,36.844946,6.3482,4.23,1.5
NVIDIA,1080p,Riverbed_1080p25,22,ultrafast,0.836962,43388.13,42.314246,28.685341,30.387671,40.717028,4.7924,3.83,1.25
NVIDIA,1080p,Riverbed_1080p25,27,ultrafast,0.44237,22932.48,39.720047,28.75031,30.446885,38.454866,4.8124,3.85,1.25
NVIDIA,1080p,Riverbed_1080p25,32,ultrafast,0.24587,12745.9,37.141214,28.820703,30.514696,36.207025,4.8533,3.88,1.25
NVIDIA,1080p,Riverbed_1080p25,37,ultrafast,0.137724,7139.6,34.528091,28.880656,30.580883,33.928426,4.8148,3.85,1.251
NVIDIA,1080p,Riverbed_1080p25,22,fast,0.835924,43334.32,42.355268,28.682279,30.386896,40.752683,5.1603,3.44,1.5
NVIDIA,1080p,Riverbed_1080p25,27,fast,0.441257,22874.76,39.772656,28.745115,30.445129,38.500464,5.1799,3.45,1.5
NVIDIA,1080p,Riverbed_1080p25,32,fast,0.244707,12685.59,37.215794,28.814462,30.516593,36.272011,5.2115,3.47,1.5
NVIDIA,1080p,Riverbed_1080p25,37,fast,0.136824,7092.97,34.613277,28.883481,30.571544,34.002556,4.9893,3.53,1.417
NVIDIA,1080p,Riverbed_1080p25,22,medium,0.840833,43588.79,42.308875,28.661019,30.366375,40.709478,6.4107,4.27,1.5
NVIDIA,1080p,Riverbed_1080p25,27,medium,0.441388,22881.53,39.630961,28.723547,30.42588,38.37393,6.3854,4.25,1.501
NVIDIA,1080p,Riverbed_1080p25,32,medium,0.243938,12645.77,36.945619,28.796441,30.488248,36.03271,6.4318,4.29,1.501
NVIDIA,1080p,Riverbed_1080p25,37,medium,0.136382,7070.03,34.278179,28.86161,30.547769,33.706493,6.4101,4.27,1.5
NVIDIA,1080p,Riverbed_1080p25,22,slow,0.840833,43588.79,42.308875,28.661019,30.366375,40.709478,6.4294,4.29,1.5
NVIDIA,1080p,Riverbed_1080p25,27,slow,0.441388,22881.53,39.630961,28.723547,30.42588,38.37393,6.4041,4.27,1.499
NVIDIA,1080p,Riverbed_1080p25,32,slow,0.243938,12645.77,36.945619,28.796441,30.488248,36.03271,6.3958,4.26,1.5
NVIDIA,1080p,Riverbed_1080p25,37,slow,0.136382,7070.03,34.278179,28.86161,30.547769,33.706493,6.362,4.25,1.498
NVIDIA,1080p,Skater227_2k,22,ultrafast,0.116454,7244.38,48.61658,29.806467,29.941602,46.273762,4.7736,3.82,1.25
NVIDIA,1080p,Skater227_2k,27,ultrafast,0.065308,4062.66,46.884354,29.800755,29.95747,44.758699,4.7652,3.81,1.25
NVIDIA,1080p,Skater227_2k,32,ultrafast,0.037459,2330.25,44.861378,29.809864,29.998187,42.991709,4.7896,3.83,1.25
NVIDIA,1080p,Skater227_2k,37,ultrafast,0.022482,1398.55,42.636352,29.803385,30.037422,41.046858,4.7455,3.8,1.25
NVIDIA,1080p,Skater227_2k,22,fast,0.113157,7039.3,48.663817,29.804631,29.94144,46.314969,4.9986,3.5,1.434
NVIDIA,1080p,Skater227_2k,27,fast,0.063344,3940.51,46.968101,29.803155,29.956265,44.832052,4.7948,3.57,1.349
NVIDIA,1080p,Skater227_2k,32,fast,0.036397,2264.17,44.980172,29.809844,29.998543,43.095675,4.819,3.58,1.349
NVIDIA,1080p,Skater227_2k,37,fast,0.021823,1357.55,42.776764,29.801336,30.028769,41.16905,4.5547,3.64,1.25
NVIDIA,1080p,Skater227_2k,22,medium,0.112696,7010.62,48.576696,29.804438,29.940086,46.238642,6.3438,4.23,1.501
NVIDIA,1080p,Skater227_2k,27,medium,0.063359,3941.43,46.777705,29.800145,29.955211,44.665202,6.3444,4.23,1.5
NVIDIA,1080p,Skater227_2k,32,medium,0.036425,2265.95,44.67149,29.804534,29.992729,42.824883,6.3926,4.26,1.5
NVIDIA,1080p,Skater227_2k,37,medium,0.021866,1360.23,42.393329,29.799133,30.01881,40.832784,6.3189,4.21,1.501
NVIDIA,1080p,Skater227_2k,22,slow,0.112696,7010.62,48.576696,29.804438,29.940086,46.238642,6.3206,4.21,1.501
NVIDIA,1080p,Skater227_2k,27,slow,0.063359,3941.43,46.777705,29.800145,29.955211,44.665202,6.3504,4.23,1.5
NVIDIA,1080p,Skater227_2k,32,slow,0.036425,2265.95,44.67149,29.804534,29.992729,42.824883,6.3241,4.22,1.5
NVIDIA,1080p,Skater227_2k,37,slow,0.021866,1360.23,42.393329,29.799133,30.01881,40.832784,6.2943,4.19,1.501
NVIDIA,1080p,TunnelFlag_2k,22,ultrafast,0.940225,116862.23,42.60865,23.15019,25.294485,40.310361,4.7591,3.81,1.25
NVIDIA,1080p,TunnelFlag_2k,27,ultrafast,0.560636,69682.35,39.657146,23.128482,25.315438,37.727748,4.7007,3.76,1.25
NVIDIA,1080p,TunnelFlag_2k,32,ultrafast,0.327762,40738.13,36.669997,23.145337,25.33636,35.116353,4.7331,3.79,1.25
NVIDIA,1080p,TunnelFlag_2k,37,ultrafast,0.191076,23749.15,33.773111,23.151495,25.366228,32.58383,4.7559,3.81,1.25
NVIDIA,1080p,TunnelFlag_2k,22,fast,0.902216,112137.99,42.651487,23.152049,25.292712,40.347849,5.1638,3.44,1.499
NVIDIA,1080p,TunnelFlag_2k,27,fast,0.53143,66052.38,39.730951,23.130136,25.313933,37.792336,5.1722,3.44,1.501
NVIDIA,1080p,TunnelFlag_2k,32,fast,0.306718,38122.45,36.783685,23.140636,25.332431,35.215291,5.1147,3.41,1.5
NVIDIA,1080p,TunnelFlag_2k,37,fast,0.176953,21993.73,33.93929,23.150775,25.365874,32.729169,5.1275,3.42,1.498
NVIDIA,1080p,TunnelFlag_2k,22,medium,0.873014,108508.4,42.680896,23.147697,25.282041,40.372643,7.1028,3.55,2.0
NVIDIA,1080p,TunnelFlag_2k,27,medium,0.513373,63807.95,39.75126,23.125332,25.299785,37.808922,6.3954,4.26,1.5
NVIDIA,1080p,TunnelFlag_2k,32,medium,0.297288,36950.46,36.765571,23.137608,25.329562,35.199073,6.3362,4.22,1.5
NVIDIA,1080p,TunnelFlag_2k,37,medium,0.173323,21542.63,33.838006,23.150817,25.366529,32.640589,6.3411,4.23,1.5
NVIDIA,1080p,TunnelFlag_2k,22,slow,0.873014,108508.4,42.680896,23.147697,25.282041,40.372643,6.8743,3.72,1.866
NVIDIA,1080p,TunnelFlag_2k,27,slow,0.513373,63807.95,39.75126,23.125332,25.299785,37.808922,6.3523,4.24,1.498
NVIDIA,1080p,TunnelFlag_2k,32,slow,0.297288,36950.46,36.765571,23.137608,25.329562,35.199073,6.3698,4.25,1.5
NVIDIA,1080p,TunnelFlag_2k,37,slow,0.173323,21542.63,33.838006,23.150817,25.366529,32.640589,6.3631,4.24,1.5
NVIDIA,1080p,Vertical_bees_2k,22,ultrafast,0.534517,33218.01,45.350854,18.87921,20.422668,42.138365,4.7875,3.83,1.249
NVIDIA,1080p,Vertical_bees_2k,27,ultrafast,0.337339,20964.23,42.477217,18.882486,20.425914,39.62434,4.7727,3.82,1.25
NVIDIA,1080p,Vertical_bees_2k,32,ultrafast,0.210586,13087.03,39.35904,18.886721,20.435257,36.896784,4.7862,3.83,1.249
NVIDIA,1080p,Vertical_bees_2k,37,ultrafast,0.129887,8071.91,36.229906,18.891491,20.446086,34.159766,4.845,3.88,1.25
NVIDIA,1080p,Vertical_bees_2k,22,fast,0.525306,32645.58,45.414437,18.87912,20.422392,42.193977,5.188,3.46,1.5
NVIDIA,1080p,Vertical_bees_2k,27,fast,0.330225,20522.11,42.570368,18.881659,20.426218,39.705814,5.2251,3.48,1.501
NVIDIA,1080p,Vertical_bees_2k,32,fast,0.205699,12783.35,39.492707,18.885324,20.434562,37.013612,5.2436,3.49,1.501
NVIDIA,1080p,Vertical_bees_2k,37,fast,0.126996,7892.26,36.383168,18.890396,20.446108,34.293803,5.2119,3.47,1.5
NVIDIA,1080p,Vertical_bees_2k,22,medium,0.51834,32212.68,45.385395,18.876887,20.420426,42.168303,6.4289,4.28,1.5
NVIDIA,1080p,Vertical_bees_2k,27,medium,0.327574,20357.34,42.470993,18.878393,20.422232,39.618408,6.4073,4.27,1.5
NVIDIA,1080p,Vertical_bees_2k,32,medium,0.205252,12755.57,39.299084,18.882421,20.429722,36.843707,6.4138,4.28,1.5
NVIDIA,1080p,Vertical_bees_2k,37,medium,0.12736,7914.86,36.070465,18.885391,20.437288,34.019324,6.4265,4.28,1.5
NVIDIA,1080p,Vertical_bees_2k,22,slow,0.51834,32212.68,45.385395,18.876887,20.420426,42.168303,6.4007,4.27,1.499
NVIDIA,1080p,Vertical_bees_2k,27,slow,0.327574,20357.34,42.470993,18.878393,20.422232,39.618408,6.3751,4.25,1.499
NVIDIA,1080p,Vertical_bees_2k,32,slow,0.205252,12755.57,39.299084,18.882421,20.429722,36.843707,6.3654,4.24,1.5
NVIDIA,1080p,Vertical_bees_2k,37,slow,0.12736,7914.86,36.070465,18.885391,20.437288,34.019324,6.4461,4.3,1.5
NVIDIA,1080p,Vertical_Carnaby_2k,22,ultrafast,0.26093,32431.44,47.703243,20.497851,19.907509,44.265673,4.7727,3.82,1.25
NVIDIA,1080p,Vertical_Carnaby_2k,27,ultrafast,0.153477,19075.93,45.309583,20.504884,19.906097,42.171571,4.806,3.85,1.25
NVIDIA,1080p,Vertical_Carnaby_2k,32,ultrafast,0.094058,11690.57,42.73456,20.515092,19.912436,39.91946,4.8511,3.88,1.25
NVIDIA,1080p,Vertical_Carnaby_2k,37,ultrafast,0.060407,7508.03,39.998393,20.52183,19.915779,37.525944,4.8782,3.9,1.25
NVIDIA,1080p,Vertical_Carnaby_2k,22,fast,0.256481,31878.44,47.777397,20.497736,19.907592,44.330555,5.1911,3.46,1.5
NVIDIA,1080p,Vertical_Carnaby_2k,27,fast,0.15038,18690.93,45.394602,20.503643,19.906705,42.245923,5.2331,3.49,1.5
NVIDIA,1080p,Vertical_Carnaby_2k,32,fast,0.091816,11412.0,42.865517,20.515364,19.912011,40.034038,5.0213,3.56,1.416
NVIDIA,1080p,Vertical_Carnaby_2k,37,fast,0.058838,7313.1,40.164741,20.52172,19.912832,37.671308,4.8656,3.66,1.334
NVIDIA,1080p,Vertical_Carnaby_2k,22,medium,0.2542,31594.9,47.741511,20.495915,19.906127,44.29895,6.4004,4.27,1.5
NVIDIA,1080p,Vertical_Carnaby_2k,27,medium,0.149732,18610.45,45.178665,20.501123,19.905254,42.05673,6.4298,4.29,1.5
NVIDIA,1080p,Vertical_Carnaby_2k,32,medium,0.091676,11394.56,42.425553,20.508549,19.910175,39.648529,6.4016,4.27,1.5
NVIDIA,1080p,Vertical_Carnaby_2k,37,medium,0.058879,7318.12,39.603194,20.51751,19.913586,37.179738,6.3785,4.25,1.5
NVIDIA,1080p,Vertical_Carnaby_2k,22,slow,0.2542,31594.9,47.741511,20.495915,19.906127,44.29895,6.3932,4.26,1.5
NVIDIA,1080p,Vertical_Carnaby_2k,27,slow,0.149732,18610.45,45.178665,20.501123,19.905254,42.05673,6.4061,4.27,1.5
NVIDIA,1080p,Vertical_Carnaby_2k,32,slow,0.091676,11394.56,42.425553,20.508549,19.910175,39.648529,6.4079,4.27,1.5
NVIDIA,1080p,Vertical_Carnaby_2k,37,slow,0.058879,7318.12,39.603194,20.51751,19.913586,37.179738,6.3596,4.24,1.5
NVIDIA,1080p,WalkingInStreet_2k,22,ultrafast,3.248668,202093.11,39.979513,21.670155,27.479861,38.05395,6.0353,3.02,2.001
NVIDIA,1080p,WalkingInStreet_2k,27,ultrafast,2.154431,134022.85,35.695128,21.729867,27.585299,34.315435,5.318,3.55,1.5
NVIDIA,1080p,WalkingInStreet_2k,32,ultrafast,1.321503,82208.06,31.727798,21.794795,27.701866,30.855365,5.0394,4.03,1.252
NVIDIA,1080p,WalkingInStreet_2k,37,ultrafast,0.771318,47982.18,28.179852,21.859045,27.799815,27.761049,4.9094,3.93,1.25
NVIDIA,1080p,WalkingInStreet_2k,22,fast,3.257469,202640.62,40.009392,21.672334,27.480964,38.080299,6.1332,3.07,1.999
NVIDIA,1080p,WalkingInStreet_2k,27,fast,2.161825,134482.81,35.715202,21.729766,27.582993,34.332849,5.3782,3.59,1.499
NVIDIA,1080p,WalkingInStreet_2k,32,fast,1.32475,82410.04,31.748923,21.795688,27.701567,30.873886,5.4521,3.63,1.5
NVIDIA,1080p,WalkingInStreet_2k,37,fast,0.772037,48026.88,28.203686,21.857508,27.801844,27.781935,5.375,3.58,1.5
NVIDIA,1080p,WalkingInStreet_2k,22,medium,3.253218,202376.17,40.312786,21.646518,27.422274,38.340487,7.3059,3.65,2.0
NVIDIA,1080p,WalkingInStreet_2k,27,medium,2.215524,137823.33,35.988694,21.663573,27.462601,34.560493,7.2166,3.61,2.0
NVIDIA,1080p,WalkingInStreet_2k,32,medium,1.367797,85087.91,31.86268,21.722269,27.592721,30.962032,7.1362,3.57,2.0
NVIDIA,1080p,WalkingInStreet_2k,37,medium,0.782191,48658.55,28.135939,21.789432,27.731456,27.714002,6.4293,4.29,1.5
NVIDIA,1080p,WalkingInStreet_2k,22,slow,3.253218,202376.17,40.312786,21.646518,27.422274,38.340487,7.2554,3.63,2.0
NVIDIA,1080p,WalkingInStreet_2k,27,slow,2.215524,137823.33,35.988694,21.663573,27.462601,34.560493,7.2329,3.62,1.999
NVIDIA,1080p,WalkingInStreet_2k,32,slow,1.367797,85087.91,31.86268,21.722269,27.592721,30.962032,7.1539,3.58,2.0
NVIDIA,1080p,WalkingInStreet_2k,37,slow,0.782191,48658.55,28.135939,21.789432,27.731456,27.714002,6.4568,4.3,1.5
NVIDIA,1080p,WorldCup_2k,22,ultrafast,0.327115,20349.19,46.800346,27.298788,25.85291,44.272284,4.6608,3.73,1.25
NVIDIA,1080p,WorldCup_2k,27,ultrafast,0.199286,12397.19,44.102907,27.302302,25.863995,41.912937,4.7293,3.78,1.25
NVIDIA,1080p,WorldCup_2k,32,ultrafast,0.121273,7544.18,41.151839,27.311793,25.876685,39.332139,4.7073,3.77,1.25
NVIDIA,1080p,WorldCup_2k,37,ultrafast,0.073217,4554.71,38.127103,27.344685,25.884886,36.688063,4.7292,3.78,1.25
NVIDIA,1080p,WorldCup_2k,22,fast,0.314564,19568.38,46.878818,27.297591,25.85357,44.340913,5.0231,3.35,1.5
NVIDIA,1080p,WorldCup_2k,27,fast,0.190282,11837.07,44.228611,27.299789,25.863771,42.022757,5.1097,3.41,1.5
NVIDIA,1080p,WorldCup_2k,32,fast,0.115494,7184.64,41.320539,27.31355,25.87563,39.479795,5.1191,3.41,1.5
NVIDIA,1080p,WorldCup_2k,37,fast,0.069468,4321.44,38.321894,27.343172,25.883659,36.858334,5.1403,3.43,1.5
NVIDIA,1080p,WorldCup_2k,22,medium,0.302259,18802.93,46.957087,27.292279,25.849964,44.408841,6.3093,4.21,1.5
NVIDIA,1080p,WorldCup_2k,27,medium,0.18418,11457.44,44.247687,27.293517,25.858961,42.038756,6.3287,4.22,1.5
NVIDIA,1080p,WorldCup_2k,32,medium,0.112851,7020.25,41.218058,27.302503,25.867348,39.388916,6.3256,4.22,1.5
NVIDIA,1080p,WorldCup_2k,37,medium,0.068401,4255.06,38.078873,27.329315,25.87551,36.644315,6.345,4.23,1.5
NVIDIA,1080p,WorldCup_2k,22,slow,0.302259,18802.93,46.957087,27.292279,25.849964,44.408841,6.3279,4.22,1.5
NVIDIA,1080p,WorldCup_2k,27,slow,0.18418,11457.44,44.247687,27.293517,25.858961,42.038756,6.3472,4.23,1.5
NVIDIA,1080p,WorldCup_2k,32,slow,0.112851,7020.25,41.218058,27.302503,25.867348,39.388916,6.3585,4.24,1.5
NVIDIA,1080p,WorldCup_2k,37,slow,0.068401,4255.06,38.078873,27.329315,25.87551,36.644315,6.2898,4.19,1.5
NVIDIA,1080p,WorldCup_far_2k,22,ultrafast,1.010553,62864.49,43.35693,18.743538,20.364847,40.381588,5.0715,3.68,1.383
NVIDIA,1080p,WorldCup_far_2k,27,ultrafast,0.631562,39288.22,39.990011,18.749189,20.378145,37.436718,4.7142,3.77,1.25
NVIDIA,1080p,WorldCup_far_2k,32,ultrafast,0.383946,23884.53,36.627664,18.759254,20.400247,34.496675,4.6943,3.75,1.251
NVIDIA,1080p,WorldCup_far_2k,37,ultrafast,0.228928,14241.13,33.436882,18.765863,20.421493,31.706481,4.7318,3.79,1.25
NVIDIA,1080p,WorldCup_far_2k,22,fast,0.991901,61704.19,43.426404,18.743956,20.363788,40.442338,5.1019,3.4,1.5
NVIDIA,1080p,WorldCup_far_2k,27,fast,0.618,38444.52,40.087504,18.749717,20.37736,37.522008,5.0825,3.39,1.5
NVIDIA,1080p,WorldCup_far_2k,32,fast,0.374686,23308.45,36.756517,18.760453,20.396857,34.609284,5.0913,3.39,1.5
NVIDIA,1080p,WorldCup_far_2k,37,fast,0.223506,13903.86,33.58645,18.767655,20.418693,31.83729,5.1249,3.42,1.5
NVIDIA,1080p,WorldCup_far_2k,22,medium,0.968037,60219.63,43.521646,18.740476,20.355897,40.524964,7.0682,3.53,2.0
NVIDIA,1080p,WorldCup_far_2k,27,medium,0.607849,37813.04,40.145448,18.743479,20.363219,37.571436,7.0352,3.52,2.0
NVIDIA,1080p,WorldCup_far_2k,32,medium,0.371751,23125.91,36.71346,18.751108,20.380612,34.57001,6.3791,4.25,1.501
NVIDIA,1080p,WorldCup_far_2k,37,medium,0.222741,13856.27,33.389075,18.75699,20.397938,31.662624,6.35,4.23,1.5
NVIDIA,1080p,WorldCup_far_2k,22,slow,0.968037,60219.63,43.521646,18.740476,20.355897,40.524964,7.0555,3.53,2.0
NVIDIA,1080p,WorldCup_far_2k,27,slow,0.607849,37813.04,40.145448,18.743479,20.363219,37.571436,7.0531,3.53,2.0
NVIDIA,1080p,WorldCup_far_2k,32,slow,0.371751,23125.91,36.71346,18.751108,20.380612,34.57001,6.3898,4.25,1.503
NVIDIA,1080p,WorldCup_far_2k,37,slow,0.222741,13856.27,33.389075,18.75699,20.397938,31.662624,6.313,4.21,1.499
NVIDIA,720p,ControlledBurn_720p,22,ultrafast,1.430387,39547.34,41.861466,24.747634,25.843642,39.790737,1.8146,4.84,0.375
NVIDIA,720p,ControlledBurn_720p,27,ultrafast,0.931651,25758.28,38.049027,24.764356,25.860163,36.456931,1.8276,4.87,0.375
NVIDIA,720p,ControlledBurn_720p,32,ultrafast,0.562308,15546.69,34.288619,24.764418,25.892672,33.16861,1.4643,4.88,0.3
NVIDIA,720p,ControlledBurn_720p,37,ultrafast,0.311564,8614.12,30.890013,24.789278,25.924766,30.198389,1.8401,4.9,0.375
NVIDIA,720p,ControlledBurn_720p,22,fast,1.42441,39382.08,41.911636,24.746859,25.845315,39.834692,2.0253,4.05,0.5
NVIDIA,720p,ControlledBurn_720p,27,fast,0.926774,25623.44,38.106484,24.760948,25.855945,36.506729,1.797,4.79,0.375
NVIDIA,720p,ControlledBurn_720p,32,fast,0.558294,15435.7,34.353676,24.762171,25.895902,33.225596,1.7859,4.76,0.375
NVIDIA,720p,ControlledBurn_720p,37,fast,0.308832,8538.58,30.969261,24.783857,25.931675,30.267824,1.7809,4.75,0.375
NVIDIA,720p,ControlledBurn_720p,22,medium,1.429078,39511.16,42.011869,24.741328,25.836316,39.921488,3.1831,4.25,0.75
NVIDIA,720p,ControlledBurn_720p,27,medium,0.937342,25915.64,38.205935,24.751563,25.852145,36.592925,3.1695,4.23,0.75
NVIDIA,720p,ControlledBurn_720p,32,medium,0.567725,15696.46,34.416824,24.748348,25.882071,33.279122,3.1595,4.21,0.75
NVIDIA,720p,ControlledBurn_720p,37,medium,0.312386,8636.84,30.920079,24.767876,25.904249,30.222077,3.1502,4.2,0.75
NVIDIA,720p,ControlledBurn_720p,22,slow,1.429078,39511.16,42.011869,24.741328,25.836316,39.921488,3.2025,4.27,0.75
NVIDIA,720p,ControlledBurn_720p,27,slow,0.937342,25915.64,38.205935,24.751563,25.852145,36.592925,3.1786,4.24,0.75
NVIDIA,720p,ControlledBurn_720p,32,slow,0.567725,15696.46,34.416824,24.748348,25.882071,33.279122,3.1626,4.22,0.75
NVIDIA,720p,ControlledBurn_720p,37,slow,0.312386,8636.84,30.920079,24.767876,25.904249,30.222077,3.1473,4.2,0.75
NVIDIA,720p,DrivingPOV_720p,22,ultrafast,1.378544,76151.8,41.562166,27.316267,30.566716,39.984582,1.8125,4.83,0.375
NVIDIA,720p,DrivingPOV_720p,27,ultrafast,0.812887,44904.47,37.90405,27.36093,30.629261,36.790431,1.8164,4.85,0.375
NVIDIA,720p,DrivingPOV_720p,32,ultrafast,0.44842,24771.04,34.528218,27.414802,30.710448,33.845019,1.7956,4.79,0.375
NVIDIA,720p,DrivingPOV_720p,37,ultrafast,0.233384,12892.31,31.59503,27.472249,30.790688,31.287085,1.6616,4.15,0.4
NVIDIA,720p,DrivingPOV_720p,22,fast,1.362321,75255.62,41.612571,27.316549,30.563764,40.028519,2.3838,4.77,0.5
NVIDIA,720p,DrivingPOV_720p,27,fast,0.800629,44227.37,37.970239,27.358198,30.632377,36.84837,2.3665,4.73,0.5
NVIDIA,720p,DrivingPOV_720p,32,fast,0.439942,24302.71,34.606091,27.417333,30.700203,33.912676,1.9956,4.0,0.499
NVIDIA,720p,DrivingPOV_720p,37,fast,0.228317,12612.4,31.686248,27.470888,30.788646,31.366688,1.7623,4.7,0.375
NVIDIA,720p,DrivingPOV_720p,22,medium,1.33651,73829.85,41.838565,27.295314,30.539321,40.223409,3.5421,3.54,1.0
NVIDIA,720p,DrivingPOV_720p,27,medium,0.801623,44282.25,38.241524,27.328809,30.587097,37.081078,3.3192,3.88,0.866
NVIDIA,720p,DrivingPOV_720p,32,medium,0.449913,24853.55,34.849864,27.380584,30.666364,34.121565,3.1451,4.19,0.75
NVIDIA,720p,DrivingPOV_720p,37,medium,0.233214,12882.91,31.723275,27.428466,30.749757,31.394005,3.1477,4.2,0.75
NVIDIA,720p,DrivingPOV_720p,22,slow,1.33651,73829.85,41.838565,27.295314,30.539321,40.223409,3.5269,3.53,1.0
NVIDIA,720p,DrivingPOV_720p,27,slow,0.801623,44282.25,38.241524,27.328809,30.587097,37.081078,3.418,3.7,0.933
NVIDIA,720p,DrivingPOV_720p,32,slow,0.449913,24853.55,34.849864,27.380584,30.666364,34.121565,3.1506,4.2,0.75
NVIDIA,720p,DrivingPOV_720p,37,slow,0.233214,12882.91,31.723275,27.428466,30.749757,31.394005,3.1455,4.19,0.75
NVIDIA,720p,Johnny_720p,22,ultrafast,0.451468,24964.37,43.926562,20.251152,21.294441,41.032341,1.8017,4.81,0.375
NVIDIA,720p,Johnny_720p,27,ultrafast,0.248614,13747.38,41.738552,20.251657,21.301624,39.118313,1.8093,4.82,0.375
NVIDIA,720p,Johnny_720p,32,ultrafast,0.143458,7932.67,39.398118,20.284241,21.289379,37.071704,1.8209,4.86,0.375
NVIDIA,720p,Johnny_720p,37,ultrafast,0.083871,4637.74,36.875489,20.304557,21.29135,34.865797,1.4592,4.86,0.3
NVIDIA,720p,Johnny_720p,22,fast,0.44044,24354.59,43.967155,20.251473,21.294267,41.067869,1.7649,4.71,0.375
NVIDIA,720p,Johnny_720p,27,fast,0.240404,13293.36,41.80269,20.252159,21.298629,39.174278,1.769,4.72,0.375
NVIDIA,720p,Johnny_720p,32,fast,0.13784,7622.02,39.49217,20.280452,21.285144,37.153498,1.7629,4.7,0.375
NVIDIA,720p,Johnny_720p,37,fast,0.079964,4421.71,36.984749,20.301403,21.291027,34.961182,1.7622,4.7,0.375
NVIDIA,720p,Johnny_720p,22,medium,0.423659,23426.64,44.009061,20.248901,21.294301,41.104379,3.1591,4.21,0.75
NVIDIA,720p,Johnny_720p,27,medium,0.232254,12842.7,41.832719,20.247908,21.299439,39.200338,3.1471,4.2,0.75
NVIDIA,720p,Johnny_720p,32,medium,0.134626,7444.26,39.478201,20.28105,21.283489,37.14121,3.153,4.2,0.75
NVIDIA,720p,Johnny_720p,37,medium,0.079618,4402.58,36.840447,20.296995,21.284552,34.834238,3.1484,4.2,0.75
NVIDIA,720p,Johnny_720p,22,slow,0.423659,23426.64,44.009061,20.248901,21.294301,41.104379,3.1656,4.22,0.75
NVIDIA,720p,Johnny_720p,27,slow,0.232254,12842.7,41.832719,20.247908,21.299439,39.200338,3.1385,4.18,0.75
NVIDIA,720p,Johnny_720p,32,slow,0.134626,7444.26,39.478201,20.28105,21.283489,37.14121,3.1739,4.23,0.75
NVIDIA,720p,Johnny_720p,37,slow,0.079618,4402.58,36.840447,20.296995,21.284552,34.834238,3.1434,4.19,0.75
NVIDIA,720p,KristenAndSara_720p,22,ultrafast,0.501895,27752.77,44.247086,20.927471,23.867268,41.515871,1.645,4.12,0.399
NVIDIA,720p,KristenAndSara_720p,27,ultrafast,0.296497,16395.09,41.84782,20.928722,23.878046,39.417265,1.8106,4.83,0.375
NVIDIA,720p,KristenAndSara_720p,32,ultrafast,0.179873,9946.27,39.173077,20.96869,23.860185,37.078247,1.8057,4.82,0.375
NVIDIA,720p,KristenAndSara_720p,37,ultrafast,0.110076,6086.78,36.343118,20.991581,23.867534,34.603923,1.8182,4.85,0.375
NVIDIA,720p,KristenAndSara_720p,22,fast,0.488578,27016.42,44.294024,20.929084,23.866145,41.556973,2.3565,4.71,0.5
NVIDIA,720p,KristenAndSara_720p,27,fast,0.287143,15877.86,41.928394,20.929094,23.877997,39.487788,1.7618,4.7,0.375
NVIDIA,720p,KristenAndSara_720p,32,fast,0.173062,9569.66,39.273437,20.969914,23.858235,37.166017,1.7722,4.73,0.375
NVIDIA,720p,KristenAndSara_720p,37,fast,0.105192,5816.69,36.46839,20.991006,23.863888,34.713272,1.7672,4.71,0.375
NVIDIA,720p,KristenAndSara_720p,22,medium,0.463541,25631.97,44.357075,20.924851,23.866694,41.611912,3.1505,4.2,0.75
NVIDIA,720p,KristenAndSara_720p,27,medium,0.273551,15126.3,41.987234,20.926935,23.876057,39.539017,3.1489,4.2,0.75
NVIDIA,720p,KristenAndSara_720p,32,medium,0.166917,9229.82,39.291256,20.967703,23.852335,37.181101,3.1417,4.19,0.75
NVIDIA,720p,KristenAndSara_720p,37,medium,0.102394,5661.98,36.393407,21.002249,23.86053,34.648155,3.143,4.19,0.75
NVIDIA,720p,KristenAndSara_720p,22,slow,0.463541,25631.97,44.357075,20.924851,23.866694,41.611912,3.1481,4.2,0.75
NVIDIA,720p,KristenAndSara_720p,27,slow,0.273551,15126.3,41.987234,20.926935,23.876057,39.539017,3.155,4.21,0.75
NVIDIA,720p,KristenAndSara_720p,32,slow,0.166917,9229.82,39.291256,20.967703,23.852335,37.181101,3.1427,4.19,0.75
NVIDIA,720p,KristenAndSara_720p,37,slow,0.102394,5661.98,36.393407,21.002249,23.86053,34.648155,3.1564,4.21,0.75
NVIDIA,720p,RollerCoaster_720p,22,ultrafast,0.770284,42551.06,43.877759,25.174694,25.734355,41.574855,1.7955,4.79,0.375
NVIDIA,720p,RollerCoaster_720p,27,ultrafast,0.445272,24597.15,40.694579,25.198182,25.759405,38.792606,1.7988,4.8,0.374
NVIDIA,720p,RollerCoaster_720p,32,ultrafast,0.250146,13818.23,37.627528,25.225021,25.801563,36.113248,1.8077,4.82,0.375
NVIDIA,720p,RollerCoaster_720p,37,ultrafast,0.141053,7791.87,34.790305,25.244328,25.853208,33.635113,1.4591,4.87,0.3
NVIDIA,720p,RollerCoaster_720p,22,fast,0.753868,41644.26,43.929266,25.172214,25.733407,41.619709,2.36,4.72,0.5
NVIDIA,720p,RollerCoaster_720p,27,fast,0.434103,23980.2,40.777717,25.196872,25.761156,38.865379,2.3687,4.74,0.5
NVIDIA,720p,RollerCoaster_720p,32,fast,0.243223,13435.8,37.738356,25.222725,25.800188,36.209994,1.7606,4.7,0.375
NVIDIA,720p,RollerCoaster_720p,37,fast,0.137345,7587.04,34.930341,25.23918,25.852958,33.757307,1.7784,4.74,0.375
NVIDIA,720p,RollerCoaster_720p,22,medium,0.738024,40769.02,43.985055,25.16105,25.719215,41.66694,3.1368,4.18,0.75
NVIDIA,720p,RollerCoaster_720p,27,medium,0.427808,23632.43,40.797215,25.174723,25.740141,38.879742,3.16,4.21,0.75
NVIDIA,720p,RollerCoaster_720p,32,medium,0.241981,13367.21,37.647898,25.201037,25.778786,36.12815,3.1636,4.22,0.75
NVIDIA,720p,RollerCoaster_720p,37,medium,0.137068,7571.76,34.647833,25.220821,25.822752,33.507077,3.1678,4.23,0.75
NVIDIA,720p,RollerCoaster_720p,22,slow,0.738024,40769.02,43.985055,25.16105,25.719215,41.66694,3.1579,4.21,0.75
NVIDIA,720p,RollerCoaster_720p,27,slow,0.427808,23632.43,40.797215,25.174723,25.740141,38.879742,3.1503,4.2,0.75
NVIDIA,720p,RollerCoaster_720p,32,slow,0.241981,13367.21,37.647898,25.201037,25.778786,36.12815,3.1554,4.21,0.75
NVIDIA,720p,RollerCoaster_720p,37,slow,0.137068,7571.76,34.647833,25.220821,25.822752,33.507077,3.1681,4.22,0.751
NVIDIA,720p,Vidyo3_720p,22,ultrafast,0.48654,26903.71,44.200388,31.155291,31.314438,42.579698,1.8047,4.81,0.375
NVIDIA,720p,Vidyo3_720p,27,ultrafast,0.290742,16076.86,41.814323,31.198884,31.315078,40.494655,1.8057,4.81,0.375
NVIDIA,720p,Vidyo3_720p,32,ultrafast,0.17732,9805.1,39.051965,31.251615,31.406173,38.086581,1.4571,4.86,0.3
NVIDIA,720p,Vidyo3_720p,37,ultrafast,0.1069,5911.14,36.035408,31.247338,31.461803,35.450303,1.8192,4.85,0.375
NVIDIA,720p,Vidyo3_720p,22,fast,0.47521,26277.22,44.242563,31.153338,31.317112,42.616646,2.3566,4.71,0.5
NVIDIA,720p,Vidyo3_720p,27,fast,0.282249,15607.25,41.87907,31.191406,31.322068,40.551278,1.7655,4.71,0.375
NVIDIA,720p,Vidyo3_720p,32,fast,0.171386,9476.96,39.157788,31.247868,31.395542,38.178278,1.7769,4.74,0.375
NVIDIA,720p,Vidyo3_720p,37,fast,0.102828,5686.0,36.171405,31.259455,31.436162,35.568455,1.7694,4.72,0.375
NVIDIA,720p,Vidyo3_720p,22,medium,0.459195,25391.65,44.284822,31.14682,31.302579,42.652307,3.153,4.2,0.75
NVIDIA,720p,Vidyo3_720p,27,medium,0.275324,15224.34,41.883832,31.179715,31.298713,40.553255,3.154,4.21,0.75
NVIDIA,720p,Vidyo3_720p,32,medium,0.169304,9361.82,39.088527,31.217667,31.353404,38.113153,3.151,4.2,0.75
NVIDIA,720p,Vidyo3_720p,37,medium,0.102727,5680.4,35.999193,31.220645,31.415563,35.414057,3.1603,4.21,0.75
NVIDIA,720p,Vidyo3_720p,22,slow,0.459195,25391.65,44.284822,31.14682,31.302579,42.652307,3.1507,4.2,0.75
NVIDIA,720p,Vidyo3_720p,27,slow,0.275324,15224.34,41.883832,31.179715,31.298713,40.553255,3.1563,4.21,0.75
NVIDIA,720p,Vidyo3_720p,32,slow,0.169304,9361.82,39.088527,31.217667,31.353404,38.113153,3.1386,4.19,0.75
NVIDIA,720p,Vidyo3_720p,37,slow,0.102727,5680.4,35.999193,31.220645,31.415563,35.414057,3.1698,4.23,0.75
NVIDIA,720p,Vidyo4_720p,22,ultrafast,0.466091,25772.99,44.237842,29.897028,26.733939,42.247547,1.8032,4.81,0.375
NVIDIA,720p,Vidyo4_720p,27,ultrafast,0.260802,14421.31,41.715663,29.91001,26.747458,40.042297,1.8084,4.82,0.375
NVIDIA,720p,Vidyo4_720p,32,ultrafast,0.147471,8154.58,39.147854,29.936785,26.769145,37.798493,1.8245,4.86,0.375
NVIDIA,720p,Vidyo4_720p,37,ultrafast,0.084726,4685.02,36.56325,29.934714,26.795723,35.538496,1.8211,4.86,0.375
NVIDIA,720p,Vidyo4_720p,22,fast,0.455267,25174.45,44.290016,29.897953,26.732918,42.293193,2.0083,4.02,0.5
NVIDIA,720p,Vidyo4_720p,27,fast,0.252856,13981.9,41.792497,29.914712,26.745035,40.109669,1.7642,4.7,0.375
NVIDIA,720p,Vidyo4_720p,32,fast,0.14165,7832.69,39.247973,29.946801,26.768274,37.886669,1.7778,4.74,0.375
NVIDIA,720p,Vidyo4_720p,37,fast,0.080872,4471.9,36.70018,29.934752,26.798028,35.658456,1.7715,4.72,0.375
NVIDIA,720p,Vidyo4_720p,22,medium,0.447695,24755.73,44.293609,29.891597,26.729105,42.295702,3.158,4.21,0.75
NVIDIA,720p,Vidyo4_720p,27,medium,0.248312,13730.66,41.737869,29.905717,26.73896,40.060928,3.1607,4.21,0.75
NVIDIA,720p,Vidyo4_720p,32,medium,0.140135,7748.9,39.108688,29.944047,26.756297,37.763873,3.1532,4.2,0.75
NVIDIA,720p,Vidyo4_720p,37,medium,0.080638,4458.94,36.468489,29.971799,26.778956,35.45685,3.1413,4.19,0.75
NVIDIA,720p,Vidyo4_720p,22,slow,0.447695,24755.73,44.293609,29.891597,26.729105,42.295702,3.1415,4.19,0.75
NVIDIA,720p,Vidyo4_720p,27,slow,0.248312,13730.66,41.737869,29.905717,26.73896,40.060928,3.1571,4.21,0.749
NVIDIA,720p,Vidyo4_720p,32,slow,0.140135,7748.9,39.108688,29.944047,26.756297,37.763873,3.169,4.22,0.75
NVIDIA,720p,Vidyo4_720p,37,slow,0.080638,4458.94,36.468489,29.971799,26.778956,35.45685,3.1673,4.22,0.75
NVIDIA,720p,WestWindEasy_720p,22,ultrafast,1.007691,27860.64,43.339669,25.545137,25.640728,41.121327,1.7944,4.79,0.375
NVIDIA,720p,WestWindEasy_720p,27,ultrafast,0.659636,18237.62,39.800913,25.557768,25.647728,38.026142,1.7997,4.8,0.375
NVIDIA,720p,WestWindEasy_720p,32,ultrafast,0.415392,11484.75,36.304258,25.585416,25.662963,34.969249,1.7966,4.79,0.375
NVIDIA,720p,WestWindEasy_720p,37,ultrafast,0.251518,6953.98,32.925191,25.60701,25.678081,32.01486,1.7965,4.79,0.375
NVIDIA,720p,WestWindEasy_720p,22,fast,1.000768,27669.22,43.40079,25.545136,25.642118,41.174895,2.3419,4.69,0.5
NVIDIA,720p,WestWindEasy_720p,27,fast,0.653987,18081.42,39.872886,25.557449,25.649825,38.08923,1.9941,3.99,0.5
NVIDIA,720p,WestWindEasy_720p,32,fast,0.411508,11377.38,36.388041,25.590695,25.669689,35.04331,1.9825,3.96,0.501
NVIDIA,720p,WestWindEasy_720p,37,fast,0.248982,6883.86,33.028269,25.613733,25.687017,32.106032,1.7598,4.69,0.375
NVIDIA,720p,WestWindEasy_720p,22,medium,0.920434,25448.15,43.629586,25.544003,25.641334,41.374971,3.1448,4.19,0.75
NVIDIA,720p,WestWindEasy_720p,27,medium,0.604264,16706.7,40.163356,25.551455,25.64762,38.342879,3.1465,4.19,0.75
NVIDIA,720p,WestWindEasy_720p,32,medium,0.382611,10578.43,36.654166,25.582358,25.657917,35.274912,3.1331,4.18,0.75
NVIDIA,720p,WestWindEasy_720p,37,medium,0.231714,6406.42,33.195814,25.602844,25.677181,32.251339,3.153,4.2,0.75
NVIDIA,720p,WestWindEasy_720p,22,slow,0.920434,25448.15,43.629586,25.544003,25.641334,41.374971,3.1388,4.19,0.75
NVIDIA,720p,WestWindEasy_720p,27,slow,0.604264,16706.7,40.163356,25.551455,25.64762,38.342879,3.1407,4.19,0.75
NVIDIA,720p,WestWindEasy_720p,32,slow,0.382611,10578.43,36.654166,25.582358,25.657917,35.274912,3.138,4.18,0.75
NVIDIA,720p,WestWindEasy_720p,37,slow,0.231714,6406.42,33.195814,25.602844,25.677181,32.251339,3.1533,4.2,0.75
NVIDIA,360p,BlueSky_360p,22,ultrafast,1.533455,8832.7,43.264876,18.027286,18.067257,40.112675,0.871,4.64,0.188
NVIDIA,360p,BlueSky_360p,27,ultrafast,1.019259,5870.93,39.253191,18.033198,18.087135,36.604063,0.8576,4.57,0.187
NVIDIA,360p,BlueSky_360p,32,ultrafast,0.631931,3639.92,35.207057,18.05413,18.102585,33.06597,0.8477,4.52,0.188
NVIDIA,360p,BlueSky_360p,37,ultrafast,0.368248,2121.11,31.453135,18.072242,18.120675,29.78355,0.7518,4.51,0.167
NVIDIA,360p,BlueSky_360p,22,fast,1.529328,8808.93,43.329538,18.028134,18.067538,40.169325,0.8724,4.65,0.188
NVIDIA,360p,BlueSky_360p,27,fast,1.017271,5859.48,39.326441,18.034854,18.085708,36.668171,0.9994,6.0,0.167
NVIDIA,360p,BlueSky_360p,32,fast,0.631142,3635.38,35.273379,18.051814,18.098652,33.123611,0.8566,4.57,0.188
NVIDIA,360p,BlueSky_360p,37,fast,0.367946,2119.37,31.52219,18.074885,18.123886,29.844339,0.8582,4.58,0.187
NVIDIA,360p,BlueSky_360p,22,medium,1.484464,8550.51,43.750876,18.023038,18.062225,40.537345,1.2862,4.29,0.3
NVIDIA,360p,BlueSky_360p,27,medium,1.012809,5833.78,39.812588,18.027693,18.074778,37.092419,1.281,4.27,0.3
NVIDIA,360p,BlueSky_360p,32,medium,0.647151,3727.59,35.76297,18.044712,18.090842,33.551071,1.0639,4.26,0.25
NVIDIA,360p,BlueSky_360p,37,medium,0.385264,2219.12,31.900681,18.056802,18.11135,30.173605,1.2745,4.25,0.3
NVIDIA,360p,BlueSky_360p,22,slow,1.484464,8550.51,43.750876,18.023038,18.062225,40.537345,1.2855,4.28,0.3
NVIDIA,360p,BlueSky_360p,27,slow,1.012809,5833.78,39.812588,18.027693,18.074778,37.092419,1.2763,4.26,0.3
NVIDIA,360p,BlueSky_360p,32,slow,0.647151,3727.59,35.76297,18.044712,18.090842,33.551071,1.2766,4.25,0.3
NVIDIA,360p,BlueSky_360p,37,slow,0.385264,2219.12,31.900681,18.056802,18.11135,30.173605,1.2744,4.25,0.3
NVIDIA,360p,RedKayak_360p,22,ultrafast,1.677522,11583.44,41.25678,27.004044,27.92952,39.53303,0.8688,4.63,0.187
NVIDIA,360p,RedKayak_360p,27,ultrafast,1.067116,7368.53,37.203544,27.071518,27.962626,35.992735,0.7689,4.61,0.167
NVIDIA,360p,RedKayak_360p,32,ultrafast,0.592402,4090.59,33.323714,27.230035,27.990357,32.609524,0.7557,4.53,0.167
NVIDIA,360p,RedKayak_360p,37,ultrafast,0.277727,1917.73,30.070735,27.2907,27.996342,29.767333,0.7595,4.56,0.167
NVIDIA,360p,RedKayak_360p,22,fast,1.66248,11479.57,41.322583,27.002961,27.934684,39.590863,1.0016,6.01,0.167
NVIDIA,360p,RedKayak_360p,27,fast,1.056212,7293.24,37.278076,27.070642,27.948892,36.057037,1.0007,6.0,0.167
NVIDIA,360p,RedKayak_360p,32,fast,0.585045,4039.79,33.398666,27.236998,27.993332,32.675728,0.9958,5.97,0.167
NVIDIA,360p,RedKayak_360p,37,fast,0.274098,1892.67,30.14027,27.30257,27.987042,29.828337,0.7658,4.59,0.167
NVIDIA,360p,RedKayak_360p,22,medium,1.604988,11082.58,41.657473,27.004221,27.918635,39.882967,1.2846,4.28,0.3
NVIDIA,360p,RedKayak_360p,27,medium,1.037171,7161.76,37.759892,27.130034,27.935241,36.481485,1.2849,4.28,0.3
NVIDIA,360p,RedKayak_360p,32,medium,0.596189,4116.74,33.937513,27.226672,27.96807,33.144995,1.282,4.27,0.3
NVIDIA,360p,RedKayak_360p,37,medium,0.28762,1986.04,30.462999,27.272373,27.963982,30.107396,1.0658,4.26,0.25
NVIDIA,360p,RedKayak_360p,22,slow,1.604988,11082.58,41.657473,27.004221,27.918635,39.882967,1.2856,4.29,0.3
NVIDIA,360p,RedKayak_360p,27,slow,1.037171,7161.76,37.759892,27.130034,27.935241,36.481485,1.2861,4.29,0.3
NVIDIA,360p,RedKayak_360p,32,slow,0.596189,4116.74,33.937513,27.226672,27.96807,33.144995,1.2826,4.27,0.3
NVIDIA,360p,RedKayak_360p,37,slow,0.28762,1986.04,30.462999,27.272373,27.963982,30.107396,1.2779,4.26,0.3
NVIDIA,360p,SnowMountain_360p,22,ultrafast,2.067336,14275.14,41.702468,24.668182,30.250899,39.922102,0.996,5.98,0.167
NVIDIA,360p,SnowMountain_360p,27,ultrafast,1.477353,10201.25,37.237945,24.662993,30.272506,36.016671,0.8718,4.65,0.187
NVIDIA,360p,SnowMountain_360p,32,ultrafast,0.971608,6709.04,32.810957,24.550526,30.311638,32.138473,0.6936,4.62,0.15
NVIDIA,360p,SnowMountain_360p,37,ultrafast,0.569104,3929.71,28.874726,24.631249,30.322586,28.7,0.8509,5.96,0.143
NVIDIA,360p,SnowMountain_360p,22,fast,2.063019,14245.33,41.778509,24.668013,30.250035,39.988573,1.0023,6.01,0.167
NVIDIA,360p,SnowMountain_360p,27,fast,1.474194,10179.44,37.315483,24.663518,30.254475,36.083422,1.0046,6.03,0.167
NVIDIA,360p,SnowMountain_360p,32,fast,0.968179,6685.36,32.875633,24.549425,30.320359,32.19554,0.8626,4.6,0.188
NVIDIA,360p,SnowMountain_360p,37,fast,0.566536,3911.98,28.941196,24.628687,30.29218,28.756101,0.9976,5.98,0.167
NVIDIA,360p,SnowMountain_360p,22,medium,2.04718,14135.96,42.085317,24.666249,30.232697,40.255837,1.2895,4.3,0.3
NVIDIA,360p,SnowMountain_360p,27,medium,1.483082,10240.81,37.716112,24.656107,30.222357,36.431502,1.2855,4.28,0.3
NVIDIA,360p,SnowMountain_360p,32,medium,0.985673,6806.16,33.313587,24.540303,30.281321,32.57574,1.1262,3.95,0.289
NVIDIA,360p,SnowMountain_360p,37,medium,0.589376,4069.69,29.333723,24.590682,30.273301,29.096007,1.2781,4.26,0.3
NVIDIA,360p,SnowMountain_360p,22,slow,2.04718,14135.96,42.085317,24.666249,30.232697,40.255837,1.4291,5.72,0.25
NVIDIA,360p,SnowMountain_360p,27,slow,1.483082,10240.81,37.716112,24.656107,30.222357,36.431502,1.288,4.29,0.3
NVIDIA,360p,SnowMountain_360p,32,slow,0.985673,6806.16,33.313587,24.540303,30.281321,32.57574,1.2837,4.28,0.3
NVIDIA,360p,SnowMountain_360p,37,slow,0.589376,4069.69,29.333723,24.590682,30.273301,29.096007,1.2819,4.27,0.3
NVIDIA,360p,SpeedBag_360p,22,ultrafast,0.441863,3051.1,45.409752,26.953311,28.358789,43.190539,0.7553,4.53,0.167
NVIDIA,360p,SpeedBag_360p,27,ultrafast,0.261897,1808.42,42.654559,26.968302,28.381886,40.782126,0.8543,5.98,0.143
NVIDIA,360p,SpeedBag_360p,32,ultrafast,0.150673,1040.41,39.685129,26.963643,28.430688,38.186634,0.8547,5.98,0.143
NVIDIA,360p,SpeedBag_360p,37,ultrafast,0.087604,604.91,36.932503,27.010232,28.444904,35.781886,0.7508,4.5,0.167
NVIDIA,360p,SpeedBag_360p,22,fast,0.425774,2940.01,45.463861,26.950746,28.355265,43.237504,0.9985,5.99,0.167
NVIDIA,360p,SpeedBag_360p,27,fast,0.250546,1730.04,42.742082,26.96431,28.380893,40.858397,0.7657,4.59,0.167
NVIDIA,360p,SpeedBag_360p,32,fast,0.142043,980.82,39.804299,26.970642,28.421525,38.290772,0.8551,5.99,0.143
NVIDIA,360p,SpeedBag_360p,37,fast,0.082255,567.98,37.099694,27.010823,28.45914,35.929105,0.8564,6.0,0.143
NVIDIA,360p,SpeedBag_360p,22,medium,0.40771,2815.27,45.585424,26.941499,28.354939,43.343273,1.2778,4.26,0.3
NVIDIA,360p,SpeedBag_360p,27,medium,0.245197,1693.11,42.908011,26.956386,28.374937,41.002717,1.2763,4.25,0.3
NVIDIA,360p,SpeedBag_360p,32,medium,0.142166,981.67,39.841654,26.953613,28.41068,38.321716,1.2747,4.25,0.3
NVIDIA,360p,SpeedBag_360p,37,medium,0.082349,568.63,36.88494,27.007727,28.43365,35.739409,1.2757,4.25,0.3
NVIDIA,360p,SpeedBag_360p,22,slow,0.40771,2815.27,45.585424,26.941499,28.354939,43.343273,1.2757,4.26,0.3
NVIDIA,360p,SpeedBag_360p,27,slow,0.245197,1693.11,42.908011,26.956386,28.374937,41.002717,1.2778,4.26,0.3
NVIDIA,360p,SpeedBag_360p,32,slow,0.142166,981.67,39.841654,26.953613,28.41068,38.321716,1.2714,4.24,0.3
NVIDIA,360p,SpeedBag_360p,37,slow,0.082349,568.63,36.88494,27.007727,28.43365,35.739409,1.068,4.27,0.25
NVIDIA,360p,Stockholm_360p,22,ultrafast,1.862156,25716.73,40.666853,24.968014,26.609579,38.807096,0.8649,4.61,0.188
NVIDIA,360p,Stockholm_360p,27,ultrafast,1.138218,15719.0,36.869342,25.020195,26.645933,35.489807,0.7711,4.63,0.167
NVIDIA,360p,Stockholm_360p,32,ultrafast,0.645152,8909.67,33.279096,25.053848,26.693183,32.353398,0.9914,5.95,0.167
NVIDIA,360p,Stockholm_360p,37,ultrafast,0.336479,4646.84,30.107272,25.08745,26.714159,29.581464,0.7532,4.52,0.167
NVIDIA,360p,Stockholm_360p,22,fast,1.845846,25491.48,40.722967,24.967104,26.605681,38.855895,1.0056,6.03,0.167
NVIDIA,360p,Stockholm_360p,27,fast,1.125218,15539.48,36.937583,25.018491,26.642899,35.549222,0.8638,4.61,0.187
NVIDIA,360p,Stockholm_360p,32,fast,0.636331,8787.85,33.358205,25.052354,26.690308,32.422346,0.8546,4.56,0.188
NVIDIA,360p,Stockholm_360p,37,fast,0.331636,4579.96,30.187668,25.084702,26.69895,29.650688,0.8559,4.57,0.187
NVIDIA,360p,Stockholm_360p,22,medium,1.790917,24732.9,40.973893,24.949242,26.593148,39.073556,1.426,5.7,0.25
NVIDIA,360p,Stockholm_360p,27,medium,1.110119,15330.96,37.284606,24.985991,26.610453,35.848808,1.2749,4.25,0.3
NVIDIA,360p,Stockholm_360p,32,medium,0.643475,8886.51,33.72431,25.017886,26.639632,32.737366,1.2776,4.26,0.3
NVIDIA,360p,Stockholm_360p,37,medium,0.339446,4687.81,30.390084,25.044254,26.660238,29.822854,1.2736,4.25,0.3
NVIDIA,360p,Stockholm_360p,22,slow,1.790917,24732.9,40.973893,24.949242,26.593148,39.073556,1.2858,4.29,0.3
NVIDIA,360p,Stockholm_360p,27,slow,1.110119,15330.96,37.284606,24.985991,26.610453,35.848808,1.278,4.26,0.3
NVIDIA,360p,Stockholm_360p,32,slow,0.643475,8886.51,33.72431,25.017886,26.639632,32.737366,1.2744,4.25,0.3
NVIDIA,360p,Stockholm_360p,37,slow,0.339446,4687.81,30.390084,25.044254,26.660238,29.822854,1.2732,4.24,0.3
NVIDIA,360p,TouchdownPass_360p,22,ultrafast,1.558862,10764.08,40.27749,30.542917,30.553524,39.061331,0.7724,4.64,0.167
NVIDIA,360p,TouchdownPass_360p,27,ultrafast,0.830961,5737.86,36.599359,30.597783,30.6171,35.850369,0.7582,4.55,0.167
NVIDIA,360p,TouchdownPass_360p,32,ultrafast,0.38668,2670.06,33.665433,30.709994,30.68067,33.29417,0.8486,5.94,0.143
NVIDIA,360p,TouchdownPass_360p,37,ultrafast,0.180021,1243.06,31.387652,30.796444,30.711844,31.308463,0.7538,4.52,0.167
NVIDIA,360p,TouchdownPass_360p,22,fast,1.55479,10735.96,40.323696,30.54402,30.54799,39.101485,1.0008,6.01,0.167
NVIDIA,360p,TouchdownPass_360p,27,fast,0.825704,5701.56,36.65053,30.592937,30.620218,35.895036,0.9948,5.97,0.167
NVIDIA,360p,TouchdownPass_360p,32,fast,0.382761,2643.0,33.719718,30.714091,30.669692,33.34124,0.9936,5.96,0.167
NVIDIA,360p,TouchdownPass_360p,37,fast,0.177683,1226.92,31.449394,30.800717,30.711325,31.362722,0.8559,4.57,0.187
NVIDIA,360p,TouchdownPass_360p,22,medium,1.525808,10535.84,40.53499,30.520545,30.519718,39.283133,1.4229,5.69,0.25
NVIDIA,360p,TouchdownPass_360p,27,medium,0.800954,5530.66,36.853872,30.563537,30.568669,36.067901,1.2806,4.27,0.3
NVIDIA,360p,TouchdownPass_360p,32,medium,0.371077,2562.32,33.9175,30.642941,30.628859,33.5073,1.2894,3.96,0.419
NVIDIA,360p,TouchdownPass_360p,37,medium,0.177549,1225.99,31.675353,30.757797,30.65401,31.554172,1.2731,4.24,0.3
NVIDIA,360p,TouchdownPass_360p,22,slow,1.525808,10535.84,40.53499,30.520545,30.519718,39.283133,1.2803,4.27,0.3
NVIDIA,360p,TouchdownPass_360p,27,slow,0.800954,5530.66,36.853872,30.563537,30.568669,36.067901,1.279,4.26,0.3
NVIDIA,360p,TouchdownPass_360p,32,slow,0.371077,2562.32,33.9175,30.642941,30.628859,33.5073,1.2778,4.26,0.3
NVIDIA,360p,TouchdownPass_360p,37,slow,0.177549,1225.99,31.675353,30.757797,30.65401,31.554172,1.0596,4.24,0.25
NVIDIA,270p,FourPeople_270p,22,ultrafast,1.551238,12062.43,42.179959,28.536616,27.960565,40.438538,0.6945,3.47,0.2
NVIDIA,270p,FourPeople_270p,27,ultrafast,1.024994,7970.35,38.257574,28.629876,28.015119,37.015689,0.6951,4.17,0.167
NVIDIA,270p,FourPeople_270p,32,ultrafast,0.632816,4920.78,34.362868,28.705181,28.095526,33.617554,0.8014,5.61,0.143
NVIDIA,270p,FourPeople_270p,37,ultrafast,0.363638,2827.65,30.837118,28.736667,28.225183,30.542594,0.9366,5.62,0.167
NVIDIA,270p,FourPeople_270p,22,fast,1.525183,11859.82,42.250195,28.536888,27.958002,40.499851,0.7069,4.24,0.167
NVIDIA,270p,FourPeople_270p,27,fast,1.006577,7827.14,38.361342,28.620893,28.000516,37.105012,0.9399,5.64,0.167
NVIDIA,270p,FourPeople_270p,32,fast,0.620068,4821.65,34.486773,28.673259,28.102828,33.724432,0.7021,4.21,0.167
NVIDIA,270p,FourPeople_270p,37,fast,0.355154,2761.68,30.957065,28.73078,28.201591,30.645705,0.6958,3.48,0.2
NVIDIA,270p,FourPeople_270p,22,medium,1.411276,10974.08,42.678199,28.505171,27.935894,40.870991,0.9511,5.71,0.167
NVIDIA,270p,FourPeople_270p,27,medium,0.95189,7401.9,38.868675,28.577324,27.973966,37.544546,0.9483,5.69,0.167
NVIDIA,270p,FourPeople_270p,32,medium,0.610172,4744.7,35.023344,28.564419,28.018434,34.181854,0.9509,5.71,0.167
NVIDIA,270p,FourPeople_270p,37,medium,0.358629,2788.7,31.28296,28.615826,28.150759,30.920502,0.9431,5.66,0.167
NVIDIA,270p,FourPeople_270p,22,slow,1.411276,10974.08,42.678199,28.505171,27.935894,40.870991,0.9509,5.7,0.167
NVIDIA,270p,FourPeople_270p,27,slow,0.95189,7401.9,38.868675,28.577324,27.973966,37.544546,0.9489,5.69,0.167
NVIDIA,270p,FourPeople_270p,32,slow,0.610172,4744.7,35.023344,28.564419,28.018434,34.181854,0.9466,5.68,0.167
NVIDIA,270p,FourPeople_270p,37,slow,0.358629,2788.7,31.28296,28.615826,28.150759,30.920502,0.9452,5.67,0.167
NVIDIA,270p,ParkJoy_270p,22,ultrafast,2.077591,13462.79,41.492477,24.266736,30.010999,39.698276,0.8244,4.4,0.188
NVIDIA,270p,ParkJoy_270p,27,ultrafast,1.373807,8902.27,37.196045,24.335739,30.091669,35.948252,0.7104,4.26,0.167
NVIDIA,270p,ParkJoy_270p,32,ultrafast,0.82629,5354.36,32.995123,24.422175,30.202015,32.284744,0.9402,5.64,0.167
NVIDIA,270p,ParkJoy_270p,37,ultrafast,0.439779,2849.77,29.30548,24.540105,30.359526,29.073522,0.8019,5.61,0.143
NVIDIA,270p,ParkJoy_270p,22,fast,2.071981,13426.44,41.558976,24.267956,30.003445,39.756067,0.9738,5.84,0.167
NVIDIA,270p,ParkJoy_270p,27,fast,1.369677,8875.51,37.26461,24.330199,30.100357,36.008443,0.8087,4.31,0.188
NVIDIA,270p,ParkJoy_270p,32,fast,0.824418,5342.23,33.069009,24.417349,30.200881,32.349022,0.7085,4.25,0.167
NVIDIA,270p,ParkJoy_270p,37,fast,0.438502,2841.49,29.371279,24.531789,30.384152,29.132115,0.943,5.66,0.167
NVIDIA,270p,ParkJoy_270p,22,medium,2.051586,13294.28,41.843959,24.238263,29.974052,40.001734,1.083,4.33,0.25
NVIDIA,270p,ParkJoy_270p,27,medium,1.377204,8924.28,37.654334,24.28909,30.036759,36.342908,1.006,5.17,0.2
NVIDIA,270p,ParkJoy_270p,32,medium,0.847397,5491.13,33.510869,24.37552,30.161674,32.730585,0.9506,5.7,0.167
NVIDIA,270p,ParkJoy_270p,37,medium,0.460829,2986.17,29.720252,24.47775,30.313157,29.429652,0.9549,5.73,0.167
NVIDIA,270p,ParkJoy_270p,22,slow,2.051586,13294.28,41.843959,24.238263,29.974052,40.001734,0.9294,4.34,0.214
NVIDIA,270p,ParkJoy_270p,27,slow,1.377204,8924.28,37.654334,24.28909,30.036759,36.342908,0.9256,4.32,0.214
NVIDIA,270p,ParkJoy_270p,32,slow,0.847397,5491.13,33.510869,24.37552,30.161674,32.730585,0.95,5.7,0.167
NVIDIA,270p,ParkJoy_270p,37,slow,0.460829,2986.17,29.720252,24.47775,30.313157,29.429652,0.9197,4.29,0.214
NVIDIA,270p,SparksElevator_270p,22,ultrafast,1.483889,11527.19,40.987681,32.680955,29.580667,39.755572,0.944,5.66,0.167
NVIDIA,270p,SparksElevator_270p,27,ultrafast,0.866675,6732.53,37.330839,32.771723,29.637574,36.565065,0.6949,4.17,0.167
NVIDIA,270p,SparksElevator_270p,32,ultrafast,0.463922,3603.85,34.133252,32.803047,29.677768,33.771646,0.8015,5.61,0.143
NVIDIA,270p,SparksElevator_270p,37,ultrafast,0.239197,1858.14,31.407748,32.947064,29.766006,31.401346,0.6924,4.16,0.167
NVIDIA,270p,SparksElevator_270p,22,fast,1.471422,11430.35,41.035717,32.666705,29.580461,39.7967,0.7069,4.24,0.167
NVIDIA,270p,SparksElevator_270p,27,fast,0.85742,6660.64,37.391024,32.757799,29.640148,36.617018,0.9417,5.65,0.167
NVIDIA,270p,SparksElevator_270p,32,fast,0.457664,3555.24,34.203621,32.822588,29.669108,33.833899,0.7004,4.2,0.167
NVIDIA,270p,SparksElevator_270p,37,fast,0.235978,1833.13,31.496904,32.930538,29.756431,31.477727,0.7028,4.21,0.167
NVIDIA,270p,SparksElevator_270p,22,medium,1.446119,11233.79,41.245945,32.643457,29.562019,39.978044,0.9562,5.74,0.167
NVIDIA,270p,SparksElevator_270p,27,medium,0.849402,6598.35,37.613427,32.722907,29.606293,36.807324,0.8047,4.29,0.187
NVIDIA,270p,SparksElevator_270p,32,medium,0.456532,3546.45,34.379616,32.75767,29.636848,33.981821,0.9513,5.71,0.167
NVIDIA,270p,SparksElevator_270p,37,medium,0.237226,1842.83,31.593771,32.899032,29.717838,31.558104,0.9496,5.7,0.167
NVIDIA,270p,SparksElevator_270p,22,slow,1.446119,11233.79,41.245945,32.643457,29.562019,39.978044,0.9266,4.32,0.214
NVIDIA,270p,SparksElevator_270p,27,slow,0.849402,6598.35,37.613427,32.722907,29.606293,36.807324,0.959,5.75,0.167
NVIDIA,270p,SparksElevator_270p,32,slow,0.456532,3546.45,34.379616,32.75767,29.636848,33.981821,0.9521,5.71,0.167
NVIDIA,270p,SparksElevator_270p,37,slow,0.237226,1842.83,31.593771,32.899032,29.717838,31.558104,0.9492,5.7,0.167
NVIDIA,270p,Vertical_Bayshore_270p,22,ultrafast,0.991511,3851.14,42.672955,32.508878,35.388548,41.582425,0.8075,5.65,0.143
NVIDIA,270p,Vertical_Bayshore_270p,27,ultrafast,0.594893,2310.63,38.891692,32.499625,35.420679,38.27525,0.8049,5.63,0.143
NVIDIA,270p,Vertical_Bayshore_270p,32,ultrafast,0.307028,1192.53,35.336049,32.596705,35.532418,35.177113,0.9415,5.65,0.167
NVIDIA,270p,Vertical_Bayshore_270p,37,ultrafast,0.133915,520.14,32.465097,32.669528,35.614305,32.674699,0.6977,4.19,0.167
NVIDIA,270p,Vertical_Bayshore_270p,22,fast,0.983334,3819.38,42.730213,32.509949,35.388139,41.632567,0.7087,4.25,0.167
NVIDIA,270p,Vertical_Bayshore_270p,27,fast,0.588227,2284.74,38.944479,32.486513,35.434181,38.321463,0.7081,4.25,0.167
NVIDIA,270p,Vertical_Bayshore_270p,32,fast,0.30364,1179.37,35.400309,32.605716,35.485326,35.230961,0.7073,4.24,0.167
NVIDIA,270p,Vertical_Bayshore_270p,37,fast,0.13142,510.45,32.527979,32.678607,35.644152,32.732154,0.9457,5.67,0.167
NVIDIA,270p,Vertical_Bayshore_270p,22,medium,0.973193,3779.99,42.971542,32.499092,35.380659,41.842584,0.9267,4.32,0.214
NVIDIA,270p,Vertical_Bayshore_270p,27,medium,0.590464,2293.43,39.189655,32.493097,35.371797,38.532504,0.9541,5.73,0.167
NVIDIA,270p,Vertical_Bayshore_270p,32,medium,0.303081,1177.2,35.50607,32.594084,35.505818,35.324055,0.8049,4.29,0.188
NVIDIA,270p,Vertical_Bayshore_270p,37,medium,0.129556,503.21,32.482737,32.657536,35.579071,32.687183,0.9543,5.72,0.167
NVIDIA,270p,Vertical_Bayshore_270p,22,slow,0.973193,3779.99,42.971542,32.499092,35.380659,41.842584,0.9552,5.73,0.167
NVIDIA,270p,Vertical_Bayshore_270p,27,slow,0.590464,2293.43,39.189655,32.493097,35.371797,38.532504,0.9543,5.73,0.167
NVIDIA,270p,Vertical_Bayshore_270p,32,slow,0.303081,1177.2,35.50607,32.594084,35.505818,35.324055,0.9525,5.72,0.167
NVIDIA,270p,Vertical_Bayshore_270p,37,slow,0.129556,503.21,32.482737,32.657536,35.579071,32.687183,0.9569,5.74,0.167
