video_name,qp,preset,bitrate_kbps,psnr_y,psnr_u,psnr_v
BoxingPractice_4k,22,ultrafast,211947.78,43.447706,28.578982,29.975309
BoxingPractice_4k,27,ultrafast,98448.19,41.553952,28.602378,29.997436
BoxingPractice_4k,32,ultrafast,54137.51,39.823259,28.633766,30.03532
BoxingPractice_4k,37,ultrafast,31965.99,37.748584,28.688721,30.068792
BoxingPractice_4k,22,fast,210401.41,43.413703,28.58455,29.979303
BoxingPractice_4k,27,fast,97519.09,41.521993,28.615374,30.004866
BoxingPractice_4k,32,fast,53155.77,39.773132,28.642923,30.038479
BoxingPractice_4k,37,fast,31152.53,37.691668,28.69716,30.071883
BoxingPractice_4k,22,medium,205263.41,43.466991,28.56748,29.966133
BoxingPractice_4k,27,medium,94282.28,41.529614,28.585315,29.985048
BoxingPractice_4k,32,medium,51639.7,39.709535,28.61201,30.018918
BoxingPractice_4k,37,medium,30512.48,37.541575,28.6618,30.051893
BoxingPractice_4k,22,slow,205263.41,43.466991,28.56748,29.966133
BoxingPractice_4k,27,slow,94282.28,41.529614,28.585315,29.985048
BoxingPractice_4k,32,slow,51639.7,39.709535,28.61201,30.018918
BoxingPractice_4k,37,slow,30512.48,37.541575,28.6618,30.051893
Crosswalk_4k,22,ultrafast,111459.08,43.336326,26.072374,24.554156
Crosswalk_4k,27,ultrafast,38477.44,42.317389,26.097172,24.547786
Crosswalk_4k,32,ultrafast,20433.73,41.40764,26.094249,24.550315
Crosswalk_4k,37,ultrafast,12412.24,40.154444,26.095058,24.553607
Crosswalk_4k,22,fast,108651.59,43.335572,26.07286,24.55413
Crosswalk_4k,27,fast,37477.15,42.340638,26.099399,24.546811
Crosswalk_4k,32,fast,19876.08,41.456993,26.095993,24.549333
Crosswalk_4k,37,fast,12111.82,40.238726,26.09744,24.553855
Crosswalk_4k,22,medium,109566.99,43.333515,26.074621,24.551966
Crosswalk_4k,27,medium,37671.74,42.282709,26.097736,24.54586
Crosswalk_4k,32,medium,19936.83,41.309647,26.094118,24.547787
Crosswalk_4k,37,medium,12113.44,40.004671,26.095707,24.552179
Crosswalk_4k,22,slow,109566.99,43.333515,26.074621,24.551966
Crosswalk_4k,27,slow,37671.74,42.282709,26.097736,24.54586
Crosswalk_4k,32,slow,19936.83,41.309647,26.094118,24.547787
Crosswalk_4k,37,slow,12113.44,40.004671,26.095707,24.552179
FoodMarket2_4k,22,ultrafast,204822.38,44.351465,24.186025,24.731034
FoodMarket2_4k,27,ultrafast,114377.75,42.419444,24.199348,24.737997
FoodMarket2_4k,32,ultrafast,66029.75,40.119592,24.208412,24.757778
FoodMarket2_4k,37,ultrafast,39286.94,37.581258,24.21813,24.771565
FoodMarket2_4k,22,fast,200909.89,44.375812,24.18684,24.730032
FoodMarket2_4k,27,fast,112156.26,42.454911,24.201743,24.737023
FoodMarket2_4k,32,fast,64468.89,40.1605,24.209816,24.753655
FoodMarket2_4k,37,fast,38347.6,37.64151,24.218977,24.767693
FoodMarket2_4k,22,medium,201053.84,44.288909,24.182445,24.726868
FoodMarket2_4k,27,medium,111863.38,42.25225,24.193664,24.732061
FoodMarket2_4k,32,medium,64477.73,39.847325,24.20041,24.749525
FoodMarket2_4k,37,medium,38389.32,37.268189,24.20852,24.762755
FoodMarket2_4k,22,slow,201053.84,44.288909,24.182445,24.726868
FoodMarket2_4k,27,slow,111863.38,42.25225,24.193664,24.732061
FoodMarket2_4k,32,slow,64477.73,39.847325,24.20041,24.749525
FoodMarket2_4k,37,slow,38389.32,37.268189,24.20852,24.762755
Neon1224_4k,22,ultrafast,89975.08,46.139798,17.257519,19.549041
Neon1224_4k,27,ultrafast,50896.39,43.415534,17.260032,19.552569
Neon1224_4k,32,ultrafast,28893.61,40.83927,17.267031,19.552777
Neon1224_4k,37,ultrafast,17416.67,38.362055,17.273731,19.553078
Neon1224_4k,22,fast,91373.66,45.810032,17.257362,19.549663
Neon1224_4k,27,fast,51020.65,43.155588,17.260949,19.552965
Neon1224_4k,32,fast,28775.32,40.629941,17.267678,19.552828
Neon1224_4k,37,fast,17225.28,38.175606,17.2724,19.552213
Neon1224_4k,22,medium,86625.32,46.327065,17.255774,19.548336
Neon1224_4k,27,medium,49616.42,43.605065,17.256824,19.550946
Neon1224_4k,32,medium,28094.53,40.882676,17.262783,19.550172
Neon1224_4k,37,medium,16730.21,38.229387,17.267068,19.550249
Neon1224_4k,22,slow,86625.32,46.327065,17.255774,19.548336
Neon1224_4k,27,slow,49616.42,43.605065,17.256824,19.550946
Neon1224_4k,32,slow,28094.53,40.882676,17.262783,19.550172
Neon1224_4k,37,slow,16730.21,38.229387,17.267068,19.550249
NocturneDance_4k,22,ultrafast,210395.98,47.034519,17.313467,17.209104
NocturneDance_4k,27,ultrafast,117451.54,44.152558,17.308057,17.213226
NocturneDance_4k,32,ultrafast,63811.07,41.095715,17.29674,17.21591
NocturneDance_4k,37,ultrafast,33470.77,38.083792,17.295756,17.217739
NocturneDance_4k,22,fast,211648.14,47.000426,17.314818,17.210033
NocturneDance_4k,27,fast,117600.82,44.105541,17.309952,17.214921
NocturneDance_4k,32,fast,63350.45,40.993076,17.297289,17.218172
NocturneDance_4k,37,fast,32867.95,37.981948,17.294403,17.219132
NocturneDance_4k,22,medium,207451.54,46.847611,17.310698,17.208358
NocturneDance_4k,27,medium,116087.26,43.914243,17.304426,17.21248
NocturneDance_4k,32,medium,63213.82,40.731228,17.292115,17.215256
NocturneDance_4k,37,medium,33072.37,37.713784,17.291409,17.21725
NocturneDance_4k,22,slow,207451.54,46.847611,17.310698,17.208358
NocturneDance_4k,27,slow,116087.26,43.914243,17.304426,17.21248
NocturneDance_4k,32,slow,63213.82,40.731228,17.292115,17.215256
NocturneDance_4k,37,slow,33072.37,37.713784,17.291409,17.21725
PierSeaSide_4k,22,ultrafast,67510.83,45.675685,20.609724,23.852555
PierSeaSide_4k,27,ultrafast,35947.46,43.966494,20.603318,23.886642
PierSeaSide_4k,32,ultrafast,20643.35,41.882717,20.611167,23.882002
PierSeaSide_4k,37,ultrafast,12219.47,39.494765,20.610295,23.885841
PierSeaSide_4k,22,fast,67024.96,45.670284,20.610064,23.85416
PierSeaSide_4k,27,fast,35610.87,43.950741,20.603388,23.890717
PierSeaSide_4k,32,fast,20358.8,41.848595,20.610219,23.885549
PierSeaSide_4k,37,fast,12009.47,39.477794,20.610696,23.884255
PierSeaSide_4k,22,medium,65682.29,45.677406,20.608826,23.845474
PierSeaSide_4k,27,medium,34892.8,43.927957,20.603281,23.876649
PierSeaSide_4k,32,medium,20068.66,41.739281,20.609716,23.870002
PierSeaSide_4k,37,medium,11934.88,39.267171,20.60963,23.869611
PierSeaSide_4k,22,slow,65682.29,45.677406,20.608826,23.845474
PierSeaSide_4k,27,slow,34892.8,43.927957,20.603281,23.876649
PierSeaSide_4k,32,slow,20068.66,41.739281,20.609716,23.870002
PierSeaSide_4k,37,slow,11934.88,39.267171,20.60963,23.869611
Tango_4k,22,ultrafast,212925.41,41.788772,23.846058,21.01906
Tango_4k,27,ultrafast,71841.44,40.221451,23.855116,21.013639
Tango_4k,32,ultrafast,34807.75,39.215221,23.864952,21.019859
Tango_4k,37,ultrafast,20670.35,37.970735,23.871454,21.023045
Tango_4k,22,fast,213485.79,41.826298,23.847239,21.01849
Tango_4k,27,fast,69655.82,40.224768,23.857521,21.012735
Tango_4k,32,fast,33825.71,39.234688,23.864847,21.018815
Tango_4k,37,fast,20061.71,38.007389,23.870583,21.024895
Tango_4k,22,medium,213578.9,41.844766,23.845235,21.01737
Tango_4k,27,medium,69497.13,40.1952,23.8529,21.012624
Tango_4k,32,medium,33606.23,39.114996,23.860293,21.018633
Tango_4k,37,medium,19966.87,37.810385,23.865913,21.023567
Tango_4k,22,slow,213578.9,41.844766,23.845235,21.01737
Tango_4k,27,slow,69497.13,40.1952,23.8529,21.012624
Tango_4k,32,slow,33606.23,39.114996,23.860293,21.018633
Tango_4k,37,slow,19966.87,37.810385,23.865913,21.023567
TimeLapse_4k,22,ultrafast,254005.39,44.080308,28.435817,27.863
TimeLapse_4k,27,ultrafast,140020.2,41.506144,28.4544,27.883025
TimeLapse_4k,32,ultrafast,77439.92,38.851122,28.459782,27.910414
TimeLapse_4k,37,ultrafast,41885.38,36.202163,28.461968,27.940433
TimeLapse_4k,22,fast,252907.78,44.042047,28.440053,27.865455
TimeLapse_4k,27,fast,139109.47,41.479581,28.461017,27.888625
TimeLapse_4k,32,fast,76505.51,38.807937,28.462167,27.91512
TimeLapse_4k,37,fast,41064.41,36.172007,28.461153,27.941164
TimeLapse_4k,22,medium,250358.84,44.113595,28.434043,27.85346
TimeLapse_4k,27,medium,137125.9,41.480223,28.448756,27.872214
TimeLapse_4k,32,medium,75502.55,38.728668,28.453972,27.898378
TimeLapse_4k,37,medium,40767.79,36.014248,28.452145,27.923431
TimeLapse_4k,22,slow,250358.84,44.113595,28.434043,27.85346
TimeLapse_4k,27,slow,137125.9,41.480223,28.448756,27.872214
TimeLapse_4k,32,slow,75502.55,38.728668,28.453972,27.898378
TimeLapse_4k,37,slow,40767.79,36.014248,28.452145,27.923431
Boat_2k,22,ultrafast,199929.0,41.785839,22.643844,22.465405
Boat_2k,27,ultrafast,125600.88,38.030513,22.658992,22.48799
Boat_2k,32,ultrafast,75245.59,34.383362,22.685268,22.510139
Boat_2k,37,ultrafast,43229.35,31.065388,22.722034,22.540804
Boat_2k,22,fast,199175.56,41.830529,22.644407,22.464702
Boat_2k,27,fast,124948.11,38.077217,22.659423,22.487198
Boat_2k,32,fast,74730.25,34.444783,22.687409,22.5078
Boat_2k,37,fast,42885.93,31.139909,22.715482,22.534314
Boat_2k,22,medium,200336.78,41.906253,22.635985,22.455362
Boat_2k,27,medium,126372.96,38.125252,22.646629,22.469668
Boat_2k,32,medium,75648.56,34.430618,22.67328,22.491272
Boat_2k,37,medium,43184.45,31.037965,22.703744,22.516401
Boat_2k,22,slow,200336.78,41.906253,22.635985,22.455362
Boat_2k,27,slow,126372.96,38.125252,22.646629,22.469668
Boat_2k,32,slow,75648.56,34.430618,22.67328,22.491272
Boat_2k,37,slow,43184.45,31.037965,22.703744,22.516401
FoodMarket_2k,22,ultrafast,101650.72,41.375927,27.097054,28.32799
FoodMarket_2k,27,ultrafast,45537.63,38.940337,27.132194,28.36031
FoodMarket_2k,32,ultrafast,22944.9,36.878321,27.178469,28.394369
FoodMarket_2k,37,ultrafast,11862.22,34.754288,27.212935,28.402995
FoodMarket_2k,22,fast,101026.7,41.408037,27.094868,28.329202
FoodMarket_2k,27,fast,45063.85,38.982716,27.129142,28.360598
FoodMarket_2k,32,fast,22625.44,36.944231,27.177773,28.390734
FoodMarket_2k,37,fast,11658.57,34.835674,27.215035,28.400506
FoodMarket_2k,22,medium,101276.16,41.443303,27.082642,28.318275
FoodMarket_2k,27,medium,44823.37,38.94646,27.113748,28.349791
FoodMarket_2k,32,medium,22441.46,36.79088,27.15644,28.376851
FoodMarket_2k,37,medium,11587.77,34.611828,27.19311,28.387806
FoodMarket_2k,22,slow,101276.16,41.443303,27.082642,28.318275
FoodMarket_2k,27,slow,44823.37,38.94646,27.113748,28.349791
FoodMarket_2k,32,slow,22441.46,36.79088,27.15644,28.376851
FoodMarket_2k,37,slow,11587.77,34.611828,27.19311,28.387806
MeridianTalk_sdr_2k,22,ultrafast,42353.68,43.035567,28.07851,26.879904
MeridianTalk_sdr_2k,27,ultrafast,17265.45,41.524167,28.111363,26.897078
MeridianTalk_sdr_2k,32,ultrafast,9001.53,40.06013,28.1417,26.935549
MeridianTalk_sdr_2k,37,ultrafast,4944.61,38.359914,28.139626,26.965782
MeridianTalk_sdr_2k,22,fast,41133.43,43.067711,28.078201,26.880162
MeridianTalk_sdr_2k,27,fast,16464.96,41.576948,28.111895,26.898291
MeridianTalk_sdr_2k,32,fast,8510.15,40.152275,28.148339,26.936328
MeridianTalk_sdr_2k,37,fast,4693.48,38.49302,28.133255,26.961478
MeridianTalk_sdr_2k,22,medium,40642.56,43.077912,28.080149,26.875945
MeridianTalk_sdr_2k,27,medium,16281.3,41.53406,28.112189,26.89053
MeridianTalk_sdr_2k,32,medium,8461.39,40.010273,28.143579,26.93406
MeridianTalk_sdr_2k,37,medium,4687.22,38.270187,28.124593,26.964341
MeridianTalk_sdr_2k,22,slow,40642.56,43.077912,28.080149,26.875945
MeridianTalk_sdr_2k,27,slow,16281.3,41.53406,28.112189,26.89053
MeridianTalk_sdr_2k,32,slow,8461.39,40.010273,28.143579,26.93406
MeridianTalk_sdr_2k,37,slow,4687.22,38.270187,28.124593,26.964341
RushFieldCuts_2k,22,ultrafast,76042.14,43.548812,26.800866,28.908123
RushFieldCuts_2k,27,ultrafast,48656.22,39.461746,26.867447,28.938842
RushFieldCuts_2k,32,ultrafast,27663.33,35.621106,26.958911,29.005179
RushFieldCuts_2k,37,ultrafast,16039.62,32.533966,27.043596,29.05844
RushFieldCuts_2k,22,fast,75367.07,43.806373,26.800168,28.908613
RushFieldCuts_2k,27,fast,48560.82,39.65128,26.863967,28.936273
RushFieldCuts_2k,32,fast,27517.29,35.736226,26.951808,29.003079
RushFieldCuts_2k,37,fast,15934.95,32.651933,27.034325,29.057485
RushFieldCuts_2k,22,medium,75327.69,43.80295,26.765977,28.884025
RushFieldCuts_2k,27,medium,47658.54,39.493851,26.808791,28.909944
RushFieldCuts_2k,32,medium,27570.14,35.690468,26.889271,28.976849
RushFieldCuts_2k,37,medium,15994.44,32.489478,26.970283,29.023664
RushFieldCuts_2k,22,slow,75327.69,43.80295,26.765977,28.884025
RushFieldCuts_2k,27,slow,47658.54,39.493851,26.808791,28.909944
RushFieldCuts_2k,32,slow,27570.14,35.690468,26.889271,28.976849
RushFieldCuts_2k,37,slow,15994.44,32.489478,26.970283,29.023664
ToddlerFountain_2k,22,ultrafast,85944.32,41.245454,33.297741,32.727661
ToddlerFountain_2k,27,ultrafast,49717.38,37.623309,33.420798,32.846596
ToddlerFountain_2k,32,ultrafast,26127.5,34.297044,33.553247,33.008561
ToddlerFountain_2k,37,ultrafast,12665.15,31.484173,33.663819,33.08774
ToddlerFountain_2k,22,fast,85519.17,41.295815,33.294304,32.730895
ToddlerFountain_2k,27,fast,49424.45,37.684285,33.413825,32.846874
ToddlerFountain_2k,32,fast,25959.37,34.36982,33.542393,33.018457
ToddlerFountain_2k,37,fast,12569.26,31.559396,33.648181,33.08144
ToddlerFountain_2k,22,medium,85525.44,41.455432,33.250736,32.691162
ToddlerFountain_2k,27,medium,50181.82,37.867848,33.353289,32.806247
ToddlerFountain_2k,32,medium,26500.66,34.443923,33.484964,32.957323
ToddlerFountain_2k,37,medium,12670.91,31.454105,33.618415,33.037043
ToddlerFountain_2k,22,slow,85525.44,41.455432,33.250736,32.691162
ToddlerFountain_2k,27,slow,50181.82,37.867848,33.353289,32.806247
ToddlerFountain_2k,32,slow,26500.66,34.443923,33.484964,32.957323
ToddlerFountain_2k,37,slow,12670.91,31.454105,33.618415,33.037043
TreesAndGrass_2k,22,ultrafast,156799.93,40.633755,17.230201,18.377467
TreesAndGrass_2k,27,ultrafast,108153.69,36.291861,17.230498,18.38932
TreesAndGrass_2k,32,ultrafast,68822.29,32.023668,17.228089,18.404513
TreesAndGrass_2k,37,ultrafast,39600.8,28.180173,17.228873,18.420989
TreesAndGrass_2k,22,fast,156700.42,40.697178,17.229868,18.377265
TreesAndGrass_2k,27,fast,108080.06,36.349206,17.230092,18.388759
TreesAndGrass_2k,32,fast,68791.9,32.079133,17.226873,18.403264
TreesAndGrass_2k,37,fast,39592.75,28.231845,17.232083,18.421349
TreesAndGrass_2k,22,medium,158163.52,40.890071,17.227609,18.372808
TreesAndGrass_2k,27,medium,110606.95,36.54043,17.227112,18.380971
TreesAndGrass_2k,32,medium,70878.35,32.243122,17.224142,18.397478
TreesAndGrass_2k,37,medium,40469.59,28.317996,17.226755,18.414316
TreesAndGrass_2k,22,slow,158163.52,40.890071,17.227609,18.372808
TreesAndGrass_2k,27,slow,110606.95,36.54043,17.227112,18.380971
TreesAndGrass_2k,32,slow,70878.35,32.243122,17.224142,18.397478
TreesAndGrass_2k,37,slow,40469.59,28.317996,17.226755,18.414316
Aerial3200_2k,22,ultrafast,150527.34,41.618904,26.633848,25.461761
Aerial3200_2k,27,ultrafast,83079.78,38.282733,26.682627,25.490669
Aerial3200_2k,32,ultrafast,43012.52,35.206956,26.730666,25.519967
Aerial3200_2k,37,ultrafast,21267.02,32.535864,26.77991,25.546181
Aerial3200_2k,22,fast,150371.77,41.655901,26.631521,25.459979
Aerial3200_2k,27,fast,82906.02,38.330081,26.679121,25.492109
Aerial3200_2k,32,fast,42919.37,35.274768,26.72638,25.515685
Aerial3200_2k,37,fast,21215.12,32.612675,26.784654,25.543847
Aerial3200_2k,22,medium,151355.94,41.667852,26.61497,25.447872
Aerial3200_2k,27,medium,83641.46,38.331921,26.66043,25.472411
Aerial3200_2k,32,medium,43121.01,35.155589,26.715745,25.497404
Aerial3200_2k,37,medium,21150.21,32.371726,26.758591,25.527433
Aerial3200_2k,22,slow,151355.94,41.667852,26.61497,25.447872
Aerial3200_2k,27,slow,83641.46,38.331921,26.66043,25.472411
Aerial3200_2k,32,slow,43121.01,35.155589,26.715745,25.497404
Aerial3200_2k,37,slow,21150.21,32.371726,26.758591,25.527433
CrowdRun_1080p50,22,ultrafast,216836.33,40.421112,25.703578,23.621711
CrowdRun_1080p50,27,ultrafast,129299.44,36.733364,25.761633,23.696792
CrowdRun_1080p50,32,ultrafast,74461.25,33.304425,25.830317,23.793842
CrowdRun_1080p50,37,ultrafast,41326.63,30.169526,25.892318,23.902641
CrowdRun_1080p50,22,fast,216053.48,40.468309,25.702222,23.62043
CrowdRun_1080p50,27,fast,128724.96,36.788363,25.75982,23.693078
CrowdRun_1080p50,32,fast,74101.99,33.371594,25.82833,23.788151
CrowdRun_1080p50,37,fast,41137.31,30.251094,25.892132,23.896695
CrowdRun_1080p50,22,medium,214035.55,40.597344,25.681812,23.587551
CrowdRun_1080p50,27,medium,128133.36,36.94016,25.729603,23.635784
CrowdRun_1080p50,32,medium,74546.16,33.530712,25.794957,23.71563
CrowdRun_1080p50,37,medium,41762.61,30.34813,25.85706,23.81063
CrowdRun_1080p50,22,slow,214035.55,40.597344,25.681812,23.587551
CrowdRun_1080p50,27,slow,128133.36,36.94016,25.729603,23.635784
CrowdRun_1080p50,32,slow,74546.16,33.530712,25.794957,23.71563
CrowdRun_1080p50,37,slow,41762.61,30.34813,25.85706,23.81063
DinnerSceneCropped_2k,22,ultrafast,48347.28,40.725708,30.257604,33.126166
DinnerSceneCropped_2k,27,ultrafast,12708.85,38.074156,30.336812,33.257269
DinnerSceneCropped_2k,32,ultrafast,2560.05,37.158837,30.414936,33.371685
DinnerSceneCropped_2k,37,ultrafast,1284.83,36.71667,30.433566,33.400962
DinnerSceneCropped_2k,22,fast,48499.92,40.756184,30.255877,33.125539
DinnerSceneCropped_2k,27,fast,12669.43,38.095126,30.337457,33.260707
DinnerSceneCropped_2k,32,fast,2486.53,37.180925,30.410242,33.373266
DinnerSceneCropped_2k,37,fast,1243.07,36.757958,30.429966,33.402053
DinnerSceneCropped_2k,22,medium,48835.32,40.797416,30.240349,33.090308
DinnerSceneCropped_2k,27,medium,12582.03,38.087243,30.325319,33.23781
DinnerSceneCropped_2k,32,medium,2492.7,37.137933,30.402685,33.358259
DinnerSceneCropped_2k,37,medium,1241.39,36.674708,30.427798,33.396961
DinnerSceneCropped_2k,22,slow,48835.32,40.797416,30.240349,33.090308
DinnerSceneCropped_2k,27,slow,12582.03,38.087243,30.325319,33.23781
DinnerSceneCropped_2k,32,slow,2492.7,37.137933,30.402685,33.358259
DinnerSceneCropped_2k,37,slow,1241.39,36.674708,30.427798,33.396961
Motorcycle_2k,22,ultrafast,89805.92,42.688988,21.770232,22.979492
Motorcycle_2k,27,ultrafast,59564.75,38.746671,21.791089,22.991765
Motorcycle_2k,32,ultrafast,37142.27,34.826818,21.82376,23.010485
Motorcycle_2k,37,ultrafast,21739.68,31.227352,21.860089,23.037146
Motorcycle_2k,22,fast,88546.82,42.774601,21.770173,22.978895
Motorcycle_2k,27,fast,58660.33,38.844338,21.789995,22.989425
Motorcycle_2k,32,fast,36532.46,34.928643,21.819232,23.012244
Motorcycle_2k,37,fast,21352.43,31.33163,21.85746,23.030369
Motorcycle_2k,22,medium,83741.82,43.252171,21.758072,22.973451
Motorcycle_2k,27,medium,57011.02,39.388983,21.770935,22.981074
Motorcycle_2k,32,medium,36680.14,35.43146,21.798641,23.000363
Motorcycle_2k,37,medium,22028.56,31.684491,21.835042,23.021209
Motorcycle_2k,22,slow,83741.82,43.252171,21.758072,22.973451
Motorcycle_2k,27,slow,57011.02,39.388983,21.770935,22.981074
Motorcycle_2k,32,slow,36680.14,35.43146,21.798641,23.000363
Motorcycle_2k,37,slow,22028.56,31.684491,21.835042,23.021209
MountainBike_2k,22,ultrafast,80009.09,42.602845,23.469074,22.744442
MountainBike_2k,27,ultrafast,50993.46,38.852991,23.485076,22.753726
MountainBike_2k,32,ultrafast,30517.89,35.22651,23.507436,22.766998
MountainBike_2k,37,ultrafast,17378.3,31.913797,23.535745,22.781356
MountainBike_2k,22,fast,79220.01,42.691017,23.468277,22.745223
MountainBike_2k,27,fast,50464.54,38.950152,23.484108,22.754312
MountainBike_2k,32,fast,30178.78,35.329508,23.506918,22.764496
MountainBike_2k,37,fast,17180.73,32.02146,23.533075,22.782672
MountainBike_2k,22,medium,75862.7,43.128359,23.459657,22.737672
MountainBike_2k,27,medium,49903.87,39.38137,23.469628,22.74211
MountainBike_2k,32,medium,30569.41,35.604943,23.487505,22.751087
MountainBike_2k,37,medium,17437.02,32.08045,23.511752,22.76555
MountainBike_2k,22,slow,75862.7,43.128359,23.459657,22.737672
MountainBike_2k,27,slow,49903.87,39.38137,23.469628,22.74211
MountainBike_2k,32,slow,30569.41,35.604943,23.487505,22.751087
MountainBike_2k,37,slow,17437.02,32.08045,23.511752,22.76555
OldTownCross_1080p50,22,ultrafast,158706.07,40.131792,30.192301,28.765369
OldTownCross_1080p50,27,ultrafast,70103.99,36.734419,30.320604,28.91413
OldTownCross_1080p50,32,ultrafast,32138.32,34.483725,30.321258,29.0567
OldTownCross_1080p50,37,ultrafast,16779.65,32.387854,30.321202,29.188725
OldTownCross_1080p50,22,fast,158082.32,40.164546,30.190749,28.762974
OldTownCross_1080p50,27,fast,69505.17,36.769885,30.319236,28.911326
OldTownCross_1080p50,32,fast,31778.87,34.542805,30.319307,29.059344
OldTownCross_1080p50,37,fast,16590.41,32.466187,30.320489,29.183148
OldTownCross_1080p50,22,medium,158167.85,40.26862,30.164232,28.710387
OldTownCross_1080p50,27,medium,69468.63,36.86761,30.303071,28.846333
OldTownCross_1080p50,32,medium,31990.81,34.577628,30.31422,28.992196
OldTownCross_1080p50,37,medium,16654.79,32.354521,30.31331,29.10482
OldTownCross_1080p50,22,slow,158167.85,40.26862,30.164232,28.710387
OldTownCross_1080p50,27,slow,69468.63,36.86761,30.303071,28.846333
OldTownCross_1080p50,32,slow,31990.81,34.577628,30.31422,28.992196
OldTownCross_1080p50,37,slow,16654.79,32.354521,30.31331,29.10482
PedestrianArea_1080p25,22,ultrafast,21962.83,43.455532,28.972907,31.354299
PedestrianArea_1080p25,27,ultrafast,10399.15,41.680185,29.009981,31.378499
PedestrianArea_1080p25,32,ultrafast,5870.62,39.814312,29.055804,31.42846
PedestrianArea_1080p25,37,ultrafast,3456.63,37.648867,29.107673,31.470704
PedestrianArea_1080p25,22,fast,21523.88,43.491584,28.972515,31.352078
PedestrianArea_1080p25,27,fast,10103.23,41.742133,29.008668,31.379685
PedestrianArea_1080p25,32,fast,5676.83,39.90663,29.049341,31.426803
PedestrianArea_1080p25,37,fast,3333.25,37.772972,29.106826,31.470801
PedestrianArea_1080p25,22,medium,21231.88,43.476701,28.958467,31.340397
PedestrianArea_1080p25,27,medium,9986.26,41.644079,28.986155,31.364003
PedestrianArea_1080p25,32,medium,5638.69,39.664424,29.024917,31.401998
PedestrianArea_1080p25,37,medium,3325.65,37.439915,29.076511,31.448548
PedestrianArea_1080p25,22,slow,21231.88,43.476701,28.958467,31.340397
PedestrianArea_1080p25,27,slow,9986.26,41.644079,28.986155,31.364003
PedestrianArea_1080p25,32,slow,5638.69,39.664424,29.024917,31.401998
PedestrianArea_1080p25,37,slow,3325.65,37.439915,29.076511,31.448548
RitualDance_2k,22,ultrafast,38115.79,46.759462,26.157796,24.514524
RitualDance_2k,27,ultrafast,22877.22,44.307705,26.178833,24.508432
RitualDance_2k,32,ultrafast,13574.94,41.496654,26.191714,24.52656
RitualDance_2k,37,ultrafast,7998.35,38.610794,26.196256,24.547137
RitualDance_2k,22,fast,36873.35,46.828553,26.159009,24.514513
RitualDance_2k,27,fast,22051.74,44.414947,26.180184,24.509141
RitualDance_2k,32,fast,13044.8,41.643197,26.191019,24.529526
RitualDance_2k,37,fast,7695.39,38.788919,26.196468,24.544563
RitualDance_2k,22,medium,35372.53,46.841974,26.156094,24.50699
RitualDance_2k,27,medium,21370.58,44.392682,26.174602,24.502838
RitualDance_2k,32,medium,12794.09,41.512753,26.186938,24.517121
RitualDance_2k,37,medium,7613.67,38.486132,26.17981,24.533483
RitualDance_2k,22,slow,35372.53,46.841974,26.156094,24.50699
RitualDance_2k,27,slow,21370.58,44.392682,26.174602,24.502838
RitualDance_2k,32,slow,12794.09,41.512753,26.186938,24.517121
RitualDance_2k,37,slow,7613.67,38.486132,26.17981,24.533483
Riverbed_1080p25,22,ultrafast,43388.13,42.314246,28.685341,30.387671
Riverbed_1080p25,27,ultrafast,22932.48,39.720047,28.75031,30.446885
Riverbed_1080p25,32,ultrafast,12745.9,37.141214,28.820703,30.514696
Riverbed_1080p25,37,ultrafast,7139.6,34.528091,28.880656,30.580883
Riverbed_1080p25,22,fast,43334.32,42.355268,28.682279,30.386896
Riverbed_1080p25,27,fast,22874.76,39.772656,28.745115,30.445129
Riverbed_1080p25,32,fast,12685.59,37.215794,28.814462,30.516593
Riverbed_1080p25,37,fast,7092.97,34.613277,28.883481,30.571544
Riverbed_1080p25,22,medium,43588.79,42.308875,28.661019,30.366375
Riverbed_1080p25,27,medium,22881.53,39.630961,28.723547,30.42588
Riverbed_1080p25,32,medium,12645.77,36.945619,28.796441,30.488248
Riverbed_1080p25,37,medium,7070.03,34.278179,28.86161,30.547769
Riverbed_1080p25,22,slow,43588.79,42.308875,28.661019,30.366375
Riverbed_1080p25,27,slow,22881.53,39.630961,28.723547,30.42588
Riverbed_1080p25,32,slow,12645.77,36.945619,28.796441,30.488248
Riverbed_1080p25,37,slow,7070.03,34.278179,28.86161,30.547769
Skater227_2k,22,ultrafast,7244.38,48.61658,29.806467,29.941602
Skater227_2k,27,ultrafast,4062.66,46.884354,29.800755,29.95747
Skater227_2k,32,ultrafast,2330.25,44.861378,29.809864,29.998187
Skater227_2k,37,ultrafast,1398.55,42.636352,29.803385,30.037422
Skater227_2k,22,fast,7039.3,48.663817,29.804631,29.94144
Skater227_2k,27,fast,3940.51,46.968101,29.803155,29.956265
Skater227_2k,32,fast,2264.17,44.980172,29.809844,29.998543
Skater227_2k,37,fast,1357.55,42.776764,29.801336,30.028769
Skater227_2k,22,medium,7010.62,48.576696,29.804438,29.940086
Skater227_2k,27,medium,3941.43,46.777705,29.800145,29.955211
Skater227_2k,32,medium,2265.95,44.67149,29.804534,29.992729
Skater227_2k,37,medium,1360.23,42.393329,29.799133,30.01881
Skater227_2k,22,slow,7010.62,48.576696,29.804438,29.940086
Skater227_2k,27,slow,3941.43,46.777705,29.800145,29.955211
Skater227_2k,32,slow,2265.95,44.67149,29.804534,29.992729
Skater227_2k,37,slow,1360.23,42.393329,29.799133,30.01881
TunnelFlag_2k,22,ultrafast,116862.23,42.60865,23.15019,25.294485
TunnelFlag_2k,27,ultrafast,69682.35,39.657146,23.128482,25.315438
TunnelFlag_2k,32,ultrafast,40738.13,36.669997,23.145337,25.33636
TunnelFlag_2k,37,ultrafast,23749.15,33.773111,23.151495,25.366228
TunnelFlag_2k,22,fast,112137.99,42.651487,23.152049,25.292712
TunnelFlag_2k,27,fast,66052.38,39.730951,23.130136,25.313933
TunnelFlag_2k,32,fast,38122.45,36.783685,23.140636,25.332431
TunnelFlag_2k,37,fast,21993.73,33.93929,23.150775,25.365874
TunnelFlag_2k,22,medium,108508.4,42.680896,23.147697,25.282041
TunnelFlag_2k,27,medium,63807.95,39.75126,23.125332,25.299785
TunnelFlag_2k,32,medium,36950.46,36.765571,23.137608,25.329562
TunnelFlag_2k,37,medium,21542.63,33.838006,23.150817,25.366529
TunnelFlag_2k,22,slow,108508.4,42.680896,23.147697,25.282041
TunnelFlag_2k,27,slow,63807.95,39.75126,23.125332,25.299785
TunnelFlag_2k,32,slow,36950.46,36.765571,23.137608,25.329562
TunnelFlag_2k,37,slow,21542.63,33.838006,23.150817,25.366529
Vertical_bees_2k,22,ultrafast,33218.01,45.350854,18.87921,20.422668
Vertical_bees_2k,27,ultrafast,20964.23,42.477217,18.882486,20.425914
Vertical_bees_2k,32,ultrafast,13087.03,39.35904,18.886721,20.435257
Vertical_bees_2k,37,ultrafast,8071.91,36.229906,18.891491,20.446086
Vertical_bees_2k,22,fast,32645.58,45.414437,18.87912,20.422392
Vertical_bees_2k,27,fast,20522.11,42.570368,18.881659,20.426218
Vertical_bees_2k,32,fast,12783.35,39.492707,18.885324,20.434562
Vertical_bees_2k,37,fast,7892.26,36.383168,18.890396,20.446108
Vertical_bees_2k,22,medium,32212.68,45.385395,18.876887,20.420426
Vertical_bees_2k,27,medium,20357.34,42.470993,18.878393,20.422232
Vertical_bees_2k,32,medium,12755.57,39.299084,18.882421,20.429722
Vertical_bees_2k,37,medium,7914.86,36.070465,18.885391,20.437288
Vertical_bees_2k,22,slow,32212.68,45.385395,18.876887,20.420426
Vertical_bees_2k,27,slow,20357.34,42.470993,18.878393,20.422232
Vertical_bees_2k,32,slow,12755.57,39.299084,18.882421,20.429722
Vertical_bees_2k,37,slow,7914.86,36.070465,18.885391,20.437288
Vertical_Carnaby_2k,22,ultrafast,32431.44,47.703243,20.497851,19.907509
Vertical_Carnaby_2k,27,ultrafast,19075.93,45.309583,20.504884,19.906097
Vertical_Carnaby_2k,32,ultrafast,11690.57,42.73456,20.515092,19.912436
Vertical_Carnaby_2k,37,ultrafast,7508.03,39.998393,20.52183,19.915779
Vertical_Carnaby_2k,22,fast,31878.44,47.777397,20.497736,19.907592
Vertical_Carnaby_2k,27,fast,18690.93,45.394602,20.503643,19.906705
Vertical_Carnaby_2k,32,fast,11412.0,42.865517,20.515364,19.912011
Vertical_Carnaby_2k,37,fast,7313.1,40.164741,20.52172,19.912832
Vertical_Carnaby_2k,22,medium,31594.9,47.741511,20.495915,19.906127
Vertical_Carnaby_2k,27,medium,18610.45,45.178665,20.501123,19.905254
Vertical_Carnaby_2k,32,medium,11394.56,42.425553,20.508549,19.910175
Vertical_Carnaby_2k,37,medium,7318.12,39.603194,20.51751,19.913586
Vertical_Carnaby_2k,22,slow,31594.9,47.741511,20.495915,19.906127
Vertical_Carnaby_2k,27,slow,18610.45,45.178665,20.501123,19.905254
Vertical_Carnaby_2k,32,slow,11394.56,42.425553,20.508549,19.910175
Vertical_Carnaby_2k,37,slow,7318.12,39.603194,20.51751,19.913586
WalkingInStreet_2k,22,ultrafast,202093.11,39.979513,21.670155,27.479861
WalkingInStreet_2k,27,ultrafast,134022.85,35.695128,21.729867,27.585299
WalkingInStreet_2k,32,ultrafast,82208.06,31.727798,21.794795,27.701866
WalkingInStreet_2k,37,ultrafast,47982.18,28.179852,21.859045,27.799815
WalkingInStreet_2k,22,fast,202640.62,40.009392,21.672334,27.480964
WalkingInStreet_2k,27,fast,134482.81,35.715202,21.729766,27.582993
WalkingInStreet_2k,32,fast,82410.04,31.748923,21.795688,27.701567
WalkingInStreet_2k,37,fast,48026.88,28.203686,21.857508,27.801844
WalkingInStreet_2k,22,medium,202376.17,40.312786,21.646518,27.422274
WalkingInStreet_2k,27,medium,137823.33,35.988694,21.663573,27.462601
WalkingInStreet_2k,32,medium,85087.91,31.86268,21.722269,27.592721
WalkingInStreet_2k,37,medium,48658.55,28.135939,21.789432,27.731456
WalkingInStreet_2k,22,slow,202376.17,40.312786,21.646518,27.422274
WalkingInStreet_2k,27,slow,137823.33,35.988694,21.663573,27.462601
WalkingInStreet_2k,32,slow,85087.91,31.86268,21.722269,27.592721
WalkingInStreet_2k,37,slow,48658.55,28.135939,21.789432,27.731456
WorldCup_2k,22,ultrafast,20349.19,46.800346,27.298788,25.85291
WorldCup_2k,27,ultrafast,12397.19,44.102907,27.302302,25.863995
WorldCup_2k,32,ultrafast,7544.18,41.151839,27.311793,25.876685
WorldCup_2k,37,ultrafast,4554.71,38.127103,27.344685,25.884886
WorldCup_2k,22,fast,19568.38,46.878818,27.297591,25.85357
WorldCup_2k,27,fast,11837.07,44.228611,27.299789,25.863771
WorldCup_2k,32,fast,7184.64,41.320539,27.31355,25.87563
WorldCup_2k,37,fast,4321.44,38.321894,27.343172,25.883659
WorldCup_2k,22,medium,18802.93,46.957087,27.292279,25.849964
WorldCup_2k,27,medium,11457.44,44.247687,27.293517,25.858961
WorldCup_2k,32,medium,7020.25,41.218058,27.302503,25.867348
WorldCup_2k,37,medium,4255.06,38.078873,27.329315,25.87551
WorldCup_2k,22,slow,18802.93,46.957087,27.292279,25.849964
WorldCup_2k,27,slow,11457.44,44.247687,27.293517,25.858961
WorldCup_2k,32,slow,7020.25,41.218058,27.302503,25.867348
WorldCup_2k,37,slow,4255.06,38.078873,27.329315,25.87551
WorldCup_far_2k,22,ultrafast,62864.49,43.35693,18.743538,20.364847
WorldCup_far_2k,27,ultrafast,39288.22,39.990011,18.749189,20.378145
WorldCup_far_2k,32,ultrafast,23884.53,36.627664,18.759254,20.400247
WorldCup_far_2k,37,ultrafast,14241.13,33.436882,18.765863,20.421493
WorldCup_far_2k,22,fast,61704.19,43.426404,18.743956,20.363788
WorldCup_far_2k,27,fast,38444.52,40.087504,18.749717,20.37736
WorldCup_far_2k,32,fast,23308.45,36.756517,18.760453,20.396857
WorldCup_far_2k,37,fast,13903.86,33.58645,18.767655,20.418693
WorldCup_far_2k,22,medium,60219.63,43.521646,18.740476,20.355897
WorldCup_far_2k,27,medium,37813.04,40.145448,18.743479,20.363219
WorldCup_far_2k,32,medium,23125.91,36.71346,18.751108,20.380612
WorldCup_far_2k,37,medium,13856.27,33.389075,18.75699,20.397938
WorldCup_far_2k,22,slow,60219.63,43.521646,18.740476,20.355897
WorldCup_far_2k,27,slow,37813.04,40.145448,18.743479,20.363219
WorldCup_far_2k,32,slow,23125.91,36.71346,18.751108,20.380612
WorldCup_far_2k,37,slow,13856.27,33.389075,18.75699,20.397938
ControlledBurn_720p,22,ultrafast,39547.34,41.861466,24.747634,25.843642
ControlledBurn_720p,27,ultrafast,25758.28,38.049027,24.764356,25.860163
ControlledBurn_720p,32,ultrafast,15546.69,34.288619,24.764418,25.892672
ControlledBurn_720p,37,ultrafast,8614.12,30.890013,24.789278,25.924766
ControlledBurn_720p,22,fast,39382.08,41.911636,24.746859,25.845315
ControlledBurn_720p,27,fast,25623.44,38.106484,24.760948,25.855945
ControlledBurn_720p,32,fast,15435.7,34.353676,24.762171,25.895902
ControlledBurn_720p,37,fast,8538.58,30.969261,24.783857,25.931675
ControlledBurn_720p,22,medium,39511.16,42.011869,24.741328,25.836316
ControlledBurn_720p,27,medium,25915.64,38.205935,24.751563,25.852145
ControlledBurn_720p,32,medium,15696.46,34.416824,24.748348,25.882071
ControlledBurn_720p,37,medium,8636.84,30.920079,24.767876,25.904249
ControlledBurn_720p,22,slow,39511.16,42.011869,24.741328,25.836316
ControlledBurn_720p,27,slow,25915.64,38.205935,24.751563,25.852145
ControlledBurn_720p,32,slow,15696.46,34.416824,24.748348,25.882071
ControlledBurn_720p,37,slow,8636.84,30.920079,24.767876,25.904249
DrivingPOV_720p,22,ultrafast,76151.8,41.562166,27.316267,30.566716
DrivingPOV_720p,27,ultrafast,44904.47,37.90405,27.36093,30.629261
DrivingPOV_720p,32,ultrafast,24771.04,34.528218,27.414802,30.710448
DrivingPOV_720p,37,ultrafast,12892.31,31.59503,27.472249,30.790688
DrivingPOV_720p,22,fast,75255.62,41.612571,27.316549,30.563764
DrivingPOV_720p,27,fast,44227.37,37.970239,27.358198,30.632377
DrivingPOV_720p,32,fast,24302.71,34.606091,27.417333,30.700203
DrivingPOV_720p,37,fast,12612.4,31.686248,27.470888,30.788646
DrivingPOV_720p,22,medium,73829.85,41.838565,27.295314,30.539321
DrivingPOV_720p,27,medium,44282.25,38.241524,27.328809,30.587097
DrivingPOV_720p,32,medium,24853.55,34.849864,27.380584,30.666364
DrivingPOV_720p,37,medium,12882.91,31.723275,27.428466,30.749757
DrivingPOV_720p,22,slow,73829.85,41.838565,27.295314,30.539321
DrivingPOV_720p,27,slow,44282.25,38.241524,27.328809,30.587097
DrivingPOV_720p,32,slow,24853.55,34.849864,27.380584,30.666364
DrivingPOV_720p,37,slow,12882.91,31.723275,27.428466,30.749757
Johnny_720p,22,ultrafast,24964.37,43.926562,20.251152,21.294441
Johnny_720p,27,ultrafast,13747.38,41.738552,20.251657,21.301624
Johnny_720p,32,ultrafast,7932.67,39.398118,20.284241,21.289379
Johnny_720p,37,ultrafast,4637.74,36.875489,20.304557,21.29135
Johnny_720p,22,fast,24354.59,43.967155,20.251473,21.294267
Johnny_720p,27,fast,13293.36,41.80269,20.252159,21.298629
Johnny_720p,32,fast,7622.02,39.49217,20.280452,21.285144
Johnny_720p,37,fast,4421.71,36.984749,20.301403,21.291027
Johnny_720p,22,medium,23426.64,44.009061,20.248901,21.294301
Johnny_720p,27,medium,12842.7,41.832719,20.247908,21.299439
Johnny_720p,32,medium,7444.26,39.478201,20.28105,21.283489
Johnny_720p,37,medium,4402.58,36.840447,20.296995,21.284552
Johnny_720p,22,slow,23426.64,44.009061,20.248901,21.294301
Johnny_720p,27,slow,12842.7,41.832719,20.247908,21.299439
Johnny_720p,32,slow,7444.26,39.478201,20.28105,21.283489
Johnny_720p,37,slow,4402.58,36.840447,20.296995,21.284552
KristenAndSara_720p,22,ultrafast,27752.77,44.247086,20.927471,23.867268
KristenAndSara_720p,27,ultrafast,16395.09,41.84782,20.928722,23.878046
KristenAndSara_720p,32,ultrafast,9946.27,39.173077,20.96869,23.860185
KristenAndSara_720p,37,ultrafast,6086.78,36.343118,20.991581,23.867534
KristenAndSara_720p,22,fast,27016.42,44.294024,20.929084,23.866145
KristenAndSara_720p,27,fast,15877.86,41.928394,20.929094,23.877997
KristenAndSara_720p,32,fast,9569.66,39.273437,20.969914,23.858235
KristenAndSara_720p,37,fast,5816.69,36.46839,20.991006,23.863888
KristenAndSara_720p,22,medium,25631.97,44.357075,20.924851,23.866694
KristenAndSara_720p,27,medium,15126.3,41.987234,20.926935,23.876057
KristenAndSara_720p,32,medium,9229.82,39.291256,20.967703,23.852335
KristenAndSara_720p,37,medium,5661.98,36.393407,21.002249,23.86053
KristenAndSara_720p,22,slow,25631.97,44.357075,20.924851,23.866694
KristenAndSara_720p,27,slow,15126.3,41.987234,20.926935,23.876057
KristenAndSara_720p,32,slow,9229.82,39.291256,20.967703,23.852335
KristenAndSara_720p,37,slow,5661.98,36.393407,21.002249,23.86053
RollerCoaster_720p,22,ultrafast,42551.06,43.877759,25.174694,25.734355
RollerCoaster_720p,27,ultrafast,24597.15,40.694579,25.198182,25.759405
RollerCoaster_720p,32,ultrafast,13818.23,37.627528,25.225021,25.801563
RollerCoaster_720p,37,ultrafast,7791.87,34.790305,25.244328,25.853208
RollerCoaster_720p,22,fast,41644.26,43.929266,25.172214,25.733407
RollerCoaster_720p,27,fast,23980.2,40.777717,25.196872,25.761156
RollerCoaster_720p,32,fast,13435.8,37.738356,25.222725,25.800188
RollerCoaster_720p,37,fast,7587.04,34.930341,25.23918,25.852958
RollerCoaster_720p,22,medium,40769.02,43.985055,25.16105,25.719215
RollerCoaster_720p,27,medium,23632.43,40.797215,25.174723,25.740141
RollerCoaster_720p,32,medium,13367.21,37.647898,25.201037,25.778786
RollerCoaster_720p,37,medium,7571.76,34.647833,25.220821,25.822752
RollerCoaster_720p,22,slow,40769.02,43.985055,25.16105,25.719215
RollerCoaster_720p,27,slow,23632.43,40.797215,25.174723,25.740141
RollerCoaster_720p,32,slow,13367.21,37.647898,25.201037,25.778786
RollerCoaster_720p,37,slow,7571.76,34.647833,25.220821,25.822752
Vidyo3_720p,22,ultrafast,26903.71,44.200388,31.155291,31.314438
Vidyo3_720p,27,ultrafast,16076.86,41.814323,31.198884,31.315078
Vidyo3_720p,32,ultrafast,9805.1,39.051965,31.251615,31.406173
Vidyo3_720p,37,ultrafast,5911.14,36.035408,31.247338,31.461803
Vidyo3_720p,22,fast,26277.22,44.242563,31.153338,31.317112
Vidyo3_720p,27,fast,15607.25,41.87907,31.191406,31.322068
Vidyo3_720p,32,fast,9476.96,39.157788,31.247868,31.395542
Vidyo3_720p,37,fast,5686.0,36.171405,31.259455,31.436162
Vidyo3_720p,22,medium,25391.65,44.284822,31.14682,31.302579
Vidyo3_720p,27,medium,15224.34,41.883832,31.179715,31.298713
Vidyo3_720p,32,medium,9361.82,39.088527,31.217667,31.353404
Vidyo3_720p,37,medium,5680.4,35.999193,31.220645,31.415563
Vidyo3_720p,22,slow,25391.65,44.284822,31.14682,31.302579
Vidyo3_720p,27,slow,15224.34,41.883832,31.179715,31.298713
Vidyo3_720p,32,slow,9361.82,39.088527,31.217667,31.353404
Vidyo3_720p,37,slow,5680.4,35.999193,31.220645,31.415563
Vidyo4_720p,22,ultrafast,25772.99,44.237842,29.897028,26.733939
Vidyo4_720p,27,ultrafast,14421.31,41.715663,29.91001,26.747458
Vidyo4_720p,32,ultrafast,8154.58,39.147854,29.936785,26.769145
Vidyo4_720p,37,ultrafast,4685.02,36.56325,29.934714,26.795723
Vidyo4_720p,22,fast,25174.45,44.290016,29.897953,26.732918
Vidyo4_720p,27,fast,13981.9,41.792497,29.914712,26.745035
Vidyo4_720p,32,fast,7832.69,39.247973,29.946801,26.768274
Vidyo4_720p,37,fast,4471.9,36.70018,29.934752,26.798028
Vidyo4_720p,22,medium,24755.73,44.293609,29.891597,26.729105
Vidyo4_720p,27,medium,13730.66,41.737869,29.905717,26.73896
Vidyo4_720p,32,medium,7748.9,39.108688,29.944047,26.756297
Vidyo4_720p,37,medium,4458.94,36.468489,29.971799,26.778956
Vidyo4_720p,22,slow,24755.73,44.293609,29.891597,26.729105
Vidyo4_720p,27,slow,13730.66,41.737869,29.905717,26.73896
Vidyo4_720p,32,slow,7748.9,39.108688,29.944047,26.756297
Vidyo4_720p,37,slow,4458.94,36.468489,29.971799,26.778956
WestWindEasy_720p,22,ultrafast,27860.64,43.339669,25.545137,25.640728
WestWindEasy_720p,27,ultrafast,18237.62,39.800913,25.557768,25.647728
WestWindEasy_720p,32,ultrafast,11484.75,36.304258,25.585416,25.662963
WestWindEasy_720p,37,ultrafast,6953.98,32.925191,25.60701,25.678081
WestWindEasy_720p,22,fast,27669.22,43.40079,25.545136,25.642118
WestWindEasy_720p,27,fast,18081.42,39.872886,25.557449,25.649825
WestWindEasy_720p,32,fast,11377.38,36.388041,25.590695,25.669689
WestWindEasy_720p,37,fast,6883.86,33.028269,25.613733,25.687017
WestWindEasy_720p,22,medium,25448.15,43.629586,25.544003,25.641334
WestWindEasy_720p,27,medium,16706.7,40.163356,25.551455,25.64762
WestWindEasy_720p,32,medium,10578.43,36.654166,25.582358,25.657917
WestWindEasy_720p,37,medium,6406.42,33.195814,25.602844,25.677181
WestWindEasy_720p,22,slow,25448.15,43.629586,25.544003,25.641334
WestWindEasy_720p,27,slow,16706.7,40.163356,25.551455,25.64762
WestWindEasy_720p,32,slow,10578.43,36.654166,25.582358,25.657917
WestWindEasy_720p,37,slow,6406.42,33.195814,25.602844,25.677181
BlueSky_360p,22,ultrafast,8832.7,43.264876,18.027286,18.067257
BlueSky_360p,27,ultrafast,5870.93,39.253191,18.033198,18.087135
BlueSky_360p,32,ultrafast,3639.92,35.207057,18.05413,18.102585
BlueSky_360p,37,ultrafast,2121.11,31.453135,18.072242,18.120675
BlueSky_360p,22,fast,8808.93,43.329538,18.028134,18.067538
BlueSky_360p,27,fast,5859.48,39.326441,18.034854,18.085708
BlueSky_360p,32,fast,3635.38,35.273379,18.051814,18.098652
BlueSky_360p,37,fast,2119.37,31.52219,18.074885,18.123886
BlueSky_360p,22,medium,8550.51,43.750876,18.023038,18.062225
BlueSky_360p,27,medium,5833.78,39.812588,18.027693,18.074778
BlueSky_360p,32,medium,3727.59,35.76297,18.044712,18.090842
BlueSky_360p,37,medium,2219.12,31.900681,18.056802,18.11135
BlueSky_360p,22,slow,8550.51,43.750876,18.023038,18.062225
BlueSky_360p,27,slow,5833.78,39.812588,18.027693,18.074778
BlueSky_360p,32,slow,3727.59,35.76297,18.044712,18.090842
BlueSky_360p,37,slow,2219.12,31.900681,18.056802,18.11135
RedKayak_360p,22,ultrafast,11583.44,41.25678,27.004044,27.92952
RedKayak_360p,27,ultrafast,7368.53,37.203544,27.071518,27.962626
RedKayak_360p,32,ultrafast,4090.59,33.323714,27.230035,27.990357
RedKayak_360p,37,ultrafast,1917.73,30.070735,27.2907,27.996342
RedKayak_360p,22,fast,11479.57,41.322583,27.002961,27.934684
RedKayak_360p,27,fast,7293.24,37.278076,27.070642,27.948892
RedKayak_360p,32,fast,4039.79,33.398666,27.236998,27.993332
RedKayak_360p,37,fast,1892.67,30.14027,27.30257,27.987042
RedKayak_360p,22,medium,11082.58,41.657473,27.004221,27.918635
RedKayak_360p,27,medium,7161.76,37.759892,27.130034,27.935241
RedKayak_360p,32,medium,4116.74,33.937513,27.226672,27.96807
RedKayak_360p,37,medium,1986.04,30.462999,27.272373,27.963982
RedKayak_360p,22,slow,11082.58,41.657473,27.004221,27.918635
RedKayak_360p,27,slow,7161.76,37.759892,27.130034,27.935241
RedKayak_360p,32,slow,4116.74,33.937513,27.226672,27.96807
RedKayak_360p,37,slow,1986.04,30.462999,27.272373,27.963982
SnowMountain_360p,22,ultrafast,14275.14,41.702468,24.668182,30.250899
SnowMountain_360p,27,ultrafast,10201.25,37.237945,24.662993,30.272506
SnowMountain_360p,32,ultrafast,6709.04,32.810957,24.550526,30.311638
SnowMountain_360p,37,ultrafast,3929.71,28.874726,24.631249,30.322586
SnowMountain_360p,22,fast,14245.33,41.778509,24.668013,30.250035
SnowMountain_360p,27,fast,10179.44,37.315483,24.663518,30.254475
SnowMountain_360p,32,fast,6685.36,32.875633,24.549425,30.320359
SnowMountain_360p,37,fast,3911.98,28.941196,24.628687,30.29218
SnowMountain_360p,22,medium,14135.96,42.085317,24.666249,30.232697
SnowMountain_360p,27,medium,10240.81,37.716112,24.656107,30.222357
SnowMountain_360p,32,medium,6806.16,33.313587,24.540303,30.281321
SnowMountain_360p,37,medium,4069.69,29.333723,24.590682,30.273301
SnowMountain_360p,22,slow,14135.96,42.085317,24.666249,30.232697
SnowMountain_360p,27,slow,10240.81,37.716112,24.656107,30.222357
SnowMountain_360p,32,slow,6806.16,33.313587,24.540303,30.281321
SnowMountain_360p,37,slow,4069.69,29.333723,24.590682,30.273301
SpeedBag_360p,22,ultrafast,3051.1,45.409752,26.953311,28.358789
SpeedBag_360p,27,ultrafast,1808.42,42.654559,26.968302,28.381886
SpeedBag_360p,32,ultrafast,1040.41,39.685129,26.963643,28.430688
SpeedBag_360p,37,ultrafast,604.91,36.932503,27.010232,28.444904
SpeedBag_360p,22,fast,2940.01,45.463861,26.950746,28.355265
SpeedBag_360p,27,fast,1730.04,42.742082,26.96431,28.380893
SpeedBag_360p,32,fast,980.82,39.804299,26.970642,28.421525
SpeedBag_360p,37,fast,567.98,37.099694,27.010823,28.45914
SpeedBag_360p,22,medium,2815.27,45.585424,26.941499,28.354939
SpeedBag_360p,27,medium,1693.11,42.908011,26.956386,28.374937
SpeedBag_360p,32,medium,981.67,39.841654,26.953613,28.41068
SpeedBag_360p,37,medium,568.63,36.88494,27.007727,28.43365
SpeedBag_360p,22,slow,2815.27,45.585424,26.941499,28.354939
SpeedBag_360p,27,slow,1693.11,42.908011,26.956386,28.374937
SpeedBag_360p,32,slow,981.67,39.841654,26.953613,28.41068
SpeedBag_360p,37,slow,568.63,36.88494,27.007727,28.43365
Stockholm_360p,22,ultrafast,25716.73,40.666853,24.968014,26.609579
Stockholm_360p,27,ultrafast,15719.0,36.869342,25.020195,26.645933
Stockholm_360p,32,ultrafast,8909.67,33.279096,25.053848,26.693183
Stockholm_360p,37,ultrafast,4646.84,30.107272,25.08745,26.714159
Stockholm_360p,22,fast,25491.48,40.722967,24.967104,26.605681
Stockholm_360p,27,fast,15539.48,36.937583,25.018491,26.642899
Stockholm_360p,32,fast,8787.85,33.358205,25.052354,26.690308
Stockholm_360p,37,fast,4579.96,30.187668,25.084702,26.69895
Stockholm_360p,22,medium,24732.9,40.973893,24.949242,26.593148
Stockholm_360p,27,medium,15330.96,37.284606,24.985991,26.610453
Stockholm_360p,32,medium,8886.51,33.72431,25.017886,26.639632
Stockholm_360p,37,medium,4687.81,30.390084,25.044254,26.660238
Stockholm_360p,22,slow,24732.9,40.973893,24.949242,26.593148
Stockholm_360p,27,slow,15330.96,37.284606,24.985991,26.610453
Stockholm_360p,32,slow,8886.51,33.72431,25.017886,26.639632
Stockholm_360p,37,slow,4687.81,30.390084,25.044254,26.660238
TouchdownPass_360p,22,ultrafast,10764.08,40.27749,30.542917,30.553524
TouchdownPass_360p,27,ultrafast,5737.86,36.599359,30.597783,30.6171
TouchdownPass_360p,32,ultrafast,2670.06,33.665433,30.709994,30.68067
TouchdownPass_360p,37,ultrafast,1243.06,31.387652,30.796444,30.711844
TouchdownPass_360p,22,fast,10735.96,40.323696,30.54402,30.54799
TouchdownPass_360p,27,fast,5701.56,36.65053,30.592937,30.620218
TouchdownPass_360p,32,fast,2643.0,33.719718,30.714091,30.669692
TouchdownPass_360p,37,fast,1226.92,31.449394,30.800717,30.711325
TouchdownPass_360p,22,medium,10535.84,40.53499,30.520545,30.519718
TouchdownPass_360p,27,medium,5530.66,36.853872,30.563537,30.568669
TouchdownPass_360p,32,medium,2562.32,33.9175,30.642941,30.628859
TouchdownPass_360p,37,medium,1225.99,31.675353,30.757797,30.65401
TouchdownPass_360p,22,slow,10535.84,40.53499,30.520545,30.519718
TouchdownPass_360p,27,slow,5530.66,36.853872,30.563537,30.568669
TouchdownPass_360p,32,slow,2562.32,33.9175,30.642941,30.628859
TouchdownPass_360p,37,slow,1225.99,31.675353,30.757797,30.65401
FourPeople_270p,22,ultrafast,12062.43,42.179959,28.536616,27.960565
FourPeople_270p,27,ultrafast,7970.35,38.257574,28.629876,28.015119
FourPeople_270p,32,ultrafast,4920.78,34.362868,28.705181,28.095526
FourPeople_270p,37,ultrafast,2827.65,30.837118,28.736667,28.225183
FourPeople_270p,22,fast,11859.82,42.250195,28.536888,27.958002
FourPeople_270p,27,fast,7827.14,38.361342,28.620893,28.000516
FourPeople_270p,32,fast,4821.65,34.486773,28.673259,28.102828
FourPeople_270p,37,fast,2761.68,30.957065,28.73078,28.201591
FourPeople_270p,22,medium,10974.08,42.678199,28.505171,27.935894
FourPeople_270p,27,medium,7401.9,38.868675,28.577324,27.973966
FourPeople_270p,32,medium,4744.7,35.023344,28.564419,28.018434
FourPeople_270p,37,medium,2788.7,31.28296,28.615826,28.150759
FourPeople_270p,22,slow,10974.08,42.678199,28.505171,27.935894
FourPeople_270p,27,slow,7401.9,38.868675,28.577324,27.973966
FourPeople_270p,32,slow,4744.7,35.023344,28.564419,28.018434
FourPeople_270p,37,slow,2788.7,31.28296,28.615826,28.150759
ParkJoy_270p,22,ultrafast,13462.79,41.492477,24.266736,30.010999
ParkJoy_270p,27,ultrafast,8902.27,37.196045,24.335739,30.091669
ParkJoy_270p,32,ultrafast,5354.36,32.995123,24.422175,30.202015
ParkJoy_270p,37,ultrafast,2849.77,29.30548,24.540105,30.359526
ParkJoy_270p,22,fast,13426.44,41.558976,24.267956,30.003445
ParkJoy_270p,27,fast,8875.51,37.26461,24.330199,30.100357
ParkJoy_270p,32,fast,5342.23,33.069009,24.417349,30.200881
ParkJoy_270p,37,fast,2841.49,29.371279,24.531789,30.384152
ParkJoy_270p,22,medium,13294.28,41.843959,24.238263,29.974052
ParkJoy_270p,27,medium,8924.28,37.654334,24.28909,30.036759
ParkJoy_270p,32,medium,5491.13,33.510869,24.37552,30.161674
ParkJoy_270p,37,medium,2986.17,29.720252,24.47775,30.313157
ParkJoy_270p,22,slow,13294.28,41.843959,24.238263,29.974052
ParkJoy_270p,27,slow,8924.28,37.654334,24.28909,30.036759
ParkJoy_270p,32,slow,5491.13,33.510869,24.37552,30.161674
ParkJoy_270p,37,slow,2986.17,29.720252,24.47775,30.313157
SparksElevator_270p,22,ultrafast,11527.19,40.987681,32.680955,29.580667
SparksElevator_270p,27,ultrafast,6732.53,37.330839,32.771723,29.637574
SparksElevator_270p,32,ultrafast,3603.85,34.133252,32.803047,29.677768
SparksElevator_270p,37,ultrafast,1858.14,31.407748,32.947064,29.766006
SparksElevator_270p,22,fast,11430.35,41.035717,32.666705,29.580461
SparksElevator_270p,27,fast,6660.64,37.391024,32.757799,29.640148
SparksElevator_270p,32,fast,3555.24,34.203621,32.822588,29.669108
SparksElevator_270p,37,fast,1833.13,31.496904,32.930538,29.756431
SparksElevator_270p,22,medium,11233.79,41.245945,32.643457,29.562019
SparksElevator_270p,27,medium,6598.35,37.613427,32.722907,29.606293
SparksElevator_270p,32,medium,3546.45,34.379616,32.75767,29.636848
SparksElevator_270p,37,medium,1842.83,31.593771,32.899032,29.717838
SparksElevator_270p,22,slow,11233.79,41.245945,32.643457,29.562019
SparksElevator_270p,27,slow,6598.35,37.613427,32.722907,29.606293
SparksElevator_270p,32,slow,3546.45,34.379616,32.75767,29.636848
SparksElevator_270p,37,slow,1842.83,31.593771,32.899032,29.717838
Vertical_Bayshore_270p,22,ultrafast,3851.14,42.672955,32.508878,35.388548
Vertical_Bayshore_270p,27,ultrafast,2310.63,38.891692,32.499625,35.420679
Vertical_Bayshore_270p,32,ultrafast,1192.53,35.336049,32.596705,35.532418
Vertical_Bayshore_270p,37,ultrafast,520.14,32.465097,32.669528,35.614305
Vertical_Bayshore_270p,22,fast,3819.38,42.730213,32.509949,35.388139
Vertical_Bayshore_270p,27,fast,2284.74,38.944479,32.486513,35.434181
Vertical_Bayshore_270p,32,fast,1179.37,35.400309,32.605716,35.485326
Vertical_Bayshore_270p,37,fast,510.45,32.527979,32.678607,35.644152
Vertical_Bayshore_270p,22,medium,3779.99,42.971542,32.499092,35.380659
Vertical_Bayshore_270p,27,medium,2293.43,39.189655,32.493097,35.371797
Vertical_Bayshore_270p,32,medium,1177.2,35.50607,32.594084,35.505818
Vertical_Bayshore_270p,37,medium,503.21,32.482737,32.657536,35.579071
Vertical_Bayshore_270p,22,slow,3779.99,42.971542,32.499092,35.380659
Vertical_Bayshore_270p,27,slow,2293.43,39.189655,32.493097,35.371797
Vertical_Bayshore_270p,32,slow,1177.2,35.50607,32.594084,35.505818
Vertical_Bayshore_270p,37,slow,503.21,32.482737,32.657536,35.579071
