config,preset,seq_name,y_true,y_pred_linear,y_pred_xgb
A,fast,Aerial3200_2k,7.1671,6.781510459103849,6.510385990142822
A,fast,Boat_2k,7.1358,7.2807963204729775,7.103766441345215
A,fast,BoxingPractice_4k,13.6248,13.01638033283303,12.305027961730957
A,fast,Crosswalk_4k,13.055,13.344820557225262,13.003334999084473
A,fast,CrowdRun_1080p50,7.2255,7.089074153787067,7.110486030578613
A,fast,DinnerSceneCropped_2k,6.3792,6.285407011778917,7.130638599395752
A,fast,FoodMarket2_4k,13.9507,13.967630123221706,14.015666961669922
A,fast,FoodMarket_2k,6.8418,6.780738758753259,7.04677152633667
A,fast,MeridianTalk_sdr_2k,6.3813,6.679527478735041,6.419118881225586
A,fast,Motorcycle_2k,7.0665,7.054819107526315,6.999506950378418
A,fast,MountainBike_2k,7.0957,7.098013105585436,7.053157806396484
A,fast,Neon1224_4k,13.4567,13.13285679633702,13.284540176391602
A,fast,NocturneDance_4k,13.3742,12.562553843882576,13.185909271240234
A,fast,OldTownCross_1080p50,7.1316,7.100592544177149,7.141080856323242
A,fast,PedestrianArea_1080p25,6.3747,6.574589147516645,6.7906975746154785
A,fast,PierSeaSide_4k,13.2578,12.812528040813984,9.603544235229492
A,fast,RitualDance_2k,6.3007,6.644594368335678,6.365616798400879
A,fast,Riverbed_1080p25,6.4294,7.65795418956675,7.083040714263916
A,fast,RushFieldCuts_2k,7.0231,6.693448466099885,6.976911544799805
A,fast,Skater227_2k,6.3206,6.4465595731465966,6.352141857147217
A,fast,Tango_4k,14.0446,12.731796247015412,13.590723991394043
A,fast,TimeLapse_4k,8.4907,13.738454632529923,13.267239570617676
A,fast,ToddlerFountain_2k,7.1011,6.615507252642911,7.1036057472229
A,fast,TreesAndGrass_2k,7.2048,7.4456753263997335,7.161868095397949
A,fast,TunnelFlag_2k,6.8743,6.677335245375829,6.980588912963867
A,fast,Vertical_bees_2k,6.4007,6.6997928427482885,6.834874153137207
A,fast,Vertical_Carnaby_2k,6.3932,6.475468271883761,6.354395866394043
A,fast,WalkingInStreet_2k,7.2554,7.239783180638677,7.12678861618042
A,fast,WorldCup_2k,6.3279,5.549686121967472,7.032905101776123
A,fast,WorldCup_far_2k,7.0555,6.737908922894039,7.109389305114746
A,fast,Aerial3200_2k,6.3714,6.6388120344104795,6.924243927001953
A,fast,Boat_2k,6.8668,6.990875849954596,7.05214262008667
A,fast,BoxingPractice_4k,13.0487,12.776732420145905,13.146303176879883
A,fast,Crosswalk_4k,12.9287,13.48915868187571,13.121460914611816
A,fast,CrowdRun_1080p50,7.0286,6.711451026111799,7.07800817489624
A,fast,DinnerSceneCropped_2k,6.3581,6.28506431722182,6.273425102233887
A,fast,FoodMarket2_4k,13.2135,13.203896003002225,13.349193572998047
A,fast,FoodMarket_2k,6.3553,6.84686292715897,6.427906513214111
A,fast,MeridianTalk_sdr_2k,6.3492,6.697063231851919,6.3337931632995605
A,fast,Motorcycle_2k,7.0063,7.054066196128297,6.8500142097473145
A,fast,MountainBike_2k,7.0351,6.71705444123053,6.937641620635986
A,fast,Neon1224_4k,12.9711,12.957579062158242,13.177191734313965
A,fast,NocturneDance_4k,13.2943,12.396792988564039,13.278627395629883
A,fast,OldTownCross_1080p50,7.1214,7.032863080658308,6.632147789001465
A,fast,PedestrianArea_1080p25,6.3449,6.403781803548305,6.347075462341309
A,fast,PierSeaSide_4k,13.27,12.989180035998022,13.05490779876709
A,fast,RitualDance_2k,6.3314,6.367702462144838,6.368802547454834
A,fast,Riverbed_1080p25,6.4041,6.770875383215424,6.414047718048096
A,fast,RushFieldCuts_2k,7.0206,6.560398561766188,6.87631893157959
A,fast,Skater227_2k,6.3504,6.584607807556375,6.374080181121826
A,fast,Tango_4k,13.3681,12.856967581848178,13.023272514343262
A,fast,TimeLapse_4k,13.0925,13.23913555500117,13.130498886108398
A,fast,ToddlerFountain_2k,7.0285,6.551317234813159,7.020044803619385
A,fast,TreesAndGrass_2k,7.1124,7.064752102480412,7.055929660797119
A,fast,TunnelFlag_2k,6.3523,6.47836006096832,6.657602310180664
A,fast,Vertical_bees_2k,6.3751,6.575870031792908,6.362056732177734
A,fast,Vertical_Carnaby_2k,6.4061,6.41826442919165,6.352656841278076
A,fast,WalkingInStreet_2k,7.2329,7.110952632188658,7.13566780090332
A,fast,WorldCup_2k,6.3472,5.509276613111604,7.032905101776123
A,fast,WorldCup_far_2k,7.0531,6.691176841158261,6.6600775718688965
A,fast,Aerial3200_2k,6.3725,6.617273385179217,6.360990524291992
A,fast,Boat_2k,6.3672,6.600101463934509,6.547916412353516
A,fast,BoxingPractice_4k,13.0006,12.475247396581514,13.171066284179688
A,fast,Crosswalk_4k,12.9114,13.730126244507968,13.211028099060059
A,fast,CrowdRun_1080p50,7.072,6.538092191375377,6.625583171844482
A,fast,DinnerSceneCropped_2k,6.2705,6.471495915192817,6.345370292663574
A,fast,FoodMarket2_4k,13.2082,13.228760759112125,13.129027366638184
A,fast,FoodMarket_2k,6.3658,7.02530213152722,6.34447717666626
A,fast,MeridianTalk_sdr_2k,6.3348,6.3885408015038285,6.367919921875
A,fast,Motorcycle_2k,7.0665,6.674884183073329,6.7501349449157715
A,fast,MountainBike_2k,6.9826,6.682680017839965,6.63278341293335
A,fast,Neon1224_4k,12.957,12.840458282034827,13.11774730682373
A,fast,NocturneDance_4k,13.2215,12.559597000959489,13.141861915588379
A,fast,OldTownCross_1080p50,6.3166,6.71058586109308,6.385757923126221
A,fast,PedestrianArea_1080p25,6.359,6.568289327312499,6.371232509613037
A,fast,PierSeaSide_4k,13.3017,13.122675238591468,12.976529121398926
A,fast,RitualDance_2k,6.3146,6.4393091173438055,6.3718109130859375
A,fast,Riverbed_1080p25,6.3958,6.860387825876171,6.387138366699219
A,fast,RushFieldCuts_2k,7.0422,6.516936410388763,6.374970436096191
A,fast,Skater227_2k,6.3241,6.581104178523685,6.3419413566589355
A,fast,Tango_4k,13.2135,12.957665934953503,12.95302963256836
A,fast,TimeLapse_4k,13.1057,13.297636713486455,13.21176815032959
A,fast,ToddlerFountain_2k,6.6525,6.44887398678395,6.526123046875
A,fast,TreesAndGrass_2k,7.0828,6.865462618868952,6.962024211883545
A,fast,TunnelFlag_2k,6.3698,6.460445045207668,6.341836452484131
A,fast,Vertical_bees_2k,6.3654,6.419583888203345,6.344166278839111
A,fast,Vertical_Carnaby_2k,6.4079,6.50099776972883,6.353672504425049
A,fast,WalkingInStreet_2k,7.1539,7.054389834063553,6.975379943847656
A,fast,WorldCup_2k,6.3585,5.459619047425063,7.032905101776123
A,fast,WorldCup_far_2k,6.3898,6.509110378389963,6.3518218994140625
A,fast,Aerial3200_2k,6.3831,6.52780933976695,6.35361909866333
A,fast,Boat_2k,6.3417,6.477942221630622,6.449548721313477
A,fast,BoxingPractice_4k,13.0209,12.51996647859055,13.120803833007812
A,fast,Crosswalk_4k,12.9536,13.560229129222886,13.115436553955078
A,fast,CrowdRun_1080p50,6.3421,6.340340834580284,6.784562587738037
A,fast,DinnerSceneCropped_2k,6.3238,6.237991225157598,6.3350138664245605
A,fast,FoodMarket2_4k,13.2051,13.212568189515103,13.027591705322266
A,fast,FoodMarket_2k,6.3796,6.591681540554557,6.362687587738037
A,fast,MeridianTalk_sdr_2k,6.3354,6.525110840039826,6.326111316680908
A,fast,Motorcycle_2k,6.3269,6.464078401360481,6.338438034057617
A,fast,MountainBike_2k,6.3469,6.5302614054095205,6.412062644958496
A,fast,Neon1224_4k,13.1415,12.854013352404603,13.083622932434082
A,fast,NocturneDance_4k,13.1773,12.719556054626327,13.127333641052246
A,fast,OldTownCross_1080p50,6.3815,6.559961162776036,6.347270965576172
A,fast,PedestrianArea_1080p25,6.3598,6.410677085788395,6.359097003936768
A,fast,PierSeaSide_4k,13.1386,13.277915947734552,13.092961311340332
A,fast,RitualDance_2k,6.3482,6.465822876161288,6.32505989074707
A,fast,Riverbed_1080p25,6.362,6.925345566295433,6.366950511932373
A,fast,RushFieldCuts_2k,6.3248,6.455863407674482,6.341371059417725
A,fast,Skater227_2k,6.2943,6.433522209588229,6.342099189758301
A,fast,Tango_4k,13.1884,11.297120862439376,13.340272903442383
A,fast,TimeLapse_4k,13.1057,13.20982516817276,13.158475875854492
A,fast,ToddlerFountain_2k,6.3507,6.710844727545584,6.343196392059326
A,fast,TreesAndGrass_2k,6.3948,6.701191950263543,6.559536457061768
A,fast,TunnelFlag_2k,6.3631,6.362375578070086,6.373086452484131
A,fast,Vertical_bees_2k,6.4461,6.37120252908421,6.373384952545166
A,fast,Vertical_Carnaby_2k,6.3596,6.501302679227477,6.334801197052002
A,fast,WalkingInStreet_2k,6.4568,6.6859809997017186,6.367526054382324
A,fast,WorldCup_2k,6.2898,5.230843988081814,7.032905101776123
A,fast,WorldCup_far_2k,6.313,6.522401924878897,6.354772090911865
A,faster,Aerial3200_2k,7.1671,6.871778647733332,6.564377784729004
A,faster,Boat_2k,7.1358,7.251301218503557,7.12699556350708
A,faster,BoxingPractice_4k,13.6248,12.570035195139692,13.134562492370605
A,faster,Crosswalk_4k,13.055,13.2377992378987,13.00837230682373
A,faster,CrowdRun_1080p50,7.2255,7.063451594131699,7.105007648468018
A,faster,DinnerSceneCropped_2k,6.3792,6.280741747797887,7.158176422119141
A,faster,FoodMarket2_4k,13.9507,13.86895485864562,14.029953956604004
A,faster,FoodMarket_2k,6.8418,6.803675500906726,7.069547653198242
A,faster,MeridianTalk_sdr_2k,6.3813,6.926896314619818,6.534561634063721
A,faster,Motorcycle_2k,7.0665,7.372637099641101,7.112091064453125
A,faster,MountainBike_2k,7.0957,7.03906318164124,7.025585174560547
A,faster,Neon1224_4k,13.4567,13.056432186280762,13.284540176391602
A,faster,NocturneDance_4k,13.3742,12.612471272032366,13.184043884277344
A,faster,OldTownCross_1080p50,7.1316,7.113669190543035,7.121708869934082
A,faster,PedestrianArea_1080p25,6.3747,6.618440872407277,6.785582542419434
A,faster,PierSeaSide_4k,13.2578,12.828427751525673,9.602657318115234
A,faster,RitualDance_2k,6.3007,6.594664743149442,6.362412452697754
A,faster,Riverbed_1080p25,6.4294,7.666080125062401,7.087526321411133
A,faster,RushFieldCuts_2k,7.0231,6.69829300992336,6.916335582733154
A,faster,Skater227_2k,6.3206,6.532147149521414,6.35512638092041
A,faster,Tango_4k,14.0446,10.752320036826875,12.411316871643066
A,faster,TimeLapse_4k,8.4907,13.821039793003706,13.267561912536621
A,faster,ToddlerFountain_2k,7.1011,6.578934511301005,7.125849723815918
A,faster,TreesAndGrass_2k,7.2048,7.3990441418443815,7.170928955078125
A,faster,TunnelFlag_2k,6.8743,6.88169447401445,6.97921895980835
A,faster,Vertical_bees_2k,6.4007,6.568271136127756,6.73324728012085
A,faster,Vertical_Carnaby_2k,6.3932,6.365256867361096,6.353437900543213
A,faster,WalkingInStreet_2k,7.2554,7.541951014412662,7.180429458618164
A,faster,WorldCup_2k,6.3279,5.81740833290432,7.038792133331299
A,faster,WorldCup_far_2k,7.0555,6.70693489250676,7.090345859527588
A,faster,Aerial3200_2k,6.3714,6.672420309665791,6.934085845947266
A,faster,Boat_2k,6.8668,6.935930007614526,7.063685417175293
A,faster,BoxingPractice_4k,13.0487,13.665218132313761,13.266877174377441
A,faster,Crosswalk_4k,12.9287,13.584467275731619,13.141748428344727
A,faster,CrowdRun_1080p50,7.0286,6.713613044620684,7.139716148376465
A,faster,DinnerSceneCropped_2k,6.3581,6.294467783195654,6.267050743103027
A,faster,FoodMarket2_4k,13.2135,13.139294858662971,13.372563362121582
A,faster,FoodMarket_2k,6.3553,6.901196886252946,6.422172546386719
A,faster,MeridianTalk_sdr_2k,6.3492,6.70253174078938,6.3337931632995605
A,faster,Motorcycle_2k,7.0063,6.772350930403338,6.921504974365234
A,faster,MountainBike_2k,7.0351,6.910105284785513,6.935276508331299
A,faster,Neon1224_4k,12.9711,12.907189635374662,13.185745239257812
A,faster,NocturneDance_4k,13.2943,12.44039974688064,13.275215148925781
A,faster,OldTownCross_1080p50,7.1214,6.809390168940833,6.917423725128174
A,faster,PedestrianArea_1080p25,6.3449,6.404904444722315,6.356858730316162
A,faster,PierSeaSide_4k,13.27,12.505403148673425,13.06750774383545
A,faster,RitualDance_2k,6.3314,6.368019766199412,6.368802547454834
A,faster,Riverbed_1080p25,6.4041,6.762936640126658,6.414947032928467
A,faster,RushFieldCuts_2k,7.0206,6.551049842937687,6.8801984786987305
A,faster,Skater227_2k,6.3504,6.444634072525663,6.368365287780762
A,faster,Tango_4k,13.3681,13.474954126779238,13.014851570129395
A,faster,TimeLapse_4k,13.0925,13.29327846308356,13.13094425201416
A,faster,ToddlerFountain_2k,7.0285,6.579334614018261,7.022035598754883
A,faster,TreesAndGrass_2k,7.1124,7.09580509241581,7.055760383605957
A,faster,TunnelFlag_2k,6.3523,6.462559693087004,6.646890163421631
A,faster,Vertical_bees_2k,6.3751,6.408267971796545,6.355487823486328
A,faster,Vertical_Carnaby_2k,6.4061,6.557162497563519,6.351247310638428
A,faster,WalkingInStreet_2k,7.2329,7.100460123169971,7.13566780090332
A,faster,WorldCup_2k,6.3472,5.863681563421453,7.038036346435547
A,faster,WorldCup_far_2k,7.0531,6.6529372551481964,6.649775505065918
A,faster,Aerial3200_2k,6.3725,6.625189402442,6.356740951538086
A,faster,Boat_2k,6.3672,6.641288951581272,6.354631423950195
A,faster,BoxingPractice_4k,13.0006,12.965117484498109,13.245055198669434
A,faster,Crosswalk_4k,12.9114,13.824316224131687,13.211028099060059
A,faster,CrowdRun_1080p50,7.072,6.517882888530535,6.613236904144287
A,faster,DinnerSceneCropped_2k,6.2705,6.318900217260547,6.339509963989258
A,faster,FoodMarket2_4k,13.2082,13.126848217545515,13.129027366638184
A,faster,FoodMarket_2k,6.3658,7.045022210908571,6.3450422286987305
A,faster,MeridianTalk_sdr_2k,6.3348,6.554541080466678,6.354966640472412
A,faster,Motorcycle_2k,7.0665,6.673675589490951,6.753058433532715
A,faster,MountainBike_2k,6.9826,6.654654721004766,6.585783958435059
A,faster,Neon1224_4k,12.957,12.724610938969015,13.091922760009766
A,faster,NocturneDance_4k,13.2215,12.453264869638922,13.132964134216309
A,faster,OldTownCross_1080p50,6.3166,6.542622648313064,6.384857654571533
A,faster,PedestrianArea_1080p25,6.359,6.439147459288236,6.360827445983887
A,faster,PierSeaSide_4k,13.3017,12.655419893729977,13.024310111999512
A,faster,RitualDance_2k,6.3146,6.368799946985039,6.368847370147705
A,faster,Riverbed_1080p25,6.3958,6.907866103197979,6.371088981628418
A,faster,RushFieldCuts_2k,7.0422,6.66017033331784,6.45358943939209
A,faster,Skater227_2k,6.3241,6.405246222514535,6.347688674926758
A,faster,Tango_4k,13.2135,13.401004418934392,13.002668380737305
A,faster,TimeLapse_4k,13.1057,13.423751414788024,13.223039627075195
A,faster,ToddlerFountain_2k,6.6525,6.488914079252481,6.542712688446045
A,faster,TreesAndGrass_2k,7.0828,6.869551584413008,6.989413261413574
A,faster,TunnelFlag_2k,6.3698,6.49348600187367,6.340021133422852
A,faster,Vertical_bees_2k,6.3654,6.506878378809877,6.369925022125244
A,faster,Vertical_Carnaby_2k,6.4079,6.4975300335471475,6.35383939743042
A,faster,WalkingInStreet_2k,7.1539,7.032328651493206,6.980404853820801
A,faster,WorldCup_2k,6.3585,5.690144835274889,6.993309020996094
A,faster,WorldCup_far_2k,6.3898,6.496875425542676,6.357771873474121
A,faster,Aerial3200_2k,6.3831,6.581965695335466,6.347195148468018
A,faster,Boat_2k,6.3417,6.485813352532897,6.453179359436035
A,faster,BoxingPractice_4k,13.0209,12.90579071944001,13.154576301574707
A,faster,Crosswalk_4k,12.9536,13.607696709958102,13.115436553955078
A,faster,CrowdRun_1080p50,6.3421,6.3859659340069514,6.774906635284424
A,faster,DinnerSceneCropped_2k,6.3238,6.2250934530563935,6.3350138664245605
A,faster,FoodMarket2_4k,13.2051,13.194054534172547,13.027591705322266
A,faster,FoodMarket_2k,6.3796,6.6797905935223545,6.3449482917785645
A,faster,MeridianTalk_sdr_2k,6.3354,6.222071000702769,6.375537395477295
A,faster,Motorcycle_2k,6.3269,6.667601063128782,6.357478141784668
A,faster,MountainBike_2k,6.3469,6.525425882519764,6.40210485458374
A,faster,Neon1224_4k,13.1415,12.827271422162505,13.082921028137207
A,faster,NocturneDance_4k,13.1773,12.6696917151495,13.12238597869873
A,faster,OldTownCross_1080p50,6.3815,6.547069643181862,6.34748649597168
A,faster,PedestrianArea_1080p25,6.3598,6.403937513592952,6.359696865081787
A,faster,PierSeaSide_4k,13.1386,12.87320889732619,13.108697891235352
A,faster,RitualDance_2k,6.3482,6.4412224407207725,6.320676803588867
A,faster,Riverbed_1080p25,6.362,6.993135040737835,6.357605457305908
A,faster,RushFieldCuts_2k,6.3248,6.466698384195612,6.348748683929443
A,faster,Skater227_2k,6.2943,6.409436173666535,6.346518516540527
A,faster,Tango_4k,13.1884,13.355048070251376,13.031635284423828
A,faster,TimeLapse_4k,13.1057,13.346789894009262,13.159466743469238
A,faster,ToddlerFountain_2k,6.3507,6.496875433984632,6.33424711227417
A,faster,TreesAndGrass_2k,6.3948,6.674166525884904,6.610587120056152
A,faster,TunnelFlag_2k,6.3631,6.331894470141691,6.3786444664001465
A,faster,Vertical_bees_2k,6.4461,6.343992811671073,6.372371196746826
A,faster,Vertical_Carnaby_2k,6.3596,6.506490836769373,6.328671932220459
A,faster,WalkingInStreet_2k,6.4568,7.051633292846362,7.029918193817139
A,faster,WorldCup_2k,6.2898,5.648689723199523,6.993309020996094
A,faster,WorldCup_far_2k,6.313,6.534260634029618,6.354640483856201
A,superfast,Aerial3200_2k,7.1671,6.558543990009047,6.55702543258667
A,superfast,Boat_2k,7.1358,7.085012526985511,7.131705284118652
A,superfast,BoxingPractice_4k,13.6248,13.176377244689643,9.933751106262207
A,superfast,Crosswalk_4k,13.055,12.967596077494113,13.310135841369629
A,superfast,CrowdRun_1080p50,7.2255,6.9903327840026,7.036643981933594
A,superfast,DinnerSceneCropped_2k,6.3792,6.436714550188552,7.156302452087402
A,superfast,FoodMarket2_4k,13.9507,13.987725620930444,14.005721092224121
A,superfast,FoodMarket_2k,6.8418,6.8264799724573715,7.10599946975708
A,superfast,MeridianTalk_sdr_2k,6.3813,6.654885883253372,6.660351753234863
A,superfast,Motorcycle_2k,7.0665,6.966056339764537,7.083977699279785
A,superfast,MountainBike_2k,7.0957,7.144824953956348,7.065466403961182
A,superfast,Neon1224_4k,13.4567,13.538249815021267,13.149333000183105
A,superfast,NocturneDance_4k,13.3742,12.83451812738962,12.042872428894043
A,superfast,OldTownCross_1080p50,7.1316,6.972568246013786,7.118117332458496
A,superfast,PedestrianArea_1080p25,6.3747,6.456322397146897,6.450784683227539
A,superfast,PierSeaSide_4k,13.2578,12.746253929178877,12.90679931640625
A,superfast,RitualDance_2k,6.3007,6.385380722273231,6.345041275024414
A,superfast,Riverbed_1080p25,6.4294,7.096279307994423,7.021271228790283
A,superfast,RushFieldCuts_2k,7.0231,6.859880576693647,6.974298477172852
A,superfast,Skater227_2k,6.3206,6.33364917299194,6.33516263961792
A,superfast,Tango_4k,14.0446,12.770507302287108,13.785629272460938
A,superfast,TimeLapse_4k,8.4907,13.88529216668422,13.287920951843262
A,superfast,ToddlerFountain_2k,7.1011,6.5310884549199795,6.999373435974121
A,superfast,TreesAndGrass_2k,7.2048,7.267487142596568,7.042298316955566
A,superfast,TunnelFlag_2k,6.8743,6.6590676893702465,6.951727867126465
A,superfast,Vertical_bees_2k,6.4007,6.050032172201452,6.463506698608398
A,superfast,Vertical_Carnaby_2k,6.3932,6.020680737003521,6.37024450302124
A,superfast,WalkingInStreet_2k,7.2554,6.790821863038942,6.952845573425293
A,superfast,WorldCup_2k,6.3279,6.570497383871131,6.347784042358398
A,superfast,WorldCup_far_2k,7.0555,6.536518192228552,6.833322525024414
A,superfast,Aerial3200_2k,6.3714,6.482190865883911,6.4975266456604
A,superfast,Boat_2k,6.8668,6.704778130885102,7.026358127593994
A,superfast,BoxingPractice_4k,13.0487,12.713702900964599,13.102910041809082
A,superfast,Crosswalk_4k,12.9287,13.144169037854773,13.08537769317627
A,superfast,CrowdRun_1080p50,7.0286,6.6658380307640925,7.016550064086914
A,superfast,DinnerSceneCropped_2k,6.3581,6.375023976827194,6.37232780456543
A,superfast,FoodMarket2_4k,13.2135,13.581211402361655,13.364545822143555
A,superfast,FoodMarket_2k,6.3553,6.798397062610346,6.593014717102051
A,superfast,MeridianTalk_sdr_2k,6.3492,6.594190621209949,6.354925632476807
A,superfast,Motorcycle_2k,7.0063,6.778155286822374,6.937596797943115
A,superfast,MountainBike_2k,7.0351,6.760709626047119,7.08273983001709
A,superfast,Neon1224_4k,12.9711,13.19547586150037,13.233519554138184
A,superfast,NocturneDance_4k,13.2943,12.599659913091857,13.27001667022705
A,superfast,OldTownCross_1080p50,7.1214,6.654548073156059,6.932815074920654
A,superfast,PedestrianArea_1080p25,6.3449,6.344130885816929,6.344618320465088
A,superfast,PierSeaSide_4k,13.27,12.844247462824502,13.207860946655273
A,superfast,RitualDance_2k,6.3314,6.28442822633267,6.35627555847168
A,superfast,Riverbed_1080p25,6.4041,6.89962423343847,6.648221015930176
A,superfast,RushFieldCuts_2k,7.0206,6.710267207027823,6.509549140930176
A,superfast,Skater227_2k,6.3504,6.336691715521102,6.33986234664917
A,superfast,Tango_4k,13.3681,12.792558660042024,13.124658584594727
A,superfast,TimeLapse_4k,13.0925,13.291618052002764,13.143233299255371
A,superfast,ToddlerFountain_2k,7.0285,6.884023098879933,7.063379287719727
A,superfast,TreesAndGrass_2k,7.1124,7.174613660106406,7.074930191040039
A,superfast,TunnelFlag_2k,6.3523,6.447295753229682,6.6950812339782715
A,superfast,Vertical_bees_2k,6.3751,5.994905023047514,6.378243446350098
A,superfast,Vertical_Carnaby_2k,6.4061,6.080887342584228,6.395029067993164
A,superfast,WalkingInStreet_2k,7.2329,7.184250775010754,7.073347091674805
A,superfast,WorldCup_2k,6.3472,6.577883201693937,6.360754013061523
A,superfast,WorldCup_far_2k,7.0531,6.35993239353007,6.664663791656494
A,superfast,Aerial3200_2k,6.3725,6.459955923235743,6.295665740966797
A,superfast,Boat_2k,6.3672,6.570153241084041,6.489678382873535
A,superfast,BoxingPractice_4k,13.0006,12.614818907078474,13.098949432373047
A,superfast,Crosswalk_4k,12.9114,12.997390615282452,13.139714241027832
A,superfast,CrowdRun_1080p50,7.072,6.491286583462282,6.749051570892334
A,superfast,DinnerSceneCropped_2k,6.2705,6.428259447176865,6.334926605224609
A,superfast,FoodMarket2_4k,13.2082,13.289409325319795,13.098843574523926
A,superfast,FoodMarket_2k,6.3658,6.690644167132653,6.329181671142578
A,superfast,MeridianTalk_sdr_2k,6.3348,6.497851431433773,6.364343643188477
A,superfast,Motorcycle_2k,7.0665,6.618932348926869,6.852976322174072
A,superfast,MountainBike_2k,6.9826,6.778190550259305,6.909684181213379
A,superfast,Neon1224_4k,12.957,13.29501782924621,13.21173095703125
A,superfast,NocturneDance_4k,13.2215,12.697562030931774,13.104345321655273
A,superfast,OldTownCross_1080p50,6.3166,6.827511254207703,6.39276123046875
A,superfast,PedestrianArea_1080p25,6.359,6.403795843664454,6.352870464324951
A,superfast,PierSeaSide_4k,13.3017,12.974736483672494,13.103364944458008
A,superfast,RitualDance_2k,6.3146,6.214380010727939,6.358901023864746
A,superfast,Riverbed_1080p25,6.3958,6.9538906907792555,6.5010085105896
A,superfast,RushFieldCuts_2k,7.0422,6.4253585810599105,6.3484954833984375
A,superfast,Skater227_2k,6.3241,6.3483586909350125,6.316123008728027
A,superfast,Tango_4k,13.2135,12.865360779670796,12.950023651123047
A,superfast,TimeLapse_4k,13.1057,13.223170769574168,13.235239028930664
A,superfast,ToddlerFountain_2k,6.6525,6.727223316397892,6.789832592010498
A,superfast,TreesAndGrass_2k,7.0828,6.72678923630093,6.947772979736328
A,superfast,TunnelFlag_2k,6.3698,6.359583172253847,6.32848596572876
A,superfast,Vertical_bees_2k,6.3654,5.946628056739492,6.393619537353516
A,superfast,Vertical_Carnaby_2k,6.4079,6.126918799399648,6.408965587615967
A,superfast,WalkingInStreet_2k,7.1539,6.245100584778501,6.3405585289001465
A,superfast,WorldCup_2k,6.3585,6.596228961120245,6.351447582244873
A,superfast,WorldCup_far_2k,6.3898,6.348633116258478,6.345912933349609
A,superfast,Aerial3200_2k,6.3831,6.462784057958874,6.341341495513916
A,superfast,Boat_2k,6.3417,6.43892431688065,6.412551403045654
A,superfast,BoxingPractice_4k,13.0209,12.6601816685175,13.114521980285645
A,superfast,Crosswalk_4k,12.9536,12.662219023105141,13.120389938354492
A,superfast,CrowdRun_1080p50,6.3421,6.345395346766573,6.617049217224121
A,superfast,DinnerSceneCropped_2k,6.3238,6.496977374398779,6.340466499328613
A,superfast,FoodMarket2_4k,13.2051,13.233685039678205,13.095499992370605
A,superfast,FoodMarket_2k,6.3796,6.665601118191944,6.34528923034668
A,superfast,MeridianTalk_sdr_2k,6.3354,6.464980562339109,6.336733818054199
A,superfast,Motorcycle_2k,6.3269,6.568935291672608,6.340533256530762
A,superfast,MountainBike_2k,6.3469,6.654518337404994,6.347401142120361
A,superfast,Neon1224_4k,13.1415,13.116948835819095,7.105772495269775
A,superfast,NocturneDance_4k,13.1773,12.970780454103117,13.126684188842773
A,superfast,OldTownCross_1080p50,6.3815,6.407645793712551,6.3435378074646
A,superfast,PedestrianArea_1080p25,6.3598,6.525051786664088,6.344566345214844
A,superfast,PierSeaSide_4k,13.1386,12.921636500816152,13.480053901672363
A,superfast,RitualDance_2k,6.3482,6.346262143096498,6.320441722869873
A,superfast,Riverbed_1080p25,6.362,6.668153429622589,6.366072177886963
A,superfast,RushFieldCuts_2k,6.3248,6.573012940188791,6.385279655456543
A,superfast,Skater227_2k,6.2943,6.3619584879624735,6.320982933044434
A,superfast,Tango_4k,13.1884,12.782338183548204,12.990108489990234
A,superfast,TimeLapse_4k,13.1057,13.208048132953557,13.191971778869629
A,superfast,ToddlerFountain_2k,6.3507,6.715531073685704,6.349125862121582
A,superfast,TreesAndGrass_2k,6.3948,6.561614397709274,6.696110248565674
A,superfast,TunnelFlag_2k,6.3631,6.341915978807009,6.357889652252197
A,superfast,Vertical_bees_2k,6.4461,5.926743124456877,6.403302192687988
A,superfast,Vertical_Carnaby_2k,6.3596,6.163864182906783,6.439144134521484
A,superfast,WalkingInStreet_2k,6.4568,6.291581633938177,6.336400985717773
A,superfast,WorldCup_2k,6.2898,6.576916192406975,6.3159637451171875
A,superfast,WorldCup_far_2k,6.313,6.3281647240642345,6.342266082763672
A,veryfast,Aerial3200_2k,7.1671,6.757593527262181,6.609910011291504
A,veryfast,Boat_2k,7.1358,7.250305762908993,7.088436603546143
A,veryfast,BoxingPractice_4k,13.6248,12.79162974023708,12.346796989440918
A,veryfast,Crosswalk_4k,13.055,13.341553329015145,13.020476341247559
A,veryfast,CrowdRun_1080p50,7.2255,7.060596681469683,7.1086745262146
A,veryfast,DinnerSceneCropped_2k,6.3792,6.270599031834379,7.153731346130371
A,veryfast,FoodMarket2_4k,13.9507,13.819909052656245,14.03136920928955
A,veryfast,FoodMarket_2k,6.8418,6.798257551874716,7.080200672149658
A,veryfast,MeridianTalk_sdr_2k,6.3813,6.764220520946826,6.422801494598389
A,veryfast,Motorcycle_2k,7.0665,6.980742158014957,6.989894866943359
A,veryfast,MountainBike_2k,7.0957,7.034372520167547,7.03839635848999
A,veryfast,Neon1224_4k,13.4567,13.143531355677347,13.284540176391602
A,veryfast,NocturneDance_4k,13.3742,12.509904209153127,13.185909271240234
A,veryfast,OldTownCross_1080p50,7.1316,7.114656993678492,7.146056175231934
A,veryfast,PedestrianArea_1080p25,6.3747,6.547302805559382,6.795668125152588
A,veryfast,PierSeaSide_4k,13.2578,13.19458377798791,9.789022445678711
A,veryfast,RitualDance_2k,6.3007,6.472596232705982,6.342990398406982
A,veryfast,Riverbed_1080p25,6.4294,6.849156978814527,7.023989200592041
A,veryfast,RushFieldCuts_2k,7.0231,6.7249173008548615,6.912356376647949
A,veryfast,Skater227_2k,6.3206,6.45260579872525,6.348585605621338
A,veryfast,Tango_4k,14.0446,12.7234091553931,13.643843650817871
A,veryfast,TimeLapse_4k,8.4907,13.703359897932987,13.260313034057617
A,veryfast,ToddlerFountain_2k,7.1011,6.86561541507741,7.102543830871582
A,veryfast,TreesAndGrass_2k,7.2048,7.363186656696458,7.165496349334717
A,veryfast,TunnelFlag_2k,6.8743,6.710256137963675,6.975655555725098
A,veryfast,Vertical_bees_2k,6.4007,6.542233016870635,6.7336015701293945
A,veryfast,Vertical_Carnaby_2k,6.3932,6.350086399297894,6.356257438659668
A,veryfast,WalkingInStreet_2k,7.2554,7.617736838712835,7.1570916175842285
A,veryfast,WorldCup_2k,6.3279,5.074914624788656,7.032905101776123
A,veryfast,WorldCup_far_2k,7.0555,6.7453560398073025,7.098941326141357
A,veryfast,Aerial3200_2k,6.3714,6.6678329008445605,6.932797908782959
A,veryfast,Boat_2k,6.8668,6.939325014470527,7.064406871795654
A,veryfast,BoxingPractice_4k,13.0487,12.747637089490325,13.156408309936523
A,veryfast,Crosswalk_4k,12.9287,13.460396177622755,13.121460914611816
A,veryfast,CrowdRun_1080p50,7.0286,6.693709266843706,7.035223960876465
A,veryfast,DinnerSceneCropped_2k,6.3581,6.280360966626261,6.27968168258667
A,veryfast,FoodMarket2_4k,13.2135,13.125001730663818,13.372563362121582
A,veryfast,FoodMarket_2k,6.3553,6.9199005475659074,6.429019451141357
A,veryfast,MeridianTalk_sdr_2k,6.3492,6.6684729985487445,6.335838794708252
A,veryfast,Motorcycle_2k,7.0063,6.806144736687132,6.905100345611572
A,veryfast,MountainBike_2k,7.0351,6.8869746112185455,6.941091537475586
A,veryfast,Neon1224_4k,12.9711,12.888531652583195,13.185745239257812
A,veryfast,NocturneDance_4k,13.2943,12.461769155746392,13.276473999023438
A,veryfast,OldTownCross_1080p50,7.1214,7.012732923933177,6.715043067932129
A,veryfast,PedestrianArea_1080p25,6.3449,6.42808128704522,6.357342720031738
A,veryfast,PierSeaSide_4k,13.27,13.09929529759033,13.120616912841797
A,veryfast,RitualDance_2k,6.3314,6.428536746769188,6.355551719665527
A,veryfast,Riverbed_1080p25,6.4041,7.712013367409228,6.43485689163208
A,veryfast,RushFieldCuts_2k,7.0206,6.548933751085792,6.911668300628662
A,veryfast,Skater227_2k,6.3504,6.441197335160355,6.372762680053711
A,veryfast,Tango_4k,13.3681,12.830625518035458,13.040565490722656
A,veryfast,TimeLapse_4k,13.0925,13.3135784025405,13.13094425201416
A,veryfast,ToddlerFountain_2k,7.0285,6.572764221062979,7.032938480377197
A,veryfast,TreesAndGrass_2k,7.1124,7.085884867827881,7.011438369750977
A,veryfast,TunnelFlag_2k,6.3523,6.476810669957709,6.6538920402526855
A,veryfast,Vertical_bees_2k,6.3751,6.575515637465314,6.361896514892578
A,veryfast,Vertical_Carnaby_2k,6.4061,6.424838306375252,6.3505988121032715
A,veryfast,WalkingInStreet_2k,7.2329,7.127243711390301,7.11448335647583
A,veryfast,WorldCup_2k,6.3472,4.888384703461302,7.032905101776123
A,veryfast,WorldCup_far_2k,7.0531,6.642162657261001,6.612800598144531
A,veryfast,Aerial3200_2k,6.3725,6.627831064895285,6.36377477645874
A,veryfast,Boat_2k,6.3672,6.612437055035927,6.496565341949463
A,veryfast,BoxingPractice_4k,13.0006,12.34083599928258,13.177854537963867
A,veryfast,Crosswalk_4k,12.9114,13.80333022414029,13.211028099060059
A,veryfast,CrowdRun_1080p50,7.072,6.532547217917619,6.624144554138184
A,veryfast,DinnerSceneCropped_2k,6.2705,6.331321176113663,6.335443019866943
A,veryfast,FoodMarket2_4k,13.2082,13.162404710796446,13.124058723449707
A,veryfast,FoodMarket_2k,6.3658,6.8539837772139665,6.351511478424072
A,veryfast,MeridianTalk_sdr_2k,6.3348,6.6166555373705815,6.3312296867370605
A,veryfast,Motorcycle_2k,7.0665,6.691618913138747,6.743927001953125
A,veryfast,MountainBike_2k,6.9826,6.635630704230138,6.548894882202148
A,veryfast,Neon1224_4k,12.957,12.774539726566708,13.105362892150879
A,veryfast,NocturneDance_4k,13.2215,12.491561563391846,13.132964134216309
A,veryfast,OldTownCross_1080p50,6.3166,6.714660553984812,6.38035774230957
A,veryfast,PedestrianArea_1080p25,6.359,6.4354330598216425,6.3547868728637695
A,veryfast,PierSeaSide_4k,13.3017,13.150206575184669,12.976529121398926
A,veryfast,RitualDance_2k,6.3146,6.343848559748367,6.369476795196533
A,veryfast,Riverbed_1080p25,6.3958,6.865890489118247,6.384817123413086
A,veryfast,RushFieldCuts_2k,7.0422,6.513804305131212,6.384956359863281
A,veryfast,Skater227_2k,6.3241,6.452349649000101,6.346438407897949
A,veryfast,Tango_4k,13.2135,12.958789049975643,12.952863693237305
A,veryfast,TimeLapse_4k,13.1057,13.244496541645288,13.212175369262695
A,veryfast,ToddlerFountain_2k,6.6525,6.481541623196344,6.527880668640137
A,veryfast,TreesAndGrass_2k,7.0828,6.828004933781179,6.9880146980285645
A,veryfast,TunnelFlag_2k,6.3698,6.59887091603685,6.348308563232422
A,veryfast,Vertical_bees_2k,6.3654,6.398200048595079,6.341486930847168
A,veryfast,Vertical_Carnaby_2k,6.4079,6.58660909908145,6.35355806350708
A,veryfast,WalkingInStreet_2k,7.1539,7.021851158043232,6.975379943847656
A,veryfast,WorldCup_2k,6.3585,6.58832234392527,6.350676536560059
A,veryfast,WorldCup_far_2k,6.3898,6.54953573557004,6.347933769226074
A,veryfast,Aerial3200_2k,6.3831,6.5483880324115304,6.343288421630859
A,veryfast,Boat_2k,6.3417,6.457955990830559,6.451077461242676
A,veryfast,BoxingPractice_4k,13.0209,12.524750957494952,13.124433517456055
A,veryfast,Crosswalk_4k,12.9536,13.501244595014917,13.115436553955078
A,veryfast,CrowdRun_1080p50,6.3421,6.343036299946094,6.803174018859863
A,veryfast,DinnerSceneCropped_2k,6.3238,6.2394537494384394,6.33598518371582
A,veryfast,FoodMarket2_4k,13.2051,13.3935614128693,13.02477741241455
A,veryfast,FoodMarket_2k,6.3796,6.645649333190793,6.363088130950928
A,veryfast,MeridianTalk_sdr_2k,6.3354,6.511355461412586,6.326111316680908
A,veryfast,Motorcycle_2k,6.3269,6.539106565792261,6.336276054382324
A,veryfast,MountainBike_2k,6.3469,6.521416271471841,6.40210485458374
A,veryfast,Neon1224_4k,13.1415,12.910525857940462,13.084043502807617
A,veryfast,NocturneDance_4k,13.1773,12.699926675282377,13.127333641052246
A,veryfast,OldTownCross_1080p50,6.3815,6.497411630578198,6.346368789672852
A,veryfast,PedestrianArea_1080p25,6.3598,6.493397870435813,6.363731384277344
A,veryfast,PierSeaSide_4k,13.1386,13.369745391265159,13.092961311340332
A,veryfast,RitualDance_2k,6.3482,6.477557062295455,6.325438022613525
A,veryfast,Riverbed_1080p25,6.362,7.001096875522857,6.350852966308594
A,veryfast,RushFieldCuts_2k,6.3248,6.443539892887801,6.359207630157471
A,veryfast,Skater227_2k,6.2943,6.387867933095311,6.344331741333008
A,veryfast,Tango_4k,13.1884,12.91626268180098,13.00214958190918
A,veryfast,TimeLapse_4k,13.1057,13.126676989939618,13.148421287536621
A,veryfast,ToddlerFountain_2k,6.3507,6.509756170746094,6.33544397354126
A,veryfast,TreesAndGrass_2k,6.3948,6.636512627993083,6.599759101867676
A,veryfast,TunnelFlag_2k,6.3631,6.3107745415595,6.381227493286133
A,veryfast,Vertical_bees_2k,6.4461,6.336725854656735,6.372371196746826
A,veryfast,Vertical_Carnaby_2k,6.3596,6.515040487135132,6.328505039215088
A,veryfast,WalkingInStreet_2k,6.4568,6.865137432769341,6.952221393585205
A,veryfast,WorldCup_2k,6.2898,6.579849640465054,6.346656799316406
A,veryfast,WorldCup_far_2k,6.313,6.427542253429564,6.347110748291016
B,fast,Aerial3200_2k,7.1671,6.839906694462514,6.778631687164307
B,fast,Boat_2k,7.1358,7.136904971278511,7.161819934844971
B,fast,BoxingPractice_4k,13.6248,12.698763375778977,13.603311538696289
B,fast,Crosswalk_4k,13.055,10.466089091761217,13.667949676513672
B,fast,CrowdRun_1080p50,7.2255,7.224634789966927,12.401161193847656
B,fast,DinnerSceneCropped_2k,6.3792,6.552315696417889,7.176172256469727
B,fast,FoodMarket2_4k,13.9507,12.554244768908985,13.293508529663086
B,fast,FoodMarket_2k,6.8418,6.795077298455072,7.053657531738281
B,fast,MeridianTalk_sdr_2k,6.3813,6.624084661407866,6.418517589569092
B,fast,Motorcycle_2k,7.0665,7.090893464998896,7.069845199584961
B,fast,MountainBike_2k,7.0957,6.884832039447442,7.002252101898193
B,fast,Neon1224_4k,13.4567,13.01717007984846,13.226180076599121
B,fast,NocturneDance_4k,13.3742,12.830450883832754,13.44726276397705
B,fast,OldTownCross_1080p50,7.1316,6.543168181273604,6.881814002990723
B,fast,PedestrianArea_1080p25,6.3747,6.704622384239011,6.721006870269775
B,fast,PierSeaSide_4k,13.2578,13.694665500123808,13.146130561828613
B,fast,RitualDance_2k,6.3007,6.481117311502153,6.346842288970947
B,fast,Riverbed_1080p25,6.4294,7.503753370452106,7.011346817016602
B,fast,RushFieldCuts_2k,7.0231,6.9336649532748895,6.915874481201172
B,fast,Skater227_2k,6.3206,6.387190776245055,6.34686803817749
B,fast,Tango_4k,14.0446,12.315957457205567,13.193633079528809
B,fast,TimeLapse_4k,8.4907,14.051116448999707,13.322766304016113
B,fast,ToddlerFountain_2k,7.1011,6.670470231244398,7.044967174530029
B,fast,TreesAndGrass_2k,7.2048,6.811402985588808,7.174246788024902
B,fast,TunnelFlag_2k,6.8743,6.948457283106217,6.963104724884033
B,fast,Vertical_bees_2k,6.4007,6.5334232645672925,6.398473262786865
B,fast,Vertical_Carnaby_2k,6.3932,6.458901619819059,6.349226951599121
B,fast,WalkingInStreet_2k,7.2554,8.246263010415431,7.172342300415039
B,fast,WorldCup_2k,6.3279,6.439379735953905,6.357113838195801
B,fast,WorldCup_far_2k,7.0555,6.821671883197396,7.094437599182129
B,fast,Aerial3200_2k,6.3714,6.652058388879385,6.993205547332764
B,fast,Boat_2k,6.8668,6.892217395913456,7.029182434082031
B,fast,BoxingPractice_4k,13.0487,11.845963933400087,13.19227123260498
B,fast,Crosswalk_4k,12.9287,14.505630003546461,13.20042610168457
B,fast,CrowdRun_1080p50,7.0286,6.861039788940935,7.07555627822876
B,fast,DinnerSceneCropped_2k,6.3581,6.6290937678447275,6.277634143829346
B,fast,FoodMarket2_4k,13.2135,13.065163458284001,13.227118492126465
B,fast,FoodMarket_2k,6.3553,6.906041524827408,6.407602310180664
B,fast,MeridianTalk_sdr_2k,6.3492,6.513846061527445,6.343985557556152
B,fast,Motorcycle_2k,7.0063,6.625132203868114,6.917947292327881
B,fast,MountainBike_2k,7.0351,6.77607301609014,6.969717979431152
B,fast,Neon1224_4k,12.9711,13.44586571710535,13.171252250671387
B,fast,NocturneDance_4k,13.2943,12.751969444270115,13.176055908203125
B,fast,OldTownCross_1080p50,7.1214,6.7601092179427384,6.874638557434082
B,fast,PedestrianArea_1080p25,6.3449,6.556764859947563,6.3426313400268555
B,fast,PierSeaSide_4k,13.27,12.374299130803806,13.090215682983398
B,fast,RitualDance_2k,6.3314,6.380167634227542,6.352560043334961
B,fast,Riverbed_1080p25,6.4041,7.198965331410649,6.405331134796143
B,fast,RushFieldCuts_2k,7.0206,6.66427924609412,6.963710308074951
B,fast,Skater227_2k,6.3504,6.453583444429233,6.365622520446777
B,fast,Tango_4k,13.3681,12.584910246403037,12.556633949279785
B,fast,TimeLapse_4k,13.0925,13.484159725970002,13.229639053344727
B,fast,ToddlerFountain_2k,7.0285,6.550398207343754,6.924161434173584
B,fast,TreesAndGrass_2k,7.1124,6.77857344148173,7.113700866699219
B,fast,TunnelFlag_2k,6.3523,6.6430636865669905,6.723873615264893
B,fast,Vertical_bees_2k,6.3751,6.437979709474149,6.347226619720459
B,fast,Vertical_Carnaby_2k,6.4061,6.391936418524306,6.344606399536133
B,fast,WalkingInStreet_2k,7.2329,7.925687394242034,7.096283435821533
B,fast,WorldCup_2k,6.3472,6.355394780386055,6.362598419189453
B,fast,WorldCup_far_2k,7.0531,6.461170069019312,6.71409797668457
B,fast,Aerial3200_2k,6.3725,6.74238875740229,6.332400321960449
B,fast,Boat_2k,6.3672,6.722034859119269,6.550204753875732
B,fast,BoxingPractice_4k,13.0006,11.37040144472404,13.179333686828613
B,fast,Crosswalk_4k,12.9114,14.569890980806047,13.197709083557129
B,fast,CrowdRun_1080p50,7.072,6.63642841742148,6.915892124176025
B,fast,DinnerSceneCropped_2k,6.2705,6.438937737916077,6.33296537399292
B,fast,FoodMarket2_4k,13.2082,13.54708001462139,13.164362907409668
B,fast,FoodMarket_2k,6.3658,6.4788398911461895,6.389217853546143
B,fast,MeridianTalk_sdr_2k,6.3348,6.45170181118168,6.34292459487915
B,fast,Motorcycle_2k,7.0665,6.3768926120910425,6.749455451965332
B,fast,MountainBike_2k,6.9826,6.545753608426337,6.52025842666626
B,fast,Neon1224_4k,12.957,13.066825711209123,13.214781761169434
B,fast,NocturneDance_4k,13.2215,11.870785902536529,13.176204681396484
B,fast,OldTownCross_1080p50,6.3166,6.626604247761904,6.366990089416504
B,fast,PedestrianArea_1080p25,6.359,6.41876109975335,6.360563278198242
B,fast,PierSeaSide_4k,13.3017,12.003124275927156,12.997031211853027
B,fast,RitualDance_2k,6.3146,6.31663490955383,6.351457595825195
B,fast,Riverbed_1080p25,6.3958,6.979655470876721,6.351487159729004
B,fast,RushFieldCuts_2k,7.0422,6.478021916834073,6.378899097442627
B,fast,Skater227_2k,6.3241,6.363692041674652,6.350467681884766
B,fast,Tango_4k,13.2135,13.635772618910906,13.041765213012695
B,fast,TimeLapse_4k,13.1057,13.308814637726831,13.169788360595703
B,fast,ToddlerFountain_2k,6.6525,6.592978197340851,6.5229058265686035
B,fast,TreesAndGrass_2k,7.0828,6.157035085224301,7.095423698425293
B,fast,TunnelFlag_2k,6.3698,6.454958016507817,6.346154689788818
B,fast,Vertical_bees_2k,6.3654,6.3175261457241145,6.348681449890137
B,fast,Vertical_Carnaby_2k,6.4079,6.458858723040242,6.339293479919434
B,fast,WalkingInStreet_2k,7.1539,7.76392419168157,7.033199787139893
B,fast,WorldCup_2k,6.3585,6.31520757363176,6.351396083831787
B,fast,WorldCup_far_2k,6.3898,6.587762887159542,6.35060977935791
B,fast,Aerial3200_2k,6.3831,6.505802294636032,6.357795715332031
B,fast,Boat_2k,6.3417,6.515878675286912,6.3932623863220215
B,fast,BoxingPractice_4k,13.0209,11.467354421533024,13.141474723815918
B,fast,Crosswalk_4k,12.9536,14.095753424309777,13.094171524047852
B,fast,CrowdRun_1080p50,6.3421,6.385986201683572,6.523226261138916
B,fast,DinnerSceneCropped_2k,6.3238,6.095722241766232,6.3532562255859375
B,fast,FoodMarket2_4k,13.2051,13.512420533117496,13.036532402038574
B,fast,FoodMarket_2k,6.3796,6.452241892619078,6.353436470031738
B,fast,MeridianTalk_sdr_2k,6.3354,6.26952942487868,6.335594654083252
B,fast,Motorcycle_2k,6.3269,6.339210968998003,6.3456573486328125
B,fast,MountainBike_2k,6.3469,6.5707016290037155,6.35897159576416
B,fast,Neon1224_4k,13.1415,13.466730808405288,13.171127319335938
B,fast,NocturneDance_4k,13.1773,12.540033267054252,13.09581470489502
B,fast,OldTownCross_1080p50,6.3815,6.408908504812886,6.344474792480469
B,fast,PedestrianArea_1080p25,6.3598,6.31354886805656,6.356203079223633
B,fast,PierSeaSide_4k,13.1386,12.691830977370014,13.108282089233398
B,fast,RitualDance_2k,6.3482,6.21032968671676,6.352954864501953
B,fast,Riverbed_1080p25,6.362,6.715646119671523,6.357276439666748
B,fast,RushFieldCuts_2k,6.3248,6.458709095828244,6.35496187210083
B,fast,Skater227_2k,6.2943,6.219308130852912,6.333706378936768
B,fast,Tango_4k,13.1884,12.996645490777391,12.968305587768555
B,fast,TimeLapse_4k,13.1057,13.30046721368733,13.203755378723145
B,fast,ToddlerFountain_2k,6.3507,6.580784838923395,6.361911773681641
B,fast,TreesAndGrass_2k,6.3948,6.1104877609883514,6.606878757476807
B,fast,TunnelFlag_2k,6.3631,6.221767267543753,6.34747314453125
B,fast,Vertical_bees_2k,6.4461,6.197970683585764,6.350667953491211
B,fast,Vertical_Carnaby_2k,6.3596,6.33207502990075,6.323613166809082
B,fast,WalkingInStreet_2k,6.4568,7.338028105013716,7.010962963104248
B,fast,WorldCup_2k,6.2898,6.068302117270816,6.336176872253418
B,fast,WorldCup_far_2k,6.313,6.379188760696468,6.349161148071289
B,faster,Aerial3200_2k,7.1671,6.927111528109755,6.680274963378906
B,faster,Boat_2k,7.1358,7.193359838154497,7.171909809112549
B,faster,BoxingPractice_4k,13.6248,12.283654874585226,12.7117919921875
B,faster,Crosswalk_4k,13.055,12.76438231408904,13.734025001525879
B,faster,CrowdRun_1080p50,7.2255,6.958269520723814,7.194204807281494
B,faster,DinnerSceneCropped_2k,6.3792,6.787137463176677,6.5397629737854
B,faster,FoodMarket2_4k,13.9507,12.453440956397522,13.242420196533203
B,faster,FoodMarket_2k,6.8418,6.8131652951750565,7.067275524139404
B,faster,MeridianTalk_sdr_2k,6.3813,6.767251531017762,6.448999404907227
B,faster,Motorcycle_2k,7.0665,7.122734231183606,7.061986923217773
B,faster,MountainBike_2k,7.0957,6.8297284674124485,7.017741680145264
B,faster,Neon1224_4k,13.4567,12.599478203406116,13.312195777893066
B,faster,NocturneDance_4k,13.3742,12.372255409212965,12.296676635742188
B,faster,OldTownCross_1080p50,7.1316,6.48005413171892,7.035487651824951
B,faster,PedestrianArea_1080p25,6.3747,6.635113458368226,6.712453365325928
B,faster,PierSeaSide_4k,13.2578,12.897832183345601,13.32676887512207
B,faster,RitualDance_2k,6.3007,6.511331300812606,6.360708236694336
B,faster,Riverbed_1080p25,6.4294,7.391470858708056,6.97258996963501
B,faster,RushFieldCuts_2k,7.0231,6.8920220078159575,6.908326625823975
B,faster,Skater227_2k,6.3206,6.397840138633963,6.360119819641113
B,faster,Tango_4k,14.0446,12.416911638310916,13.152823448181152
B,faster,TimeLapse_4k,8.4907,14.097835474224661,13.322766304016113
B,faster,ToddlerFountain_2k,7.1011,6.936161115886888,7.043774604797363
B,faster,TreesAndGrass_2k,7.2048,7.767975597076887,7.783893585205078
B,faster,TunnelFlag_2k,6.8743,6.827685634176479,6.979341506958008
B,faster,Vertical_bees_2k,6.4007,6.448526431955916,6.3882856369018555
B,faster,Vertical_Carnaby_2k,6.3932,6.411745899867818,6.343958377838135
B,faster,WalkingInStreet_2k,7.2554,8.909361572169237,6.911581516265869
B,faster,WorldCup_2k,6.3279,6.384687896319994,6.356470584869385
B,faster,WorldCup_far_2k,7.0555,6.794990668323763,7.099409103393555
B,faster,Aerial3200_2k,6.3714,6.761475323641224,6.882724285125732
B,faster,Boat_2k,6.8668,6.9726842300462915,7.045992851257324
B,faster,BoxingPractice_4k,13.0487,11.821362974780557,13.196452140808105
B,faster,Crosswalk_4k,12.9287,13.529660328800047,13.289644241333008
B,faster,CrowdRun_1080p50,7.0286,6.782101628275038,7.092942714691162
B,faster,DinnerSceneCropped_2k,6.3581,6.551295814287515,6.3486857414245605
B,faster,FoodMarket2_4k,13.2135,13.117267318101923,13.20368480682373
B,faster,FoodMarket_2k,6.3553,6.775099991725013,6.399065971374512
B,faster,MeridianTalk_sdr_2k,6.3492,6.513161763302014,6.347817420959473
B,faster,Motorcycle_2k,7.0063,6.699539244569712,6.929582118988037
B,faster,MountainBike_2k,7.0351,6.882964656236674,6.968813896179199
B,faster,Neon1224_4k,12.9711,13.507550911541834,13.14601993560791
B,faster,NocturneDance_4k,13.2943,12.750265742311928,13.15255069732666
B,faster,OldTownCross_1080p50,7.1214,6.726847678157426,6.873679161071777
B,faster,PedestrianArea_1080p25,6.3449,6.556932503683208,6.36021089553833
B,faster,PierSeaSide_4k,13.27,13.087175285537139,13.070590019226074
B,faster,RitualDance_2k,6.3314,6.302047346988756,6.36994743347168
B,faster,Riverbed_1080p25,6.4041,7.221820829029729,6.33820915222168
B,faster,RushFieldCuts_2k,7.0206,6.793433585675388,6.9648261070251465
B,faster,Skater227_2k,6.3504,6.440636484231812,6.371842861175537
B,faster,Tango_4k,13.3681,12.497891351934005,12.557624816894531
B,faster,TimeLapse_4k,13.0925,13.653811057727744,13.222394943237305
B,faster,ToddlerFountain_2k,7.0285,6.5844041646825735,6.920185565948486
B,faster,TreesAndGrass_2k,7.1124,6.775961220006624,7.095909595489502
B,faster,TunnelFlag_2k,6.3523,6.6171830630760144,6.68189811706543
B,faster,Vertical_bees_2k,6.3751,6.425808392656463,6.338927745819092
B,faster,Vertical_Carnaby_2k,6.4061,6.417687622319512,6.350631237030029
B,faster,WalkingInStreet_2k,7.2329,7.857228633019251,7.101069450378418
B,faster,WorldCup_2k,6.3472,6.339632863401767,6.365486145019531
B,faster,WorldCup_far_2k,7.0531,6.507098074376651,6.703798770904541
B,faster,Aerial3200_2k,6.3725,6.791806632142322,6.332180500030518
B,faster,Boat_2k,6.3672,6.719782686176889,6.4910888671875
B,faster,BoxingPractice_4k,13.0006,11.32787900967034,13.1842622756958
B,faster,Crosswalk_4k,12.9114,14.18227343966691,13.194879531860352
B,faster,CrowdRun_1080p50,7.072,6.5635930026091955,6.763128757476807
B,faster,DinnerSceneCropped_2k,6.2705,6.258422854369732,6.330260276794434
B,faster,FoodMarket2_4k,13.2082,13.456287763086369,13.098679542541504
B,faster,FoodMarket_2k,6.3658,6.581020527788578,6.378803730010986
B,faster,MeridianTalk_sdr_2k,6.3348,6.453044744028653,6.3416643142700195
B,faster,Motorcycle_2k,7.0665,6.361600327655859,6.747281551361084
B,faster,MountainBike_2k,6.9826,6.424202606441447,6.46942138671875
B,faster,Neon1224_4k,12.957,13.254823607356052,13.21607494354248
B,faster,NocturneDance_4k,13.2215,12.721297713228736,12.98322868347168
B,faster,OldTownCross_1080p50,6.3166,6.616402191170755,6.341571807861328
B,faster,PedestrianArea_1080p25,6.359,6.379558809209571,6.35871696472168
B,faster,PierSeaSide_4k,13.3017,13.37771602034713,12.905750274658203
B,faster,RitualDance_2k,6.3146,6.286859532843952,6.369073390960693
B,faster,Riverbed_1080p25,6.3958,7.0827146884315315,6.348553657531738
B,faster,RushFieldCuts_2k,7.0422,6.502883838044204,6.429570198059082
B,faster,Skater227_2k,6.3241,6.29281970439378,6.360142230987549
B,faster,Tango_4k,13.2135,13.436936639321143,13.041765213012695
B,faster,TimeLapse_4k,13.1057,13.436486076125489,13.169788360595703
B,faster,ToddlerFountain_2k,6.6525,6.661217471690539,6.499434471130371
B,faster,TreesAndGrass_2k,7.0828,6.092996679593751,7.042538642883301
B,faster,TunnelFlag_2k,6.3698,6.420630360321111,6.343679428100586
B,faster,Vertical_bees_2k,6.3654,6.2862652414017415,6.360605716705322
B,faster,Vertical_Carnaby_2k,6.4079,6.4297544944995115,6.338621616363525
B,faster,WalkingInStreet_2k,7.1539,7.761009348105261,7.04630708694458
B,faster,WorldCup_2k,6.3585,6.273021648377469,6.344143390655518
B,faster,WorldCup_far_2k,6.3898,6.610666915216946,6.356961250305176
B,faster,Aerial3200_2k,6.3831,6.63585483126336,6.3560051918029785
B,faster,Boat_2k,6.3417,6.5661069002954315,6.3554253578186035
B,faster,BoxingPractice_4k,13.0209,11.278220519771505,13.139961242675781
B,faster,Crosswalk_4k,12.9536,13.647168756006103,13.092408180236816
B,faster,CrowdRun_1080p50,6.3421,6.392779061199917,6.698692321777344
B,faster,DinnerSceneCropped_2k,6.3238,5.860800488641528,6.3595871925354
B,faster,FoodMarket2_4k,13.2051,13.437221027586078,13.035594940185547
B,faster,FoodMarket_2k,6.3796,6.446381682962278,6.348087787628174
B,faster,MeridianTalk_sdr_2k,6.3354,6.313036672547298,6.339969158172607
B,faster,Motorcycle_2k,6.3269,6.35807688217768,6.3483052253723145
B,faster,MountainBike_2k,6.3469,6.486011450762007,6.3619489669799805
B,faster,Neon1224_4k,13.1415,12.959600803470973,11.835160255432129
B,faster,NocturneDance_4k,13.1773,12.922870018725867,13.071330070495605
B,faster,OldTownCross_1080p50,6.3815,6.411716545574664,6.3411712646484375
B,faster,PedestrianArea_1080p25,6.3598,6.275779890098564,6.342893600463867
B,faster,PierSeaSide_4k,13.1386,12.65655818311059,13.140947341918945
B,faster,RitualDance_2k,6.3482,6.211414816368127,6.333304405212402
B,faster,Riverbed_1080p25,6.362,6.982528552072551,6.348800182342529
B,faster,RushFieldCuts_2k,6.3248,6.433420169251017,6.362204551696777
B,faster,Skater227_2k,6.2943,6.269286981611749,6.332185745239258
B,faster,Tango_4k,13.1884,13.155683423014231,12.968305587768555
B,faster,TimeLapse_4k,13.1057,13.075321263884774,13.200634956359863
B,faster,ToddlerFountain_2k,6.3507,6.638479014558682,6.361911773681641
B,faster,TreesAndGrass_2k,6.3948,6.183476980135768,6.6067962646484375
B,faster,TunnelFlag_2k,6.3631,6.203217696015676,6.356964111328125
B,faster,Vertical_bees_2k,6.4461,6.24064576517515,6.355280876159668
B,faster,Vertical_Carnaby_2k,6.3596,6.183091507212925,6.3311262130737305
B,faster,WalkingInStreet_2k,6.4568,7.3513337235772935,7.011689186096191
B,faster,WorldCup_2k,6.2898,6.261456643800635,6.338011264801025
B,faster,WorldCup_far_2k,6.313,6.410434319041693,6.350576400756836
B,superfast,Aerial3200_2k,7.1671,7.001821492122613,6.637465953826904
B,superfast,Boat_2k,7.1358,7.249769042673594,7.150314807891846
B,superfast,BoxingPractice_4k,13.6248,13.32178830186566,7.979986190795898
B,superfast,Crosswalk_4k,13.055,12.380850477169243,13.714445114135742
B,superfast,CrowdRun_1080p50,7.2255,7.104679660130445,7.06117582321167
B,superfast,DinnerSceneCropped_2k,6.3792,6.609158748630254,7.168643474578857
B,superfast,FoodMarket2_4k,13.9507,12.59988196355038,13.27345085144043
B,superfast,FoodMarket_2k,6.8418,7.217918951400367,7.123239040374756
B,superfast,MeridianTalk_sdr_2k,6.3813,6.826005000682294,6.520803451538086
B,superfast,Motorcycle_2k,7.0665,7.129853273616933,6.967920303344727
B,superfast,MountainBike_2k,7.0957,7.049820406171709,7.044571399688721
B,superfast,Neon1224_4k,13.4567,12.983478024933127,13.162296295166016
B,superfast,NocturneDance_4k,13.3742,11.790518120700145,13.377975463867188
B,superfast,OldTownCross_1080p50,7.1316,6.858453203623756,7.0494704246521
B,superfast,PedestrianArea_1080p25,6.3747,6.921672150749401,6.641781806945801
B,superfast,PierSeaSide_4k,13.2578,13.1829445652942,12.898834228515625
B,superfast,RitualDance_2k,6.3007,6.498438768927482,6.337076663970947
B,superfast,Riverbed_1080p25,6.4294,7.4886080345140815,6.917984485626221
B,superfast,RushFieldCuts_2k,7.0231,7.017213275080163,6.927210807800293
B,superfast,Skater227_2k,6.3206,6.712972492974703,6.343378067016602
B,superfast,Tango_4k,14.0446,10.599292230069148,13.307841300964355
B,superfast,TimeLapse_4k,8.4907,14.352431746029765,13.364439010620117
B,superfast,ToddlerFountain_2k,7.1011,6.9297800231683855,7.081989288330078
B,superfast,TreesAndGrass_2k,7.2048,6.985297369022973,7.195187091827393
B,superfast,TunnelFlag_2k,6.8743,7.035390237691434,6.995615005493164
B,superfast,Vertical_bees_2k,6.4007,6.64158164657778,6.382354736328125
B,superfast,Vertical_Carnaby_2k,6.3932,6.3719445040544285,6.365718841552734
B,superfast,WalkingInStreet_2k,7.2554,8.74416626377587,7.164447784423828
B,superfast,WorldCup_2k,6.3279,6.678075635932952,6.389296054840088
B,superfast,WorldCup_far_2k,7.0555,6.8827726634207895,6.99498987197876
B,superfast,Aerial3200_2k,6.3714,7.031487736622967,6.371491432189941
B,superfast,Boat_2k,6.8668,7.015657555226374,7.081523895263672
B,superfast,BoxingPractice_4k,13.0487,12.300133469398535,13.15645694732666
B,superfast,Crosswalk_4k,12.9287,13.754736984599166,13.119574546813965
B,superfast,CrowdRun_1080p50,7.0286,7.000523092116049,7.016656875610352
B,superfast,DinnerSceneCropped_2k,6.3581,6.744857801578957,6.293188095092773
B,superfast,FoodMarket2_4k,13.2135,13.050742385749793,13.157358169555664
B,superfast,FoodMarket_2k,6.3553,7.02817929304333,6.572955131530762
B,superfast,MeridianTalk_sdr_2k,6.3492,6.764543114368471,6.342767715454102
B,superfast,Motorcycle_2k,7.0063,6.936973512510652,6.790879249572754
B,superfast,MountainBike_2k,7.0351,6.750085472603173,6.990180015563965
B,superfast,Neon1224_4k,12.9711,13.45471032458841,13.122994422912598
B,superfast,NocturneDance_4k,13.2943,12.274958121036207,13.139870643615723
B,superfast,OldTownCross_1080p50,7.1214,6.989205306714059,6.852487564086914
B,superfast,PedestrianArea_1080p25,6.3449,6.725572782235054,6.351310729980469
B,superfast,PierSeaSide_4k,13.27,13.630056824410563,13.000374794006348
B,superfast,RitualDance_2k,6.3314,6.422539062218697,6.342467308044434
B,superfast,Riverbed_1080p25,6.4041,7.571071248237455,6.586732864379883
B,superfast,RushFieldCuts_2k,7.0206,6.740315923647305,6.453496932983398
B,superfast,Skater227_2k,6.3504,6.647136292375031,6.354378700256348
B,superfast,Tango_4k,13.3681,13.138066875922135,12.554230690002441
B,superfast,TimeLapse_4k,13.0925,13.095587838971602,13.212903022766113
B,superfast,ToddlerFountain_2k,7.0285,6.8159577782299765,7.052121162414551
B,superfast,TreesAndGrass_2k,7.1124,6.5394944109426625,7.114589214324951
B,superfast,TunnelFlag_2k,6.3523,6.652344104351019,6.80618143081665
B,superfast,Vertical_bees_2k,6.3751,6.447700209434702,6.352909564971924
B,superfast,Vertical_Carnaby_2k,6.4061,6.488033217109731,6.364493370056152
B,superfast,WalkingInStreet_2k,7.2329,8.168070492705946,7.053375244140625
B,superfast,WorldCup_2k,6.3472,6.585653610940565,6.349252223968506
B,superfast,WorldCup_far_2k,7.0531,6.590970030425622,6.751923561096191
B,superfast,Aerial3200_2k,6.3725,6.907280333435579,6.341778755187988
B,superfast,Boat_2k,6.3672,6.7803027095783595,6.596220016479492
B,superfast,BoxingPractice_4k,13.0006,11.805705275120093,13.112127304077148
B,superfast,Crosswalk_4k,12.9114,14.489157686793758,13.118284225463867
B,superfast,CrowdRun_1080p50,7.072,6.907149915284842,6.615728855133057
B,superfast,DinnerSceneCropped_2k,6.2705,6.586000981103826,6.34889030456543
B,superfast,FoodMarket2_4k,13.2082,12.81419842013188,13.198410987854004
B,superfast,FoodMarket_2k,6.3658,6.942195514674287,6.33795690536499
B,superfast,MeridianTalk_sdr_2k,6.3348,6.678125738278679,6.336231231689453
B,superfast,Motorcycle_2k,7.0665,6.603388563317115,6.745280742645264
B,superfast,MountainBike_2k,6.9826,6.691446763969222,6.8432207107543945
B,superfast,Neon1224_4k,12.957,12.925334104116004,13.209779739379883
B,superfast,NocturneDance_4k,13.2215,11.918708127389163,13.091866493225098
B,superfast,OldTownCross_1080p50,6.3166,6.70802928245484,6.388593673706055
B,superfast,PedestrianArea_1080p25,6.359,6.619364788949868,6.355678081512451
B,superfast,PierSeaSide_4k,13.3017,12.777087277739238,13.034482955932617
B,superfast,RitualDance_2k,6.3146,6.368385050529959,6.349255561828613
B,superfast,Riverbed_1080p25,6.3958,7.303654980252446,6.285401344299316
B,superfast,RushFieldCuts_2k,7.0422,6.375019716309808,6.432735443115234
B,superfast,Skater227_2k,6.3241,6.553372815583193,6.334541320800781
B,superfast,Tango_4k,13.2135,13.2390681707801,13.014386177062988
B,superfast,TimeLapse_4k,13.1057,13.999027057923298,13.146512985229492
B,superfast,ToddlerFountain_2k,6.6525,6.815501657992274,6.502739429473877
B,superfast,TreesAndGrass_2k,7.0828,6.703037315592074,6.9904632568359375
B,superfast,TunnelFlag_2k,6.3698,6.575176849850528,6.342379093170166
B,superfast,Vertical_bees_2k,6.3654,6.375320332720285,6.360448837280273
B,superfast,Vertical_Carnaby_2k,6.4079,6.49491662572591,6.365241527557373
B,superfast,WalkingInStreet_2k,7.1539,7.91333544612942,7.02422571182251
B,superfast,WorldCup_2k,6.3585,6.199370183831845,6.368820667266846
B,superfast,WorldCup_far_2k,6.3898,6.653913297931666,6.340440273284912
B,superfast,Aerial3200_2k,6.3831,6.797863235415873,6.36298942565918
B,superfast,Boat_2k,6.3417,6.606839448297435,6.372196197509766
B,superfast,BoxingPractice_4k,13.0209,11.540369748314403,13.06291389465332
B,superfast,Crosswalk_4k,12.9536,14.16629355138738,13.120840072631836
B,superfast,CrowdRun_1080p50,6.3421,6.687028426529545,6.385205268859863
B,superfast,DinnerSceneCropped_2k,6.3238,6.216050956173786,6.4249267578125
B,superfast,FoodMarket2_4k,13.2051,11.799818405990319,12.593811988830566
B,superfast,FoodMarket_2k,6.3796,6.37765624638927,6.323907852172852
B,superfast,MeridianTalk_sdr_2k,6.3354,6.520542582781838,6.329506874084473
B,superfast,Motorcycle_2k,6.3269,6.400362818959424,6.35631799697876
B,superfast,MountainBike_2k,6.3469,6.425900487664989,6.362679481506348
B,superfast,Neon1224_4k,13.1415,12.895956591089218,11.857159614562988
B,superfast,NocturneDance_4k,13.1773,11.619530298395048,13.059762001037598
B,superfast,OldTownCross_1080p50,6.3815,6.676808487598685,6.339450836181641
B,superfast,PedestrianArea_1080p25,6.3598,6.278098261803708,6.353816509246826
B,superfast,PierSeaSide_4k,13.1386,12.619961915017047,13.081391334533691
B,superfast,RitualDance_2k,6.3482,6.2855411425489205,6.2968244552612305
B,superfast,Riverbed_1080p25,6.362,6.76920052453173,6.316447734832764
B,superfast,RushFieldCuts_2k,6.3248,6.628331743870703,6.353292942047119
B,superfast,Skater227_2k,6.2943,6.617012166880647,6.32462215423584
B,superfast,Tango_4k,13.1884,13.347550901222922,12.950096130371094
B,superfast,TimeLapse_4k,13.1057,13.565099723418102,13.1215238571167
B,superfast,ToddlerFountain_2k,6.3507,6.798168960080506,6.341700553894043
B,superfast,TreesAndGrass_2k,6.3948,6.268829727688976,6.61784553527832
B,superfast,TunnelFlag_2k,6.3631,6.366381733975828,6.348772048950195
B,superfast,Vertical_bees_2k,6.4461,6.2715856137723245,6.368290424346924
B,superfast,Vertical_Carnaby_2k,6.3596,6.397257234939345,6.368066787719727
B,superfast,WalkingInStreet_2k,6.4568,7.734132467617729,6.987365245819092
B,superfast,WorldCup_2k,6.2898,6.362700439240579,6.3345818519592285
B,superfast,WorldCup_far_2k,6.313,6.587373849188709,6.346184253692627
B,veryfast,Aerial3200_2k,7.1671,6.88393876909671,6.678359508514404
B,veryfast,Boat_2k,7.1358,7.136235766594683,7.165439128875732
B,veryfast,BoxingPractice_4k,13.6248,12.26331966992485,12.693147659301758
B,veryfast,Crosswalk_4k,13.055,13.47201745305616,13.746079444885254
B,veryfast,CrowdRun_1080p50,7.2255,7.026393129088126,7.1487650871276855
B,veryfast,DinnerSceneCropped_2k,6.3792,6.556581706624852,7.173811912536621
B,veryfast,FoodMarket2_4k,13.9507,9.396626318806888,7.462986469268799
B,veryfast,FoodMarket_2k,6.8418,6.659761970558665,7.044693470001221
B,veryfast,MeridianTalk_sdr_2k,6.3813,6.6546138700908735,6.419848918914795
B,veryfast,Motorcycle_2k,7.0665,7.027072232378945,6.967255115509033
B,veryfast,MountainBike_2k,7.0957,6.943463515320086,6.981430530548096
B,veryfast,Neon1224_4k,13.4567,12.859534405539888,13.377532005310059
B,veryfast,NocturneDance_4k,13.3742,12.582105209893559,13.429913520812988
B,veryfast,OldTownCross_1080p50,7.1316,6.515545892225626,7.028066635131836
B,veryfast,PedestrianArea_1080p25,6.3747,6.623059289582721,6.69881010055542
B,veryfast,PierSeaSide_4k,13.2578,13.333711953943697,9.116645812988281
B,veryfast,RitualDance_2k,6.3007,6.490943450661838,6.361495018005371
B,veryfast,Riverbed_1080p25,6.4294,7.425275614953594,7.023800849914551
B,veryfast,RushFieldCuts_2k,7.0231,6.88548548288406,6.907186985015869
B,veryfast,Skater227_2k,6.3206,6.426140992817943,6.350902080535889
B,veryfast,Tango_4k,14.0446,12.233804947426801,13.193633079528809
B,veryfast,TimeLapse_4k,8.4907,14.027761708718302,13.322766304016113
B,veryfast,ToddlerFountain_2k,7.1011,6.912726534072056,7.040624618530273
B,veryfast,TreesAndGrass_2k,7.2048,6.8798976697865015,7.226526737213135
B,veryfast,TunnelFlag_2k,6.8743,6.897093425506258,6.960941791534424
B,veryfast,Vertical_bees_2k,6.4007,6.571536130164231,6.426292896270752
B,veryfast,Vertical_Carnaby_2k,6.3932,6.392255825200561,6.357651233673096
B,veryfast,WalkingInStreet_2k,7.2554,8.299397733810043,7.172342300415039
B,veryfast,WorldCup_2k,6.3279,6.325363899095322,6.3520026206970215
B,veryfast,WorldCup_far_2k,7.0555,6.761573465364407,7.0802764892578125
B,veryfast,Aerial3200_2k,6.3714,6.749461409417697,6.886011123657227
B,veryfast,Boat_2k,6.8668,6.9099211459400145,7.02338981628418
B,veryfast,BoxingPractice_4k,13.0487,12.02333963054493,13.173931121826172
B,veryfast,Crosswalk_4k,12.9287,13.875130384897552,13.16911792755127
B,veryfast,CrowdRun_1080p50,7.0286,6.817851766657973,7.039278507232666
B,veryfast,DinnerSceneCropped_2k,6.3581,6.594446117887552,6.264904022216797
B,veryfast,FoodMarket2_4k,13.2135,14.074823223247325,13.306737899780273
B,veryfast,FoodMarket_2k,6.3553,6.863662353004539,6.410562992095947
B,veryfast,MeridianTalk_sdr_2k,6.3492,6.524640363478555,6.348947048187256
B,veryfast,Motorcycle_2k,7.0063,6.8229195180933235,6.886244297027588
B,veryfast,MountainBike_2k,7.0351,6.76389406209239,6.993685245513916
B,veryfast,Neon1224_4k,12.9711,13.279213408995492,13.28607177734375
B,veryfast,NocturneDance_4k,13.2943,12.983592781639338,13.075821876525879
B,veryfast,OldTownCross_1080p50,7.1214,6.907430146579459,6.872297763824463
B,veryfast,PedestrianArea_1080p25,6.3449,6.571920189388049,6.354367733001709
B,veryfast,PierSeaSide_4k,13.27,13.559516296204208,13.112430572509766
B,veryfast,RitualDance_2k,6.3314,6.340330702367876,6.349099159240723
B,veryfast,Riverbed_1080p25,6.4041,7.259667729709685,6.341297626495361
B,veryfast,RushFieldCuts_2k,7.0206,6.67463157392217,6.969069004058838
B,veryfast,Skater227_2k,6.3504,6.344498964692514,6.381406307220459
B,veryfast,Tango_4k,13.3681,12.623384810866941,12.556633949279785
B,veryfast,TimeLapse_4k,13.0925,13.503836935395519,13.229639053344727
B,veryfast,ToddlerFountain_2k,7.0285,6.5081751869136015,6.951589107513428
B,veryfast,TreesAndGrass_2k,7.1124,6.239465497886155,7.145823955535889
B,veryfast,TunnelFlag_2k,6.3523,6.6316043963797595,6.798046112060547
B,veryfast,Vertical_bees_2k,6.3751,6.468820924456638,6.359249114990234
B,veryfast,Vertical_Carnaby_2k,6.4061,6.3798275469677375,6.356093406677246
B,veryfast,WalkingInStreet_2k,7.2329,7.860593326597854,7.107631206512451
B,veryfast,WorldCup_2k,6.3472,6.364771680246621,6.363076210021973
B,veryfast,WorldCup_far_2k,7.0531,6.460076248997497,6.7255754470825195
B,veryfast,Aerial3200_2k,6.3725,6.794106119390848,6.337976455688477
B,veryfast,Boat_2k,6.3672,6.706702217229863,6.532357692718506
B,veryfast,BoxingPractice_4k,13.0006,11.097561528727557,13.192424774169922
B,veryfast,Crosswalk_4k,12.9114,14.6326940985007,13.197376251220703
B,veryfast,CrowdRun_1080p50,7.072,6.671430597251474,6.745814323425293
B,veryfast,DinnerSceneCropped_2k,6.2705,6.590021882923802,6.324716091156006
B,veryfast,FoodMarket2_4k,13.2082,9.837188945242213,7.255566596984863
B,veryfast,FoodMarket_2k,6.3658,6.612503974520513,6.369109630584717
B,veryfast,MeridianTalk_sdr_2k,6.3348,6.4486310899466615,6.34482479095459
B,veryfast,Motorcycle_2k,7.0665,6.357084004640759,6.739187717437744
B,veryfast,MountainBike_2k,6.9826,6.534396618866853,6.513206481933594
B,veryfast,Neon1224_4k,12.957,13.69783331458428,13.247904777526855
B,veryfast,NocturneDance_4k,13.2215,12.867922404187766,13.149171829223633
B,veryfast,OldTownCross_1080p50,6.3166,6.650178969884691,6.365464687347412
B,veryfast,PedestrianArea_1080p25,6.359,6.388116211705196,6.358806610107422
B,veryfast,PierSeaSide_4k,13.3017,13.154322340402224,13.040970802307129
B,veryfast,RitualDance_2k,6.3146,6.2647591194436565,6.367134094238281
B,veryfast,Riverbed_1080p25,6.3958,7.035490000936804,6.353762626647949
B,veryfast,RushFieldCuts_2k,7.0422,6.51338154963002,6.420799732208252
B,veryfast,Skater227_2k,6.3241,6.209231074958007,6.343169212341309
B,veryfast,Tango_4k,13.2135,12.255258786355903,13.00426197052002
B,veryfast,TimeLapse_4k,13.1057,13.627626183935647,13.187578201293945
B,veryfast,ToddlerFountain_2k,6.6525,6.644454759304515,6.608639717102051
B,veryfast,TreesAndGrass_2k,7.0828,6.151971862266243,7.093823432922363
B,veryfast,TunnelFlag_2k,6.3698,6.386418301214686,6.339589595794678
B,veryfast,Vertical_bees_2k,6.3654,6.26698264855977,6.354710578918457
B,veryfast,Vertical_Carnaby_2k,6.4079,6.362203084870481,6.337287902832031
B,veryfast,WalkingInStreet_2k,7.1539,7.664168778327115,7.0293402671813965
B,veryfast,WorldCup_2k,6.3585,6.312674438451535,6.3351335525512695
B,veryfast,WorldCup_far_2k,6.3898,6.492166315629375,6.3376970291137695
B,veryfast,Aerial3200_2k,6.3831,6.627123835466505,6.355445384979248
B,veryfast,Boat_2k,6.3417,6.521449511355479,6.38465690612793
B,veryfast,BoxingPractice_4k,13.0209,11.279769604013556,13.140970230102539
B,veryfast,Crosswalk_4k,12.9536,14.10810487679958,13.10458755493164
B,veryfast,CrowdRun_1080p50,6.3421,6.493375306660488,6.74093770980835
B,veryfast,DinnerSceneCropped_2k,6.3238,6.085246299140425,6.354177474975586
B,veryfast,FoodMarket2_4k,13.2051,10.824198105459894,12.85177230834961
B,veryfast,FoodMarket_2k,6.3796,6.5262164405438075,6.360991954803467
B,veryfast,MeridianTalk_sdr_2k,6.3354,6.1114489592529315,6.346199035644531
B,veryfast,Motorcycle_2k,6.3269,6.341438372221747,6.350224494934082
B,veryfast,MountainBike_2k,6.3469,6.496386882946085,6.363701820373535
B,veryfast,Neon1224_4k,13.1415,12.883723075290835,11.833176612854004
B,veryfast,NocturneDance_4k,13.1773,12.835566345554238,13.104158401489258
B,veryfast,OldTownCross_1080p50,6.3815,6.435483609829462,6.344067573547363
B,veryfast,PedestrianArea_1080p25,6.3598,6.196222394124666,6.343615531921387
B,veryfast,PierSeaSide_4k,13.1386,12.869877365293037,13.072142601013184
B,veryfast,RitualDance_2k,6.3482,6.207144478089524,6.347351551055908
B,veryfast,Riverbed_1080p25,6.362,6.840434032265039,6.358056545257568
B,veryfast,RushFieldCuts_2k,6.3248,6.51052082845902,6.361741065979004
B,veryfast,Skater227_2k,6.2943,6.181795726572849,6.356200695037842
B,veryfast,Tango_4k,13.1884,12.832684822509634,12.968305587768555
B,veryfast,TimeLapse_4k,13.1057,13.295007921032234,13.203755378723145
B,veryfast,ToddlerFountain_2k,6.3507,6.6026820558174375,6.370979309082031
B,veryfast,TreesAndGrass_2k,6.3948,6.149363754025021,6.605591773986816
B,veryfast,TunnelFlag_2k,6.3631,6.1663379626328565,6.370475769042969
B,veryfast,Vertical_bees_2k,6.4461,6.267768135797613,6.364590167999268
B,veryfast,Vertical_Carnaby_2k,6.3596,6.37374624334946,6.3249192237854
B,veryfast,WalkingInStreet_2k,6.4568,7.388348585219841,7.024614334106445
B,veryfast,WorldCup_2k,6.2898,6.295175600223594,6.333991050720215
B,veryfast,WorldCup_far_2k,6.313,6.428699570647766,6.35593843460083
