video_name,comparison,bd_rate_change_perc,bd_psnr_y_db,bd_psnr_u_db,bd_psnr_v_db,bd_psnr_avg_db
BoxingPractice_4k,ultrafast_vs_medium,13.9292,-0.3704,-0.1111,-0.1116,-0.1977
BoxingPractice_4k,superfast_vs_medium,1.7793,-0.0500,-0.0478,-0.0405,-0.0461
BoxingPractice_4k,veryfast_vs_medium,0.3154,-0.0087,-0.0078,-0.0086,-0.0084
BoxingPractice_4k,faster_vs_medium,0.3154,-0.0087,-0.0078,-0.0086,-0.0084
BoxingPractice_4k,fast_vs_medium,0.3179,-0.0087,-0.0079,-0.0086,-0.0084
BoxingPractice_4k,slow_vs_medium,-5.7718,0.1778,0.0251,-0.0323,0.0569
BoxingPractice_4k,slower_vs_medium,-6.2776,0.1929,0.0488,-0.0086,0.0777
BoxingPractice_4k,veryslow_vs_medium,-6.2750,0.1928,0.0487,-0.0087,0.0776
BoxingPractice_4k,placebo_vs_medium,-6.1263,0.1885,0.0458,-0.0143,0.0733
Crosswalk_4k,ultrafast_vs_medium,4.5397,-0.0659,-0.0326,-0.0414,-0.0466
Crosswalk_4k,superfast_vs_medium,2.6562,-0.0390,-0.0206,-0.0214,-0.0270
Crosswalk_4k,veryfast_vs_medium,1.0577,-0.0155,-0.0106,-0.0104,-0.0122
Crosswalk_4k,faster_vs_medium,1.0577,-0.0155,-0.0106,-0.0104,-0.0122
Crosswalk_4k,fast_vs_medium,1.0636,-0.0156,-0.0107,-0.0105,-0.0123
Crosswalk_4k,slow_vs_medium,-5.8453,0.1060,0.0474,0.1501,0.1012
Crosswalk_4k,slower_vs_medium,-6.4828,0.1169,0.0531,0.1516,0.1072
Crosswalk_4k,veryslow_vs_medium,-6.4763,0.1168,0.0530,0.1515,0.1071
Crosswalk_4k,placebo_vs_medium,-6.6958,0.1201,0.0565,0.1597,0.1121
FoodMarket2_4k,ultrafast_vs_medium,5.7290,-0.2396,-0.0262,-0.0287,-0.0982
FoodMarket2_4k,superfast_vs_medium,1.7443,-0.0745,-0.0466,-0.0487,-0.0566
FoodMarket2_4k,veryfast_vs_medium,0.3673,-0.0156,-0.0174,-0.0159,-0.0163
FoodMarket2_4k,faster_vs_medium,0.3673,-0.0156,-0.0174,-0.0159,-0.0163
FoodMarket2_4k,fast_vs_medium,0.3693,-0.0157,-0.0175,-0.0160,-0.0164
FoodMarket2_4k,slow_vs_medium,-6.0960,0.2781,0.0325,0.0491,0.1199
FoodMarket2_4k,slower_vs_medium,-6.2331,0.2846,0.0355,0.0502,0.1234
FoodMarket2_4k,veryslow_vs_medium,-6.2310,0.2845,0.0355,0.0501,0.1234
FoodMarket2_4k,placebo_vs_medium,-6.2892,0.2873,0.0385,0.0541,0.1266
Neon1224_4k,ultrafast_vs_medium,25.4339,-1.0509,-0.0886,-0.1690,-0.4362
Neon1224_4k,superfast_vs_medium,1.7704,-0.0827,-0.1233,-0.1152,-0.1071
Neon1224_4k,veryfast_vs_medium,0.3529,-0.0165,-0.0097,-0.0094,-0.0119
Neon1224_4k,faster_vs_medium,0.3529,-0.0165,-0.0097,-0.0094,-0.0119
Neon1224_4k,fast_vs_medium,0.3552,-0.0166,-0.0098,-0.0095,-0.0120
Neon1224_4k,slow_vs_medium,-4.1609,0.2021,0.1617,0.1233,0.1624
Neon1224_4k,slower_vs_medium,-4.9242,0.2397,0.1831,0.1406,0.1878
Neon1224_4k,veryslow_vs_medium,-4.9219,0.2396,0.1830,0.1405,0.1877
Neon1224_4k,placebo_vs_medium,-4.8213,0.2350,0.1930,0.1498,0.1926
NocturneDance_4k,ultrafast_vs_medium,9.8961,-0.4510,-0.2672,-0.1916,-0.3033
NocturneDance_4k,superfast_vs_medium,1.1147,-0.0538,-0.0182,-0.0245,-0.0322
NocturneDance_4k,veryfast_vs_medium,0.2716,-0.0131,-0.0042,-0.0003,-0.0059
NocturneDance_4k,faster_vs_medium,0.2716,-0.0131,-0.0042,-0.0003,-0.0059
NocturneDance_4k,fast_vs_medium,0.2735,-0.0132,-0.0043,-0.0003,-0.0059
NocturneDance_4k,slow_vs_medium,-6.8847,0.3424,-0.1190,0.0025,0.0753
NocturneDance_4k,slower_vs_medium,-7.3414,0.3670,-0.0876,0.0246,0.1013
NocturneDance_4k,veryslow_vs_medium,-7.3394,0.3669,-0.0877,0.0245,0.1013
NocturneDance_4k,placebo_vs_medium,-7.2942,0.3640,-0.0952,0.0207,0.0965
PierSeaSide_4k,ultrafast_vs_medium,10.4624,-0.4217,-0.0580,-0.0923,-0.1907
PierSeaSide_4k,superfast_vs_medium,1.8529,-0.0777,-0.0387,-0.0290,-0.0485
PierSeaSide_4k,veryfast_vs_medium,0.2071,-0.0089,-0.0006,-0.0016,-0.0037
PierSeaSide_4k,faster_vs_medium,0.2071,-0.0089,-0.0006,-0.0016,-0.0037
PierSeaSide_4k,fast_vs_medium,0.2110,-0.0090,-0.0007,-0.0017,-0.0038
PierSeaSide_4k,slow_vs_medium,-5.2631,0.2314,-0.0289,-0.0852,0.0391
PierSeaSide_4k,slower_vs_medium,-5.4536,0.2405,-0.0227,-0.0791,0.0462
PierSeaSide_4k,veryslow_vs_medium,-5.4496,0.2403,-0.0229,-0.0792,0.0461
PierSeaSide_4k,placebo_vs_medium,-5.3087,0.2349,-0.0231,-0.0801,0.0439
Tango_4k,ultrafast_vs_medium,5.7026,-0.0871,-0.0020,-0.0261,-0.0384
Tango_4k,superfast_vs_medium,1.5429,-0.0239,-0.0226,-0.0326,-0.0264
Tango_4k,veryfast_vs_medium,0.4787,-0.0075,-0.0104,-0.0127,-0.0102
Tango_4k,faster_vs_medium,0.4787,-0.0075,-0.0104,-0.0127,-0.0102
Tango_4k,fast_vs_medium,0.4819,-0.0075,-0.0105,-0.0128,-0.0103
Tango_4k,slow_vs_medium,-6.3449,0.1105,0.1805,0.0926,0.1278
Tango_4k,slower_vs_medium,-6.7497,0.1174,0.1812,0.0987,0.1324
Tango_4k,veryslow_vs_medium,-6.7460,0.1173,0.1812,0.0986,0.1324
Tango_4k,placebo_vs_medium,-6.6723,0.1154,0.1820,0.0994,0.1323
TimeLapse_4k,ultrafast_vs_medium,10.4420,-0.4289,0.0531,0.1327,-0.0811
TimeLapse_4k,superfast_vs_medium,1.2824,-0.0554,-0.0260,-0.0271,-0.0362
TimeLapse_4k,veryfast_vs_medium,0.2601,-0.0113,-0.0028,-0.0005,-0.0049
TimeLapse_4k,faster_vs_medium,0.2601,-0.0113,-0.0028,-0.0005,-0.0049
TimeLapse_4k,fast_vs_medium,0.2617,-0.0114,-0.0028,-0.0006,-0.0049
TimeLapse_4k,slow_vs_medium,-5.1088,0.2281,-0.1637,-0.0304,0.0113
TimeLapse_4k,slower_vs_medium,-5.4293,0.2429,-0.1365,-0.0122,0.0314
TimeLapse_4k,veryslow_vs_medium,-5.4277,0.2428,-0.1366,-0.0123,0.0313
TimeLapse_4k,placebo_vs_medium,-5.3924,0.2413,-0.1363,-0.0096,0.0318
Boat_2k,ultrafast_vs_medium,10.0593,-0.6777,-0.2392,-0.2780,-0.3983
Boat_2k,superfast_vs_medium,1.7329,-0.1227,-0.0840,-0.1300,-0.1123
Boat_2k,veryfast_vs_medium,0.1486,-0.0107,0.0005,0.0003,-0.0033
Boat_2k,faster_vs_medium,0.1486,-0.0107,0.0005,0.0003,-0.0033
Boat_2k,fast_vs_medium,0.1502,-0.0109,0.0004,0.0003,-0.0034
Boat_2k,slow_vs_medium,-5.2099,0.3813,-0.2196,-0.1649,-0.0011
Boat_2k,slower_vs_medium,-5.3608,0.3929,-0.2081,-0.1543,0.0101
Boat_2k,veryslow_vs_medium,-5.3591,0.3927,-0.2082,-0.1544,0.0101
Boat_2k,placebo_vs_medium,-5.2566,0.3849,-0.2112,-0.1543,0.0065
FoodMarket_2k,ultrafast_vs_medium,10.2841,-0.3122,-0.0831,-0.0189,-0.1381
FoodMarket_2k,superfast_vs_medium,1.5061,-0.0478,-0.0134,-0.0164,-0.0258
FoodMarket_2k,veryfast_vs_medium,0.3532,-0.0111,-0.0042,-0.0068,-0.0074
FoodMarket_2k,faster_vs_medium,0.3532,-0.0111,-0.0042,-0.0068,-0.0074
FoodMarket_2k,fast_vs_medium,0.3583,-0.0112,-0.0043,-0.0069,-0.0075
FoodMarket_2k,slow_vs_medium,-5.0491,0.1675,-0.0626,0.0081,0.0376
FoodMarket_2k,slower_vs_medium,-5.4397,0.1806,-0.0492,0.0207,0.0507
FoodMarket_2k,veryslow_vs_medium,-5.4343,0.1805,-0.0493,0.0206,0.0506
FoodMarket_2k,placebo_vs_medium,-5.4853,0.1821,-0.0435,0.0256,0.0548
MeridianTalk_sdr_2k,ultrafast_vs_medium,16.6019,-0.3636,-0.0612,-0.0213,-0.1487
MeridianTalk_sdr_2k,superfast_vs_medium,2.6764,-0.0628,-0.0294,-0.0423,-0.0448
MeridianTalk_sdr_2k,veryfast_vs_medium,0.4021,-0.0100,0.0013,0.0050,-0.0012
MeridianTalk_sdr_2k,faster_vs_medium,0.4021,-0.0100,0.0013,0.0050,-0.0012
MeridianTalk_sdr_2k,fast_vs_medium,0.4158,-0.0103,0.0011,0.0047,-0.0015
MeridianTalk_sdr_2k,slow_vs_medium,-4.2842,0.1121,-0.0375,0.0453,0.0399
MeridianTalk_sdr_2k,slower_vs_medium,-4.9816,0.1302,-0.0215,0.0596,0.0561
MeridianTalk_sdr_2k,veryslow_vs_medium,-4.9669,0.1299,-0.0218,0.0591,0.0557
MeridianTalk_sdr_2k,placebo_vs_medium,-4.5848,0.1197,-0.0300,0.0530,0.0476
RushFieldCuts_2k,ultrafast_vs_medium,19.4515,-1.2440,-0.3601,-0.2374,-0.6138
RushFieldCuts_2k,superfast_vs_medium,0.8019,-0.0584,-0.0089,-0.0150,-0.0275
RushFieldCuts_2k,veryfast_vs_medium,0.2704,-0.0197,0.0113,0.0133,0.0016
RushFieldCuts_2k,faster_vs_medium,0.2704,-0.0197,0.0113,0.0133,0.0016
RushFieldCuts_2k,fast_vs_medium,0.2726,-0.0199,0.0112,0.0132,0.0015
RushFieldCuts_2k,slow_vs_medium,-3.8268,0.2874,-0.1032,-0.0394,0.0483
RushFieldCuts_2k,slower_vs_medium,-4.0825,0.3090,-0.0575,0.0101,0.0872
RushFieldCuts_2k,veryslow_vs_medium,-4.0803,0.3089,-0.0576,0.0100,0.0871
RushFieldCuts_2k,placebo_vs_medium,-4.0617,0.3066,-0.0616,0.0051,0.0834
ToddlerFountain_2k,ultrafast_vs_medium,15.5974,-0.7531,0.3236,0.0794,-0.1167
ToddlerFountain_2k,superfast_vs_medium,1.4232,-0.0753,-0.0565,-0.0284,-0.0534
ToddlerFountain_2k,veryfast_vs_medium,0.2620,-0.0145,0.0207,0.0105,0.0056
ToddlerFountain_2k,faster_vs_medium,0.2620,-0.0145,0.0207,0.0105,0.0056
ToddlerFountain_2k,fast_vs_medium,0.2643,-0.0146,0.0207,0.0105,0.0055
ToddlerFountain_2k,slow_vs_medium,-4.2117,0.2302,-0.0221,-0.1512,0.0189
ToddlerFountain_2k,slower_vs_medium,-4.5598,0.2481,-0.0012,-0.1311,0.0386
ToddlerFountain_2k,veryslow_vs_medium,-4.5575,0.2480,-0.0013,-0.1311,0.0385
ToddlerFountain_2k,placebo_vs_medium,-4.6412,0.2544,0.0041,-0.1270,0.0438
TreesAndGrass_2k,ultrafast_vs_medium,9.4586,-0.8118,-0.0852,0.0795,-0.2725
TreesAndGrass_2k,superfast_vs_medium,0.5695,-0.0525,-0.0003,-0.0156,-0.0228
TreesAndGrass_2k,veryfast_vs_medium,0.1114,-0.0100,0.0110,0.0139,0.0050
TreesAndGrass_2k,faster_vs_medium,0.1114,-0.0100,0.0110,0.0139,0.0050
TreesAndGrass_2k,fast_vs_medium,0.1123,-0.0101,0.0110,0.0139,0.0049
TreesAndGrass_2k,slow_vs_medium,-2.9530,0.2740,-0.3116,-0.1413,-0.0596
TreesAndGrass_2k,slower_vs_medium,-3.1054,0.2887,-0.2982,-0.1052,-0.0382
TreesAndGrass_2k,veryslow_vs_medium,-3.1045,0.2886,-0.2982,-0.1052,-0.0383
TreesAndGrass_2k,placebo_vs_medium,-3.0628,0.2847,-0.2935,-0.0978,-0.0355
Aerial3200_2k,ultrafast_vs_medium,8.8007,-0.3735,-0.0075,-0.0221,-0.1344
Aerial3200_2k,superfast_vs_medium,1.0818,-0.0480,-0.0064,-0.0101,-0.0215
Aerial3200_2k,veryfast_vs_medium,0.1664,-0.0073,-0.0011,-0.0012,-0.0032
Aerial3200_2k,faster_vs_medium,0.1664,-0.0073,-0.0011,-0.0012,-0.0032
Aerial3200_2k,fast_vs_medium,0.1690,-0.0074,-0.0012,-0.0013,-0.0033
Aerial3200_2k,slow_vs_medium,-5.5315,0.2521,-0.1191,-0.0557,0.0258
Aerial3200_2k,slower_vs_medium,-5.8524,0.2669,-0.1072,-0.0447,0.0383
Aerial3200_2k,veryslow_vs_medium,-5.8499,0.2667,-0.1072,-0.0448,0.0382
Aerial3200_2k,placebo_vs_medium,-5.7566,0.2630,-0.1034,-0.0415,0.0394
CrowdRun_1080p50,ultrafast_vs_medium,15.9096,-0.9258,-0.4747,-0.4248,-0.6084
CrowdRun_1080p50,superfast_vs_medium,1.0105,-0.0633,-0.0369,-0.0373,-0.0458
CrowdRun_1080p50,veryfast_vs_medium,0.2051,-0.0128,0.0001,0.0018,-0.0036
CrowdRun_1080p50,faster_vs_medium,0.2051,-0.0128,0.0001,0.0018,-0.0036
CrowdRun_1080p50,fast_vs_medium,0.2065,-0.0129,0.0000,0.0018,-0.0037
CrowdRun_1080p50,slow_vs_medium,-5.0520,0.3219,-0.1213,-0.0810,0.0399
CrowdRun_1080p50,slower_vs_medium,-5.2857,0.3375,-0.0993,-0.0585,0.0599
CrowdRun_1080p50,veryslow_vs_medium,-5.2842,0.3374,-0.0994,-0.0585,0.0598
CrowdRun_1080p50,placebo_vs_medium,-5.2784,0.3367,-0.0845,-0.0475,0.0682
DinnerSceneCropped_2k,ultrafast_vs_medium,2.5897,-0.0667,-0.0077,0.0168,-0.0192
DinnerSceneCropped_2k,superfast_vs_medium,1.3392,-0.0235,-0.0060,-0.0092,-0.0129
DinnerSceneCropped_2k,veryfast_vs_medium,0.5098,-0.0048,-0.0084,-0.0088,-0.0073
DinnerSceneCropped_2k,faster_vs_medium,0.5098,-0.0048,-0.0084,-0.0088,-0.0073
DinnerSceneCropped_2k,fast_vs_medium,0.5142,-0.0050,-0.0084,-0.0089,-0.0074
DinnerSceneCropped_2k,slow_vs_medium,-21.8290,0.2345,0.1396,0.2601,0.2114
DinnerSceneCropped_2k,slower_vs_medium,-22.5178,0.2379,0.1360,0.2666,0.2135
DinnerSceneCropped_2k,veryslow_vs_medium,-22.5131,0.2377,0.1359,0.2665,0.2134
DinnerSceneCropped_2k,placebo_vs_medium,-20.6946,0.2277,0.1233,0.2589,0.2033
Motorcycle_2k,ultrafast_vs_medium,33.9719,-2.3683,-0.6062,-0.4465,-1.1403
Motorcycle_2k,superfast_vs_medium,1.7148,-0.1468,-0.0565,-0.0639,-0.0891
Motorcycle_2k,veryfast_vs_medium,0.2601,-0.0217,0.0068,0.0059,-0.0030
Motorcycle_2k,faster_vs_medium,0.2601,-0.0217,0.0068,0.0059,-0.0030
Motorcycle_2k,fast_vs_medium,0.2618,-0.0219,0.0067,0.0059,-0.0031
Motorcycle_2k,slow_vs_medium,-3.5393,0.3103,-0.1809,-0.0654,0.0213
Motorcycle_2k,slower_vs_medium,-3.9965,0.3505,-0.1220,0.0063,0.0783
Motorcycle_2k,veryslow_vs_medium,-3.9947,0.3503,-0.1221,0.0062,0.0781
Motorcycle_2k,placebo_vs_medium,-4.0056,0.3517,-0.1197,0.0092,0.0804
MountainBike_2k,ultrafast_vs_medium,25.6770,-1.7128,-0.2359,-0.1400,-0.6963
MountainBike_2k,superfast_vs_medium,2.2287,-0.1761,-0.1306,-0.0990,-0.1352
MountainBike_2k,veryfast_vs_medium,0.2099,-0.0164,0.0122,0.0126,0.0028
MountainBike_2k,faster_vs_medium,0.2099,-0.0164,0.0122,0.0126,0.0028
MountainBike_2k,fast_vs_medium,0.2119,-0.0166,0.0121,0.0125,0.0027
MountainBike_2k,slow_vs_medium,-2.8270,0.2268,-0.0809,-0.1208,0.0084
MountainBike_2k,slower_vs_medium,-3.3569,0.2702,-0.0178,-0.0575,0.0650
MountainBike_2k,veryslow_vs_medium,-3.3550,0.2701,-0.0179,-0.0576,0.0649
MountainBike_2k,placebo_vs_medium,-3.3900,0.2735,-0.0142,-0.0551,0.0681
OldTownCross_1080p50,ultrafast_vs_medium,13.4299,-0.4413,-0.0627,-0.0856,-0.1966
OldTownCross_1080p50,superfast_vs_medium,1.1842,-0.0408,-0.0116,-0.0153,-0.0226
OldTownCross_1080p50,veryfast_vs_medium,0.0854,-0.0034,0.0043,0.0077,0.0029
OldTownCross_1080p50,faster_vs_medium,0.0854,-0.0034,0.0043,0.0077,0.0029
OldTownCross_1080p50,fast_vs_medium,0.0881,-0.0035,0.0043,0.0077,0.0028
OldTownCross_1080p50,slow_vs_medium,-8.0538,0.2823,-0.0691,-0.0225,0.0636
OldTownCross_1080p50,slower_vs_medium,-8.4177,0.2963,-0.0577,-0.0067,0.0773
OldTownCross_1080p50,veryslow_vs_medium,-8.4150,0.2962,-0.0577,-0.0068,0.0772
OldTownCross_1080p50,placebo_vs_medium,-8.2358,0.2894,-0.0566,-0.0058,0.0757
PedestrianArea_1080p25,ultrafast_vs_medium,11.4378,-0.3837,0.0005,-0.0041,-0.1291
PedestrianArea_1080p25,superfast_vs_medium,1.8450,-0.0637,-0.0232,-0.0490,-0.0453
PedestrianArea_1080p25,veryfast_vs_medium,0.4920,-0.0164,-0.0058,-0.0111,-0.0111
PedestrianArea_1080p25,faster_vs_medium,0.4920,-0.0164,-0.0058,-0.0111,-0.0111
PedestrianArea_1080p25,fast_vs_medium,0.5021,-0.0168,-0.0061,-0.0114,-0.0114
PedestrianArea_1080p25,slow_vs_medium,-4.8316,0.1789,-0.0170,0.0672,0.0764
PedestrianArea_1080p25,slower_vs_medium,-5.2320,0.1950,0.0118,0.0853,0.0974
PedestrianArea_1080p25,veryslow_vs_medium,-5.2215,0.1946,0.0115,0.0849,0.0970
PedestrianArea_1080p25,placebo_vs_medium,-4.9606,0.1841,0.0031,0.0788,0.0887
RitualDance_2k,ultrafast_vs_medium,25.1159,-1.2269,-0.3943,-0.4679,-0.6964
RitualDance_2k,superfast_vs_medium,1.9234,-0.1063,-0.0579,-0.0815,-0.0819
RitualDance_2k,veryfast_vs_medium,0.2584,-0.0156,-0.0005,-0.0040,-0.0067
RitualDance_2k,faster_vs_medium,0.2584,-0.0156,-0.0005,-0.0040,-0.0067
RitualDance_2k,fast_vs_medium,0.2695,-0.0162,-0.0009,-0.0044,-0.0072
RitualDance_2k,slow_vs_medium,-3.7200,0.2132,-0.1367,-0.0719,0.0015
RitualDance_2k,slower_vs_medium,-4.4582,0.2571,-0.0879,-0.0228,0.0488
RitualDance_2k,veryslow_vs_medium,-4.4469,0.2564,-0.0883,-0.0233,0.0483
RitualDance_2k,placebo_vs_medium,-4.1905,0.2410,-0.1038,-0.0339,0.0344
Riverbed_1080p25,ultrafast_vs_medium,4.5800,-0.1943,-0.0456,-0.0420,-0.0940
Riverbed_1080p25,superfast_vs_medium,1.0274,-0.0446,-0.0122,-0.0122,-0.0230
Riverbed_1080p25,veryfast_vs_medium,0.3112,-0.0135,-0.0134,-0.0107,-0.0125
Riverbed_1080p25,faster_vs_medium,0.3112,-0.0135,-0.0134,-0.0107,-0.0125
Riverbed_1080p25,fast_vs_medium,0.3154,-0.0136,-0.0135,-0.0108,-0.0126
Riverbed_1080p25,slow_vs_medium,-6.2869,0.2859,-0.0680,-0.0379,0.0600
Riverbed_1080p25,slower_vs_medium,-6.6803,0.3038,-0.0639,-0.0333,0.0689
Riverbed_1080p25,veryslow_vs_medium,-6.6760,0.3036,-0.0640,-0.0335,0.0687
Riverbed_1080p25,placebo_vs_medium,-6.5732,0.2992,-0.0615,-0.0316,0.0687
Skater227_2k,ultrafast_vs_medium,6.4771,-0.2895,-0.0720,-0.0367,-0.1328
Skater227_2k,superfast_vs_medium,2.7038,-0.1240,-0.0563,-0.0549,-0.0784
Skater227_2k,veryfast_vs_medium,0.8133,-0.0370,-0.0221,-0.0191,-0.0260
Skater227_2k,faster_vs_medium,0.8133,-0.0370,-0.0221,-0.0191,-0.0260
Skater227_2k,fast_vs_medium,0.8369,-0.0381,-0.0233,-0.0202,-0.0272
Skater227_2k,slow_vs_medium,-2.1220,0.1042,-0.0243,0.0001,0.0266
Skater227_2k,slower_vs_medium,-3.1227,0.1508,0.0214,0.0536,0.0753
Skater227_2k,veryslow_vs_medium,-3.0988,0.1496,0.0201,0.0524,0.0741
Skater227_2k,placebo_vs_medium,-2.8561,0.1388,0.0060,0.0362,0.0603
TunnelFlag_2k,ultrafast_vs_medium,22.1043,-1.1211,-0.4531,-0.3929,-0.6557
TunnelFlag_2k,superfast_vs_medium,2.3966,-0.1286,-0.0769,-0.0947,-0.1001
TunnelFlag_2k,veryfast_vs_medium,-0.0668,0.0038,0.0112,0.0105,0.0085
TunnelFlag_2k,faster_vs_medium,-0.0668,0.0038,0.0112,0.0105,0.0085
TunnelFlag_2k,fast_vs_medium,-0.0631,0.0036,0.0110,0.0103,0.0083
TunnelFlag_2k,slow_vs_medium,-4.7701,0.2656,-0.1867,-0.0106,0.0228
TunnelFlag_2k,slower_vs_medium,-5.4659,0.3045,-0.1234,0.0556,0.0789
TunnelFlag_2k,veryslow_vs_medium,-5.4622,0.3043,-0.1235,0.0554,0.0787
TunnelFlag_2k,placebo_vs_medium,-5.3839,0.3009,-0.1316,0.0510,0.0735
Vertical_bees_2k,ultrafast_vs_medium,16.0535,-0.9911,-0.0304,-0.3579,-0.4598
Vertical_bees_2k,superfast_vs_medium,2.4344,-0.1602,-0.0781,-0.1213,-0.1199
Vertical_bees_2k,veryfast_vs_medium,0.4910,-0.0327,-0.0105,-0.0123,-0.0185
Vertical_bees_2k,faster_vs_medium,0.4910,-0.0327,-0.0105,-0.0123,-0.0185
Vertical_bees_2k,fast_vs_medium,0.4960,-0.0330,-0.0108,-0.0125,-0.0187
Vertical_bees_2k,slow_vs_medium,-3.2923,0.2226,0.0113,0.0673,0.1004
Vertical_bees_2k,slower_vs_medium,-3.6228,0.2451,0.0314,0.0958,0.1241
Vertical_bees_2k,veryslow_vs_medium,-3.6177,0.2448,0.0312,0.0955,0.1238
Vertical_bees_2k,placebo_vs_medium,-3.6011,0.2442,0.0297,0.1289,0.1343
Vertical_Carnaby_2k,ultrafast_vs_medium,8.7129,-0.4822,-0.0737,-0.0600,-0.2053
Vertical_Carnaby_2k,superfast_vs_medium,2.1343,-0.1222,-0.0574,-0.0542,-0.0779
Vertical_Carnaby_2k,veryfast_vs_medium,0.4328,-0.0249,-0.0274,-0.0251,-0.0258
Vertical_Carnaby_2k,faster_vs_medium,0.4328,-0.0249,-0.0274,-0.0251,-0.0258
Vertical_Carnaby_2k,fast_vs_medium,0.4445,-0.0256,-0.0280,-0.0257,-0.0264
Vertical_Carnaby_2k,slow_vs_medium,-4.0079,0.2432,0.1291,0.1254,0.1659
Vertical_Carnaby_2k,slower_vs_medium,-4.3612,0.2651,0.1214,0.1173,0.1680
Vertical_Carnaby_2k,veryslow_vs_medium,-4.3492,0.2644,0.1208,0.1167,0.1673
Vertical_Carnaby_2k,placebo_vs_medium,-4.3079,0.2618,0.1278,0.1218,0.1704
WalkingInStreet_2k,ultrafast_vs_medium,12.9022,-1.0240,-0.2626,0.2960,-0.3302
WalkingInStreet_2k,superfast_vs_medium,2.7997,-0.2387,-0.1344,-0.0429,-0.1387
WalkingInStreet_2k,veryfast_vs_medium,0.1156,-0.0101,0.0087,0.0179,0.0055
WalkingInStreet_2k,faster_vs_medium,0.1156,-0.0101,0.0087,0.0179,0.0055
WalkingInStreet_2k,fast_vs_medium,0.1164,-0.0102,0.0087,0.0179,0.0055
WalkingInStreet_2k,slow_vs_medium,-4.6502,0.4084,0.1105,-0.1409,0.1260
WalkingInStreet_2k,slower_vs_medium,-5.7970,0.5124,0.2085,-0.0319,0.2297
WalkingInStreet_2k,veryslow_vs_medium,-5.7962,0.5124,0.2085,-0.0320,0.2296
WalkingInStreet_2k,placebo_vs_medium,-5.5991,0.4944,0.2473,0.0494,0.2637
WorldCup_2k,ultrafast_vs_medium,33.8219,-1.7674,-0.3292,-0.3656,-0.8207
WorldCup_2k,superfast_vs_medium,1.9503,-0.1179,-0.0619,-0.0638,-0.0812
WorldCup_2k,veryfast_vs_medium,0.2853,-0.0173,0.0091,0.0054,-0.0010
WorldCup_2k,faster_vs_medium,0.2853,-0.0173,0.0091,0.0054,-0.0010
WorldCup_2k,fast_vs_medium,0.2942,-0.0179,0.0087,0.0050,-0.0014
WorldCup_2k,slow_vs_medium,-2.8497,0.1794,-0.0209,0.0068,0.0551
WorldCup_2k,slower_vs_medium,-3.5754,0.2258,0.0328,0.0593,0.1060
WorldCup_2k,veryslow_vs_medium,-3.5664,0.2252,0.0324,0.0589,0.1055
WorldCup_2k,placebo_vs_medium,-3.2103,0.2023,0.0151,0.0467,0.0880
WorldCup_far_2k,ultrafast_vs_medium,23.4783,-1.3728,-0.5313,-0.2647,-0.7229
WorldCup_far_2k,superfast_vs_medium,1.3878,-0.0910,-0.0585,-0.0910,-0.0802
WorldCup_far_2k,veryfast_vs_medium,0.2480,-0.0165,0.0026,0.0104,-0.0012
WorldCup_far_2k,faster_vs_medium,0.2480,-0.0165,0.0026,0.0104,-0.0012
WorldCup_far_2k,fast_vs_medium,0.2506,-0.0166,0.0025,0.0103,-0.0013
WorldCup_far_2k,slow_vs_medium,-3.9448,0.2641,-0.1879,0.0994,0.0585
WorldCup_far_2k,slower_vs_medium,-4.4399,0.2983,-0.1379,0.1442,0.1015
WorldCup_far_2k,veryslow_vs_medium,-4.4372,0.2981,-0.1380,0.1441,0.1014
WorldCup_far_2k,placebo_vs_medium,-4.3908,0.2956,-0.1395,0.1443,0.1001
ControlledBurn_720p,ultrafast_vs_medium,11.5032,-0.6890,0.1206,0.0653,-0.1677
ControlledBurn_720p,superfast_vs_medium,0.9120,-0.0587,-0.0367,-0.0284,-0.0413
ControlledBurn_720p,veryfast_vs_medium,0.1682,-0.0112,0.0045,0.0027,-0.0013
ControlledBurn_720p,faster_vs_medium,0.1682,-0.0112,0.0045,0.0027,-0.0013
ControlledBurn_720p,fast_vs_medium,0.1722,-0.0115,0.0044,0.0025,-0.0015
ControlledBurn_720p,slow_vs_medium,-2.7453,0.1772,-0.0501,-0.1296,-0.0008
ControlledBurn_720p,slower_vs_medium,-3.1511,0.2039,-0.0207,-0.0986,0.0282
ControlledBurn_720p,veryslow_vs_medium,-3.1470,0.2036,-0.0208,-0.0987,0.0280
ControlledBurn_720p,placebo_vs_medium,-3.1218,0.2009,-0.0150,-0.0962,0.0299
DrivingPOV_720p,ultrafast_vs_medium,22.2825,-1.1716,-0.1006,-0.0189,-0.4304
DrivingPOV_720p,superfast_vs_medium,1.3630,-0.0821,-0.0630,-0.0582,-0.0678
DrivingPOV_720p,veryfast_vs_medium,0.0588,-0.0041,0.0173,0.0147,0.0093
DrivingPOV_720p,faster_vs_medium,0.0588,-0.0041,0.0173,0.0147,0.0093
DrivingPOV_720p,fast_vs_medium,0.0636,-0.0044,0.0172,0.0146,0.0091
DrivingPOV_720p,slow_vs_medium,-3.8679,0.2352,-0.1631,-0.0566,0.0052
DrivingPOV_720p,slower_vs_medium,-4.3942,0.2668,-0.1155,-0.0236,0.0426
DrivingPOV_720p,veryslow_vs_medium,-4.3893,0.2665,-0.1157,-0.0237,0.0424
DrivingPOV_720p,placebo_vs_medium,-4.3806,0.2672,-0.1154,-0.0191,0.0442
Johnny_720p,ultrafast_vs_medium,26.6964,-1.1218,-0.2411,-0.1674,-0.5101
Johnny_720p,superfast_vs_medium,1.9465,-0.0885,-0.1093,-0.1087,-0.1022
Johnny_720p,veryfast_vs_medium,0.5584,-0.0247,-0.0080,-0.0080,-0.0136
Johnny_720p,faster_vs_medium,0.5584,-0.0247,-0.0080,-0.0080,-0.0136
Johnny_720p,fast_vs_medium,0.5742,-0.0255,-0.0085,-0.0085,-0.0142
Johnny_720p,slow_vs_medium,-3.7513,0.1847,-0.0028,0.0155,0.0658
Johnny_720p,slower_vs_medium,-4.6747,0.2295,0.0596,0.0946,0.1279
Johnny_720p,veryslow_vs_medium,-4.6585,0.2288,0.0590,0.0939,0.1272
Johnny_720p,placebo_vs_medium,-4.1321,0.2034,0.0387,0.0658,0.1027
KristenAndSara_720p,ultrafast_vs_medium,32.3057,-1.6173,-0.5055,-0.4642,-0.8623
KristenAndSara_720p,superfast_vs_medium,1.9533,-0.1109,-0.0892,-0.1176,-0.1059
KristenAndSara_720p,veryfast_vs_medium,0.4460,-0.0258,-0.0079,-0.0066,-0.0134
KristenAndSara_720p,faster_vs_medium,0.4460,-0.0258,-0.0079,-0.0066,-0.0134
KristenAndSara_720p,fast_vs_medium,0.4591,-0.0266,-0.0084,-0.0071,-0.0140
KristenAndSara_720p,slow_vs_medium,-3.4890,0.2056,-0.0504,0.0299,0.0617
KristenAndSara_720p,slower_vs_medium,-4.1696,0.2464,0.0118,0.0846,0.1142
KristenAndSara_720p,veryslow_vs_medium,-4.1563,0.2456,0.0112,0.0840,0.1136
KristenAndSara_720p,placebo_vs_medium,-3.7349,0.2204,0.0019,0.0931,0.1051
RollerCoaster_720p,ultrafast_vs_medium,15.9330,-0.8485,-0.3606,-0.2861,-0.4984
RollerCoaster_720p,superfast_vs_medium,1.7811,-0.1035,-0.0936,-0.0708,-0.0893
RollerCoaster_720p,veryfast_vs_medium,0.2779,-0.0162,0.0001,0.0019,-0.0047
RollerCoaster_720p,faster_vs_medium,0.2779,-0.0162,0.0001,0.0019,-0.0047
RollerCoaster_720p,fast_vs_medium,0.2873,-0.0168,-0.0003,0.0016,-0.0052
RollerCoaster_720p,slow_vs_medium,-3.9269,0.2348,-0.0957,-0.0494,0.0299
RollerCoaster_720p,slower_vs_medium,-4.3861,0.2628,-0.0559,-0.0072,0.0666
RollerCoaster_720p,veryslow_vs_medium,-4.3766,0.2622,-0.0563,-0.0076,0.0661
RollerCoaster_720p,placebo_vs_medium,-4.3979,0.2638,-0.0511,-0.0082,0.0682
Vidyo3_720p,ultrafast_vs_medium,26.7196,-1.2625,-0.0372,-0.1534,-0.4843
Vidyo3_720p,superfast_vs_medium,2.1658,-0.1118,-0.0568,-0.0451,-0.0712
Vidyo3_720p,veryfast_vs_medium,0.1703,-0.0094,0.0169,0.0114,0.0063
Vidyo3_720p,faster_vs_medium,0.1703,-0.0094,0.0169,0.0114,0.0063
Vidyo3_720p,fast_vs_medium,0.1835,-0.0101,0.0166,0.0110,0.0058
Vidyo3_720p,slow_vs_medium,-5.5590,0.3087,-0.0111,-0.1512,0.0488
Vidyo3_720p,slower_vs_medium,-5.7189,0.3183,0.0110,-0.1026,0.0756
Vidyo3_720p,veryslow_vs_medium,-5.7056,0.3175,0.0106,-0.1031,0.0750
Vidyo3_720p,placebo_vs_medium,-5.5679,0.3092,0.0127,-0.1162,0.0686
Vidyo4_720p,ultrafast_vs_medium,20.5587,-0.9691,0.0378,-0.0164,-0.3159
Vidyo4_720p,superfast_vs_medium,1.8576,-0.0953,-0.0545,-0.0786,-0.0762
Vidyo4_720p,veryfast_vs_medium,0.5906,-0.0303,0.0005,-0.0028,-0.0109
Vidyo4_720p,faster_vs_medium,0.5906,-0.0303,0.0005,-0.0028,-0.0109
Vidyo4_720p,fast_vs_medium,0.6051,-0.0310,0.0000,-0.0033,-0.0114
Vidyo4_720p,slow_vs_medium,-3.8321,0.2052,0.0206,0.0170,0.0809
Vidyo4_720p,slower_vs_medium,-4.4267,0.2365,0.0624,0.0544,0.1178
Vidyo4_720p,veryslow_vs_medium,-4.4120,0.2357,0.0618,0.0539,0.1172
Vidyo4_720p,placebo_vs_medium,-4.1059,0.2191,0.0491,0.0438,0.1040
WestWindEasy_720p,ultrafast_vs_medium,46.8362,-2.8744,-0.9675,-0.6520,-1.4980
WestWindEasy_720p,superfast_vs_medium,2.5161,-0.1846,-0.0792,-0.0719,-0.1119
WestWindEasy_720p,veryfast_vs_medium,0.2225,-0.0163,-0.0052,0.0053,-0.0054
WestWindEasy_720p,faster_vs_medium,0.2225,-0.0163,-0.0052,0.0053,-0.0054
WestWindEasy_720p,fast_vs_medium,0.2283,-0.0167,-0.0055,0.0051,-0.0057
WestWindEasy_720p,slow_vs_medium,-3.4655,0.2589,-0.1260,-0.0060,0.0423
WestWindEasy_720p,slower_vs_medium,-3.7184,0.2784,-0.0690,0.0412,0.0835
WestWindEasy_720p,veryslow_vs_medium,-3.7125,0.2779,-0.0693,0.0410,0.0832
WestWindEasy_720p,placebo_vs_medium,-3.9817,0.2986,-0.0624,0.0609,0.0990
BlueSky_360p,ultrafast_vs_medium,22.5137,-1.8842,-0.9250,-0.8061,-1.2051
BlueSky_360p,superfast_vs_medium,2.2284,-0.2147,-0.0758,-0.0829,-0.1245
BlueSky_360p,veryfast_vs_medium,0.1130,-0.0112,0.0078,0.0047,0.0004
BlueSky_360p,faster_vs_medium,0.1130,-0.0112,0.0078,0.0047,0.0004
BlueSky_360p,fast_vs_medium,0.1263,-0.0125,0.0069,0.0040,-0.0005
BlueSky_360p,slow_vs_medium,-4.5366,0.4429,-0.1404,-0.1970,0.0352
BlueSky_360p,slower_vs_medium,-4.9748,0.4880,-0.1065,-0.1592,0.0741
BlueSky_360p,veryslow_vs_medium,-4.9614,0.4867,-0.1074,-0.1599,0.0731
BlueSky_360p,placebo_vs_medium,-4.9612,0.4867,-0.0378,-0.0939,0.1184
RedKayak_360p,ultrafast_vs_medium,24.6449,-1.4921,0.1049,0.1426,-0.4149
RedKayak_360p,superfast_vs_medium,1.6773,-0.1205,-0.0352,-0.2175,-0.1244
RedKayak_360p,veryfast_vs_medium,0.3024,-0.0234,0.0152,-0.0042,-0.0041
RedKayak_360p,faster_vs_medium,0.3024,-0.0234,0.0152,-0.0042,-0.0041
RedKayak_360p,fast_vs_medium,0.3181,-0.0245,0.0147,-0.0046,-0.0048
RedKayak_360p,slow_vs_medium,-3.5028,0.2520,-0.1673,0.0320,0.0389
RedKayak_360p,slower_vs_medium,-4.2099,0.3061,-0.1196,0.0512,0.0792
RedKayak_360p,veryslow_vs_medium,-4.1940,0.3049,-0.1201,0.0509,0.0786
RedKayak_360p,placebo_vs_medium,-4.3979,0.3217,-0.1366,0.0449,0.0767
SnowMountain_360p,ultrafast_vs_medium,17.4741,-1.7406,-0.0455,0.0711,-0.5717
SnowMountain_360p,superfast_vs_medium,1.2498,-0.1431,-0.1507,-0.2533,-0.1824
SnowMountain_360p,veryfast_vs_medium,0.1921,-0.0216,0.0148,0.0144,0.0025
SnowMountain_360p,faster_vs_medium,0.1921,-0.0216,0.0148,0.0144,0.0025
SnowMountain_360p,fast_vs_medium,0.2011,-0.0226,0.0144,0.0141,0.0020
SnowMountain_360p,slow_vs_medium,-2.4650,0.2757,-0.1834,-0.0741,0.0061
SnowMountain_360p,slower_vs_medium,-2.5838,0.2901,-0.1709,-0.0811,0.0127
SnowMountain_360p,veryslow_vs_medium,-2.5748,0.2891,-0.1712,-0.0814,0.0122
SnowMountain_360p,placebo_vs_medium,-2.8924,0.3251,-0.1700,-0.0763,0.0263
SpeedBag_360p,ultrafast_vs_medium,23.5848,-1.5779,-0.3408,-0.3021,-0.7403
SpeedBag_360p,superfast_vs_medium,1.2702,-0.1026,-0.0328,-0.0715,-0.0690
SpeedBag_360p,veryfast_vs_medium,0.3376,-0.0278,-0.0167,-0.0131,-0.0192
SpeedBag_360p,faster_vs_medium,0.3376,-0.0278,-0.0167,-0.0131,-0.0192
SpeedBag_360p,fast_vs_medium,0.3811,-0.0313,-0.0190,-0.0151,-0.0218
SpeedBag_360p,slow_vs_medium,-2.6022,0.2093,-0.1454,0.0356,0.0332
SpeedBag_360p,slower_vs_medium,-3.0450,0.2521,-0.0812,0.0649,0.0786
SpeedBag_360p,veryslow_vs_medium,-3.0012,0.2485,-0.0837,0.0628,0.0759
SpeedBag_360p,placebo_vs_medium,-3.6494,0.3007,-0.0649,0.0784,0.1048
Stockholm_360p,ultrafast_vs_medium,23.0176,-1.4254,-0.2922,-0.2928,-0.6701
Stockholm_360p,superfast_vs_medium,0.9529,-0.0680,-0.0283,-0.0335,-0.0433
Stockholm_360p,veryfast_vs_medium,0.1490,-0.0101,0.0097,0.0101,0.0032
Stockholm_360p,faster_vs_medium,0.1490,-0.0101,0.0097,0.0101,0.0032
Stockholm_360p,fast_vs_medium,0.1621,-0.0110,0.0092,0.0096,0.0026
Stockholm_360p,slow_vs_medium,-4.1473,0.2990,-0.2049,-0.2169,-0.0409
Stockholm_360p,slower_vs_medium,-4.4644,0.3223,-0.1743,-0.1863,-0.0127
Stockholm_360p,veryslow_vs_medium,-4.4512,0.3214,-0.1748,-0.1868,-0.0134
Stockholm_360p,placebo_vs_medium,-4.4148,0.3186,-0.1630,-0.1837,-0.0094
TouchdownPass_360p,ultrafast_vs_medium,26.9598,-1.1348,-0.3282,-0.6092,-0.6907
TouchdownPass_360p,superfast_vs_medium,1.2028,-0.0524,-0.0305,-0.0437,-0.0422
TouchdownPass_360p,veryfast_vs_medium,-0.1742,0.0091,0.0150,0.0223,0.0155
TouchdownPass_360p,faster_vs_medium,-0.1742,0.0091,0.0150,0.0223,0.0155
TouchdownPass_360p,fast_vs_medium,-0.1561,0.0083,0.0145,0.0217,0.0148
TouchdownPass_360p,slow_vs_medium,-4.6398,0.2210,0.0439,0.0412,0.1020
TouchdownPass_360p,slower_vs_medium,-4.8314,0.2308,0.0576,0.0553,0.1146
TouchdownPass_360p,veryslow_vs_medium,-4.8133,0.2299,0.0571,0.0547,0.1139
TouchdownPass_360p,placebo_vs_medium,-4.9899,0.2389,0.0596,0.0980,0.1322
FourPeople_270p,ultrafast_vs_medium,32.1140,-2.5975,-0.8190,-0.8041,-1.4069
FourPeople_270p,superfast_vs_medium,0.9297,-0.0934,-0.0893,-0.1247,-0.1024
FourPeople_270p,veryfast_vs_medium,0.2265,-0.0231,-0.0002,-0.0003,-0.0079
FourPeople_270p,faster_vs_medium,0.2265,-0.0231,-0.0002,-0.0003,-0.0079
FourPeople_270p,fast_vs_medium,0.2491,-0.0253,-0.0014,-0.0017,-0.0095
FourPeople_270p,slow_vs_medium,-2.2169,0.2258,-0.2302,-0.1753,-0.0599
FourPeople_270p,slower_vs_medium,-2.8884,0.2960,-0.1698,-0.1220,0.0014
FourPeople_270p,veryslow_vs_medium,-2.8657,0.2937,-0.1711,-0.1233,-0.0003
FourPeople_270p,placebo_vs_medium,-3.2135,0.3301,-0.1675,-0.1092,0.0178
ParkJoy_270p,ultrafast_vs_medium,12.7027,-1.1197,-0.3260,0.0500,-0.4652
ParkJoy_270p,superfast_vs_medium,0.7576,-0.0739,-0.0086,-0.0248,-0.0358
ParkJoy_270p,veryfast_vs_medium,0.2918,-0.0293,0.0060,0.0110,-0.0041
ParkJoy_270p,faster_vs_medium,0.2918,-0.0293,0.0060,0.0110,-0.0041
ParkJoy_270p,fast_vs_medium,0.3089,-0.0309,0.0051,0.0104,-0.0051
ParkJoy_270p,slow_vs_medium,-3.7974,0.3688,-0.2962,-0.1288,-0.0187
ParkJoy_270p,slower_vs_medium,-4.3020,0.4229,-0.2451,-0.0738,0.0346
ParkJoy_270p,veryslow_vs_medium,-4.2848,0.4212,-0.2461,-0.0744,0.0336
ParkJoy_270p,placebo_vs_medium,-4.4188,0.4371,-0.2262,-0.0670,0.0480
SparksElevator_270p,ultrafast_vs_medium,14.9861,-0.9477,0.0931,-0.1657,-0.3401
SparksElevator_270p,superfast_vs_medium,0.9931,-0.0693,-0.0526,-0.0554,-0.0591
SparksElevator_270p,veryfast_vs_medium,0.2214,-0.0156,0.0010,0.0035,-0.0037
SparksElevator_270p,faster_vs_medium,0.2214,-0.0156,0.0010,0.0035,-0.0037
SparksElevator_270p,fast_vs_medium,0.2472,-0.0175,0.0001,0.0026,-0.0049
SparksElevator_270p,slow_vs_medium,-4.3650,0.3161,-0.0304,-0.1176,0.0560
SparksElevator_270p,slower_vs_medium,-4.4399,0.3216,-0.0203,-0.0953,0.0687
SparksElevator_270p,veryslow_vs_medium,-4.4140,0.3197,-0.0212,-0.0963,0.0674
SparksElevator_270p,placebo_vs_medium,-4.2908,0.3109,-0.0291,-0.0991,0.0609
Vertical_Bayshore_270p,ultrafast_vs_medium,18.0636,-1.1497,0.0552,0.0300,-0.3548
Vertical_Bayshore_270p,superfast_vs_medium,1.4431,-0.1038,-0.2311,-0.2049,-0.1799
Vertical_Bayshore_270p,veryfast_vs_medium,0.0717,-0.0076,0.0040,0.0313,0.0092
Vertical_Bayshore_270p,faster_vs_medium,0.0717,-0.0076,0.0040,0.0313,0.0092
Vertical_Bayshore_270p,fast_vs_medium,0.1055,-0.0100,0.0026,0.0299,0.0075
Vertical_Bayshore_270p,slow_vs_medium,-1.6602,0.1167,-0.1815,-0.2104,-0.0918
Vertical_Bayshore_270p,slower_vs_medium,-2.3634,0.1692,-0.0670,-0.1191,-0.0056
Vertical_Bayshore_270p,veryslow_vs_medium,-2.3290,0.1668,-0.0685,-0.1206,-0.0074
Vertical_Bayshore_270p,placebo_vs_medium,-2.6444,0.1878,-0.0441,-0.0884,0.0184
