video_name,qp,preset,bitrate_kbps,psnr_y
ControlledBurn_720p,22,ultrafast,40355.28,43.2911
ControlledBurn_720p,27,ultrafast,26391.12,40.0525
ControlledBurn_720p,32,ultrafast,15961.20,36.8320
ControlledBurn_720p,37,ultrafast,8901.12,33.8219
ControlledBurn_720p,22,superfast,38339.52,43.6735
ControlledBurn_720p,27,superfast,25036.08,40.4082
ControlledBurn_720p,32,superfast,15305.76,37.1779
ControlledBurn_720p,37,superfast,8675.76,34.1125
ControlledBurn_720p,22,veryfast,38349.84,43.7140
ControlledBurn_720p,27,veryfast,25029.36,40.4605
ControlledBurn_720p,32,veryfast,15313.68,37.2296
ControlledBurn_720p,37,veryfast,8684.40,34.1531
ControlledBurn_720p,22,faster,38349.84,43.7140
ControlledBurn_720p,27,faster,25029.36,40.4605
ControlledBurn_720p,32,faster,15313.68,37.2296
ControlledBurn_720p,37,faster,8684.40,34.1531
ControlledBurn_720p,22,fast,38350.56,43.7140
ControlledBurn_720p,27,fast,25030.08,40.4605
ControlledBurn_720p,32,fast,15314.40,37.2296
ControlledBurn_720p,37,fast,8685.12,34.1531
ControlledBurn_720p,22,medium,38310.00,43.7253
ControlledBurn_720p,27,medium,25037.52,40.4690
ControlledBurn_720p,32,medium,15297.60,37.2380
ControlledBurn_720p,37,medium,8688.24,34.1616
ControlledBurn_720p,22,slow,36729.36,43.5846
ControlledBurn_720p,27,slow,23713.68,40.2624
ControlledBurn_720p,32,slow,14173.44,36.9548
ControlledBurn_720p,37,slow,7670.40,33.7558
ControlledBurn_720p,22,slower,36717.60,43.5951
ControlledBurn_720p,27,slower,23651.76,40.2723
ControlledBurn_720p,32,slower,14132.40,36.9675
ControlledBurn_720p,37,slower,7661.76,33.7734
ControlledBurn_720p,22,veryslow,36718.32,43.5951
ControlledBurn_720p,27,veryslow,23652.48,40.2723
ControlledBurn_720p,32,veryslow,14133.12,36.9675
ControlledBurn_720p,37,veryslow,7662.48,33.7734
ControlledBurn_720p,22,placebo,36708.96,43.5969
ControlledBurn_720p,27,placebo,23625.36,40.2753
ControlledBurn_720p,32,placebo,14174.64,36.9681
ControlledBurn_720p,37,placebo,7643.04,33.7676
Aerial_2k,22,ultrafast,171246.33,41.9620
Aerial_2k,27,ultrafast,93981.81,38.7544
Aerial_2k,32,ultrafast,47320.36,35.7372
Aerial_2k,37,ultrafast,22895.78,33.0897
Aerial_2k,22,superfast,168001.33,42.2185
Aerial_2k,27,superfast,91776.16,38.9720
Aerial_2k,32,superfast,46424.98,35.9617
Aerial_2k,37,superfast,22691.87,33.2718
Aerial_2k,22,veryfast,168103.75,42.2400
Aerial_2k,27,veryfast,91821.47,39.0180
Aerial_2k,32,veryfast,46376.84,36.0084
Aerial_2k,37,veryfast,22673.46,33.2911
Aerial_2k,22,faster,168103.75,42.2400
Aerial_2k,27,faster,91821.47,39.0180
Aerial_2k,32,faster,46376.84,36.0084
Aerial_2k,37,faster,22673.46,33.2911
Aerial_2k,22,fast,168105.17,42.2400
Aerial_2k,27,fast,91822.88,39.0180
Aerial_2k,32,fast,46378.25,36.0084
Aerial_2k,37,fast,22674.88,33.2911
Aerial_2k,22,medium,168040.97,42.2514
Aerial_2k,27,medium,91803.53,39.0247
Aerial_2k,32,medium,46399.49,36.0142
Aerial_2k,37,medium,22615.41,33.2938
Aerial_2k,22,slow,154281.22,42.0335
Aerial_2k,27,slow,81016.91,38.6960
Aerial_2k,32,slow,39775.44,35.6353
Aerial_2k,37,slow,18745.48,32.8621
Aerial_2k,22,slower,154305.77,42.0429
Aerial_2k,27,slower,80900.33,38.7023
Aerial_2k,32,slower,39725.41,35.6472
Aerial_2k,37,slower,18729.91,32.8823
Aerial_2k,22,veryslow,154307.20,42.0429
Aerial_2k,27,veryslow,80901.75,38.7023
Aerial_2k,32,veryslow,39726.83,35.6472
Aerial_2k,37,veryslow,18731.32,32.8823
Aerial_2k,22,placebo,154399.22,42.0420
Aerial_2k,27,placebo,81040.05,38.7021
Aerial_2k,32,placebo,39654.14,35.6427
Aerial_2k,37,placebo,18772.86,32.8732
BoxingPractice_4k,22,ultrafast,201683.25,43.2380
BoxingPractice_4k,27,ultrafast,92206.15,41.3718
BoxingPractice_4k,32,ultrafast,50625.30,39.7059
BoxingPractice_4k,37,ultrafast,29896.01,37.7219
BoxingPractice_4k,22,superfast,193993.91,43.4006
BoxingPractice_4k,27,superfast,87149.14,41.5262
BoxingPractice_4k,32,superfast,48146.84,39.9152
BoxingPractice_4k,37,superfast,28722.62,37.9422
BoxingPractice_4k,22,veryfast,194409.72,43.4222
BoxingPractice_4k,27,veryfast,86939.10,41.5611
BoxingPractice_4k,32,veryfast,48008.54,39.9550
BoxingPractice_4k,37,veryfast,28520.60,37.9711
BoxingPractice_4k,22,faster,194409.72,43.4222
BoxingPractice_4k,27,faster,86939.10,41.5611
BoxingPractice_4k,32,faster,48008.54,39.9550
BoxingPractice_4k,37,faster,28520.60,37.9711
BoxingPractice_4k,22,fast,194411.16,43.4222
BoxingPractice_4k,27,fast,86940.52,41.5611
BoxingPractice_4k,32,fast,48009.95,39.9550
BoxingPractice_4k,37,fast,28522.02,37.9711
BoxingPractice_4k,22,medium,193882.03,43.4251
BoxingPractice_4k,27,medium,86722.45,41.5641
BoxingPractice_4k,32,medium,47891.01,39.9590
BoxingPractice_4k,37,medium,28566.38,37.9752
BoxingPractice_4k,22,slow,149511.67,42.9436
BoxingPractice_4k,27,slow,73560.26,41.3408
BoxingPractice_4k,32,slow,42302.53,39.7213
BoxingPractice_4k,37,slow,24824.37,37.6241
BoxingPractice_4k,22,slower,149625.91,42.9519
BoxingPractice_4k,27,slower,73406.86,41.3481
BoxingPractice_4k,32,slower,42207.66,39.7337
BoxingPractice_4k,37,slower,24753.57,37.6441
BoxingPractice_4k,22,veryslow,149627.31,42.9519
BoxingPractice_4k,27,veryslow,73408.27,41.3481
BoxingPractice_4k,32,veryslow,42209.07,39.7337
BoxingPractice_4k,37,veryslow,24754.98,37.6441
BoxingPractice_4k,22,placebo,149888.33,42.9530
BoxingPractice_4k,27,placebo,73543.27,41.3505
BoxingPractice_4k,32,placebo,42276.10,39.7332
BoxingPractice_4k,37,placebo,24822.48,37.6400
SnowMountain_360p,22,ultrafast,14875.38,41.7134
SnowMountain_360p,27,ultrafast,10733.71,37.1398
SnowMountain_360p,32,ultrafast,7168.10,32.6231
SnowMountain_360p,37,ultrafast,4341.88,28.6245
SnowMountain_360p,22,superfast,13859.91,42.7366
SnowMountain_360p,27,superfast,10013.58,38.0492
SnowMountain_360p,32,superfast,6796.67,33.4814
SnowMountain_360p,37,superfast,4192.94,29.3099
SnowMountain_360p,22,veryfast,13836.02,42.7877
SnowMountain_360p,27,veryfast,10035.16,38.1440
SnowMountain_360p,32,veryfast,6779.97,33.6139
SnowMountain_360p,37,veryfast,4205.00,29.4826
SnowMountain_360p,22,faster,13836.02,42.7877
SnowMountain_360p,27,faster,10035.16,38.1440
SnowMountain_360p,32,faster,6779.97,33.6139
SnowMountain_360p,37,faster,4205.00,29.4826
SnowMountain_360p,22,fast,13836.71,42.7877
SnowMountain_360p,27,fast,10035.86,38.1440
SnowMountain_360p,32,fast,6780.66,33.6139
SnowMountain_360p,37,fast,4205.70,29.4826
SnowMountain_360p,22,medium,13835.55,42.8245
SnowMountain_360p,27,medium,10050.94,38.1760
SnowMountain_360p,32,medium,6782.06,33.6384
SnowMountain_360p,37,medium,4194.79,29.4978
SnowMountain_360p,22,slow,13522.35,42.8731
SnowMountain_360p,27,slow,9756.53,38.1362
SnowMountain_360p,32,slow,6508.99,33.4562
SnowMountain_360p,37,slow,3873.47,29.0949
SnowMountain_360p,22,slower,13525.14,42.8884
SnowMountain_360p,27,slower,9752.35,38.1517
SnowMountain_360p,32,slower,6510.38,33.4742
SnowMountain_360p,37,slower,3883.68,29.1041
SnowMountain_360p,22,veryslow,13525.83,42.8884
SnowMountain_360p,27,veryslow,9753.05,38.1517
SnowMountain_360p,32,veryslow,6511.08,33.4742
SnowMountain_360p,37,veryslow,3884.38,29.1041
SnowMountain_360p,22,placebo,13562.26,42.9394
SnowMountain_360p,27,placebo,9748.18,38.1931
SnowMountain_360p,32,placebo,6513.40,33.5134
SnowMountain_360p,37,placebo,3886.00,29.1354
SparksElevator_270p,22,ultrafast,12692.55,40.7982
SparksElevator_270p,27,ultrafast,7724.28,36.9383
SparksElevator_270p,32,ultrafast,4534.50,33.5776
SparksElevator_270p,37,ultrafast,2825.86,30.7827
SparksElevator_270p,22,superfast,11836.82,41.4518
SparksElevator_270p,27,superfast,7288.15,37.5179
SparksElevator_270p,32,superfast,4370.25,34.1030
SparksElevator_270p,37,superfast,2773.47,31.2055
SparksElevator_270p,22,veryfast,11809.44,41.4799
SparksElevator_270p,27,veryfast,7283.90,37.5811
SparksElevator_270p,32,veryfast,4386.30,34.1771
SparksElevator_270p,37,veryfast,2792.82,31.2672
SparksElevator_270p,22,faster,11809.44,41.4799
SparksElevator_270p,27,faster,7283.90,37.5811
SparksElevator_270p,32,faster,4386.30,34.1771
SparksElevator_270p,37,faster,2792.82,31.2672
SparksElevator_270p,22,fast,11810.86,41.4799
SparksElevator_270p,27,fast,7285.32,37.5811
SparksElevator_270p,32,fast,4387.71,34.1771
SparksElevator_270p,37,fast,2794.24,31.2672
SparksElevator_270p,22,medium,11831.15,41.4927
SparksElevator_270p,27,medium,7279.66,37.5874
SparksElevator_270p,32,medium,4374.50,34.1811
SparksElevator_270p,37,medium,2779.14,31.2706
SparksElevator_270p,22,slow,11225.58,41.3311
SparksElevator_270p,27,slow,6575.43,37.2095
SparksElevator_270p,32,slow,3895.42,33.7413
SparksElevator_270p,37,slow,2494.52,30.7006
SparksElevator_270p,22,slower,11213.78,41.3369
SparksElevator_270p,27,slower,6565.99,37.2192
SparksElevator_270p,32,slower,3910.05,33.7489
SparksElevator_270p,37,slower,2488.86,30.7122
SparksElevator_270p,22,veryslow,11215.19,41.3369
SparksElevator_270p,27,veryslow,6567.41,37.2192
SparksElevator_270p,32,veryslow,3911.46,33.7489
SparksElevator_270p,37,veryslow,2490.27,30.7122
SparksElevator_270p,22,placebo,11238.32,41.3577
SparksElevator_270p,27,placebo,6589.59,37.2350
SparksElevator_270p,32,placebo,3929.40,33.7650
SparksElevator_270p,37,placebo,2492.63,30.7155
