video_name,qp,preset,stable_core_energy_joules,iterations_needed
Aerial_2k,22,fast,772.5980587333336,15
Aerial_2k,22,faster,772.880903,15
Aerial_2k,22,medium,830.0972321333336,15
Aerial_2k,22,placebo,2953.4321975333337,15
Aerial_2k,22,slow,1678.7304923333334,15
Aerial_2k,22,slower,2144.5524932,15
Aerial_2k,22,superfast,729.6392047333334,15
Aerial_2k,22,ultrafast,190.88365826666666,15
Aerial_2k,22,veryfast,768.5185485999999,15
Aerial_2k,22,veryslow,2142.2723601333337,15
Aerial_2k,27,fast,647.9349215999999,15
Aerial_2k,27,faster,654.2339533333333,15
Aerial_2k,27,medium,688.6198437333334,15
Aerial_2k,27,placebo,2082.3172399333334,15
Aerial_2k,27,slow,1276.7001698666668,15
Aerial_2k,27,slower,1639.7429174,15
Aerial_2k,27,superfast,610.6655387333335,15
Aerial_2k,27,ultrafast,163.0028501333333,15
Aerial_2k,27,veryfast,645.4662307333334,15
Aerial_2k,27,veryslow,1643.0885426666669,15
Aerial_2k,32,fast,546.095123,15
Aerial_2k,32,faster,546.3219940666667,15
Aerial_2k,32,medium,580.5039054,15
Aerial_2k,32,placebo,1529.6588322666664,15
Aerial_2k,32,slow,988.6840289333333,15
Aerial_2k,32,slower,1273.4566519333334,15
Aerial_2k,32,superfast,520.4199406,15
Aerial_2k,32,ultrafast,143.3465039333333,15
Aerial_2k,32,veryfast,546.1300391999998,15
Aerial_2k,32,veryslow,1277.4981701333334,15
Aerial_2k,37,fast,474.07977179999983,15
Aerial_2k,37,faster,472.82857880000006,15
Aerial_2k,37,medium,503.49993173333337,15
Aerial_2k,37,placebo,1154.7149434666667,15
Aerial_2k,37,slow,805.1584936666667,15
Aerial_2k,37,slower,1032.1126245999997,15
Aerial_2k,37,superfast,456.1067100000001,15
Aerial_2k,37,ultrafast,130.03000579999997,15
Aerial_2k,37,veryfast,471.9582156,15
Aerial_2k,37,veryslow,1029.6681894666667,15
BoxingPractice_4k,22,fast,2339.6725665333333,15
BoxingPractice_4k,22,faster,2323.4885424000004,15
BoxingPractice_4k,22,medium,2488.1857609333333,15
BoxingPractice_4k,22,placebo,7180.3785868,15
BoxingPractice_4k,22,slow,4396.902814399999,15
BoxingPractice_4k,22,slower,5624.378509333334,15
BoxingPractice_4k,22,superfast,2235.208731066667,15
BoxingPractice_4k,22,ultrafast,596.9708472666667,15
BoxingPractice_4k,22,veryfast,2333.824070933333,15
BoxingPractice_4k,22,veryslow,5629.631165266665,15
BoxingPractice_4k,27,fast,1914.5616310666667,15
BoxingPractice_4k,27,faster,1922.1437485333336,15
BoxingPractice_4k,27,medium,2007.81916,15
BoxingPractice_4k,27,placebo,4585.5781615333335,15
BoxingPractice_4k,27,slow,3141.563380866667,15
BoxingPractice_4k,27,slower,3943.3283450000004,15
BoxingPractice_4k,27,superfast,1854.2444515333332,15
BoxingPractice_4k,27,ultrafast,504.6272442,15
BoxingPractice_4k,27,veryfast,1920.6983340666666,15
BoxingPractice_4k,27,veryslow,3948.4350174666665,15
BoxingPractice_4k,32,fast,1682.27663,15
BoxingPractice_4k,32,faster,1676.4713836,15
BoxingPractice_4k,32,medium,1750.4830473333334,15
BoxingPractice_4k,32,placebo,3603.3156045333326,15
BoxingPractice_4k,32,slow,2541.069927133333,15
BoxingPractice_4k,32,slower,3170.4224338666672,15
BoxingPractice_4k,32,superfast,1630.4587859999997,15
BoxingPractice_4k,32,ultrafast,459.6148999333334,15
BoxingPractice_4k,32,veryfast,1678.5715124,15
BoxingPractice_4k,32,veryslow,3163.0202716666668,15
BoxingPractice_4k,37,fast,1532.3737138666665,15
BoxingPractice_4k,37,faster,1532.9938987333333,15
BoxingPractice_4k,37,medium,1580.5519025999997,15
BoxingPractice_4k,37,placebo,3016.4426969333335,15
BoxingPractice_4k,37,slow,2198.4342036,15
BoxingPractice_4k,37,slower,2708.8534492666668,15
BoxingPractice_4k,37,superfast,1502.2615594666668,15
BoxingPractice_4k,37,ultrafast,438.95476819999993,15
BoxingPractice_4k,37,veryfast,1540.6112740666665,15
BoxingPractice_4k,37,veryslow,2699.1510652,15
ControlledBurn_720p,22,fast,299.51779626666666,15
ControlledBurn_720p,22,faster,301.39951326666664,15
ControlledBurn_720p,22,medium,318.049149,15
ControlledBurn_720p,22,placebo,1057.4614044,15
ControlledBurn_720p,22,slow,620.647345,15
ControlledBurn_720p,22,slower,825.1087357333332,15
ControlledBurn_720p,22,superfast,284.6130937333334,15
ControlledBurn_720p,22,ultrafast,76.72451873333333,15
ControlledBurn_720p,22,veryfast,301.86564166666665,15
ControlledBurn_720p,22,veryslow,801.6973859999999,15
ControlledBurn_720p,27,fast,270.1772706666667,15
ControlledBurn_720p,27,faster,272.15650526666667,15
ControlledBurn_720p,27,medium,284.7000443333333,15
ControlledBurn_720p,27,placebo,832.3985812,15
ControlledBurn_720p,27,slow,522.450453,15
ControlledBurn_720p,27,slower,668.3266501999999,15
ControlledBurn_720p,27,superfast,265.42706892307694,13
ControlledBurn_720p,27,ultrafast,68.90862073333332,15
ControlledBurn_720p,27,veryfast,271.8087564666667,15
ControlledBurn_720p,27,veryslow,662.4237883333334,15
ControlledBurn_720p,32,fast,238.50027240000003,15
ControlledBurn_720p,32,faster,238.6613684666667,15
ControlledBurn_720p,32,medium,250.10967466666668,15
ControlledBurn_720p,32,placebo,672.1076135999999,15
ControlledBurn_720p,32,slow,429.58462226666666,15
ControlledBurn_720p,32,slower,554.1343278,15
ControlledBurn_720p,32,superfast,226.06027746666666,15
ControlledBurn_720p,32,ultrafast,62.17753460000001,15
ControlledBurn_720p,32,veryfast,236.25649153333336,15
ControlledBurn_720p,32,veryslow,550.9452812666666,15
ControlledBurn_720p,37,fast,209.7275963333333,15
ControlledBurn_720p,37,faster,211.15201073333338,15
ControlledBurn_720p,37,medium,220.20725679999995,15
ControlledBurn_720p,37,placebo,529.7257314000001,15
ControlledBurn_720p,37,slow,354.39183793333325,15
ControlledBurn_720p,37,slower,453.7921287333334,15
ControlledBurn_720p,37,superfast,200.35904933333333,15
ControlledBurn_720p,37,ultrafast,57.82220713333333,15
ControlledBurn_720p,37,veryfast,208.983189,15
ControlledBurn_720p,37,veryslow,453.2623203333334,15
SnowMountain_360p,22,fast,84.01170306666664,15
SnowMountain_360p,22,faster,84.78895526666666,15
SnowMountain_360p,22,medium,90.34439760000001,15
SnowMountain_360p,22,placebo,334.3710472666667,15
SnowMountain_360p,22,slow,194.7424416666667,15
SnowMountain_360p,22,slower,254.9720686,15
SnowMountain_360p,22,superfast,79.1817432,15
SnowMountain_360p,22,ultrafast,23.422840333333333,15
SnowMountain_360p,22,veryfast,85.15419693333334,15
SnowMountain_360p,22,veryslow,254.23838726666665,15
SnowMountain_360p,27,fast,76.40884160000002,15
SnowMountain_360p,27,faster,77.2125302,15
SnowMountain_360p,27,medium,82.5865968,15
SnowMountain_360p,27,placebo,281.60664406666666,15
SnowMountain_360p,27,slow,169.08471933333334,15
SnowMountain_360p,27,slower,222.17876059999995,15
SnowMountain_360p,27,superfast,72.09628360000002,15
SnowMountain_360p,27,ultrafast,20.38564533333333,15
SnowMountain_360p,27,veryfast,77.48824566666666,15
SnowMountain_360p,27,veryslow,221.7032288,15
SnowMountain_360p,32,fast,69.26006833333334,15
SnowMountain_360p,32,faster,69.03606199999999,15
SnowMountain_360p,32,medium,73.3655022,15
SnowMountain_360p,32,placebo,239.10429506666665,15
SnowMountain_360p,32,slow,144.43780973333332,15
SnowMountain_360p,32,slower,188.31162313333328,15
SnowMountain_360p,32,superfast,64.3787986,15
SnowMountain_360p,32,ultrafast,18.392787266666666,15
SnowMountain_360p,32,veryfast,68.77279766666668,15
SnowMountain_360p,32,veryslow,188.10260286666664,15
SnowMountain_360p,37,fast,60.29268826666666,15
SnowMountain_360p,37,faster,60.40798733333333,15
SnowMountain_360p,37,medium,64.30932833333333,15
SnowMountain_360p,37,placebo,191.8454073333333,15
SnowMountain_360p,37,slow,117.33081146666667,15
SnowMountain_360p,37,slower,152.84598319999998,15
SnowMountain_360p,37,superfast,57.465372066666674,15
SnowMountain_360p,37,ultrafast,15.948653,15
SnowMountain_360p,37,veryfast,60.7659292,15
SnowMountain_360p,37,veryslow,153.7142874,15
SparksElevator_270p,22,fast,49.988494933333335,15
SparksElevator_270p,22,faster,50.40619006666666,15
SparksElevator_270p,22,medium,54.18531839999999,15
SparksElevator_270p,22,placebo,197.7075504,15
SparksElevator_270p,22,slow,114.92172713333333,15
SparksElevator_270p,22,slower,148.41668546666668,15
SparksElevator_270p,22,superfast,47.17376433333333,15
SparksElevator_270p,22,ultrafast,12.907246399999998,15
SparksElevator_270p,22,veryfast,50.13611840000001,15
SparksElevator_270p,22,veryslow,148.65579626666664,15
SparksElevator_270p,27,fast,44.02436220000001,15
SparksElevator_270p,27,faster,43.7659078,15
SparksElevator_270p,27,medium,47.14783673333333,15
SparksElevator_270p,27,placebo,153.48194759999998,15
SparksElevator_270p,27,slow,90.86157966666666,15
SparksElevator_270p,27,slower,118.55140546666667,15
SparksElevator_270p,27,superfast,40.958407666666666,15
SparksElevator_270p,27,ultrafast,11.047001266666667,15
SparksElevator_270p,27,veryfast,44.36805053333334,15
SparksElevator_270p,27,veryslow,118.30733893333334,15
SparksElevator_270p,32,fast,37.55122633333334,15
SparksElevator_270p,32,faster,38.201204266666664,15
SparksElevator_270p,32,medium,40.335899266666665,15
SparksElevator_270p,32,placebo,116.4897896,15
SparksElevator_270p,32,slow,71.27995246666666,15
SparksElevator_270p,32,slower,92.86958640000002,15
SparksElevator_270p,32,superfast,35.27052753333334,15
SparksElevator_270p,32,ultrafast,9.505244933333332,15
SparksElevator_270p,32,veryfast,37.584449733333344,15
SparksElevator_270p,32,veryslow,91.33211493333333,15
SparksElevator_270p,37,fast,32.13632257142858,14
SparksElevator_270p,37,faster,32.256977066666664,15
SparksElevator_270p,37,medium,33.67960926666667,15
SparksElevator_270p,37,placebo,85.25314673333332,15
SparksElevator_270p,37,slow,56.03526093333334,15
SparksElevator_270p,37,slower,70.7912128,15
SparksElevator_270p,37,superfast,30.587738933333338,15
SparksElevator_270p,37,ultrafast,8.387193533333335,15
SparksElevator_270p,37,veryfast,32.14240206666667,15
SparksElevator_270p,37,veryslow,71.57862546666667,15
