VideoName,QP,Preset,Validated_Mean_Energy_J,Std_Dev_J,Avg_Time_per_Measurement_s,Measurements_Count_Used,Passed_Validation
Aerial3200_2k,22,fast,1184.7122835,0.801123678259689,28.99778266225,4,True
Aerial3200_2k,22,faster,1185.0412776,4.82429644601825,28.9167659416,5,True
Aerial3200_2k,22,medium,1265.4095656,2.28278562342247,30.9983853828,5,True
Aerial3200_2k,22,superfast,1122.4688365,1.05980814520915,27.147998729,4,True
Aerial3200_2k,22,ultrafast,293.546177888889,2.54394300246829,7.20996414533333,9,True
Aerial3200_2k,22,veryfast,1185.8694494,2.57601848719634,28.8887292384,5,True
Aerial3200_2k,27,fast,981.4404322,3.55102069442107,23.5299642624,5,True
Aerial3200_2k,27,faster,989.744011,4.20992008262603,23.5970149602,5,True
Aerial3200_2k,27,medium,1054.9703944,5.07394297979971,25.1520106918,5,True
Aerial3200_2k,27,superfast,937.2021905,5.3487262146093,22.242040826,6,True
Aerial3200_2k,27,ultrafast,242.0825834,1.02119417563816,5.7842397658,5,True
Aerial3200_2k,27,veryfast,987.4466176,3.29544123194912,23.4853712966,5,True
Aerial3200_2k,32,fast,814.782622777778,1.63255733538962,19.1683750145556,9,True
Aerial3200_2k,32,faster,815.1731942,3.31191665883846,19.2384385286,5,True
Aerial3200_2k,32,medium,873.2091905,6.31189770925464,20.532353399,8,True
Aerial3200_2k,32,superfast,777.450439,1.31337644225923,18.1667946454,5,True
Aerial3200_2k,32,ultrafast,207.878452428571,1.20631005489908,4.87339101514286,7,True
Aerial3200_2k,32,veryfast,818.552446,3.3630725673896,19.2784271208,5,True
Aerial3200_2k,37,fast,698.0679535,2.13166874361104,16.153274623125,8,True
Aerial3200_2k,37,faster,698.5339296,1.97604319777916,16.2014698618,5,True
Aerial3200_2k,37,medium,739.3135736,1.90848673863949,17.1542822044,5,True
Aerial3200_2k,37,superfast,667.9387928,1.60013504218197,15.4533407522,5,True
Aerial3200_2k,37,ultrafast,184.1105415,0.660731713302987,4.2512055625,6,True
Aerial3200_2k,37,veryfast,698.8537774,1.92397228245921,16.1704557708,5,True
BlueSky_360p,22,fast,117.682339,0.826187601987241,4.0413969695,8,True
BlueSky_360p,22,faster,118.407554166667,0.701375869011022,4.047918435,6,True
BlueSky_360p,22,medium,124.79747075,0.131110843452846,4.29168693325,4,True
BlueSky_360p,22,superfast,112.9584872,0.251011009224098,2.9216126576,5,True
BlueSky_360p,22,ultrafast,33.0974381818182,0.195639630183058,0.875887396545454,11,True
BlueSky_360p,22,veryfast,118.5880508,0.20244647117374,4.0407876936,5,True
BlueSky_360p,27,fast,106.9119212,0.357578680407823,3.6231070586,5,True
BlueSky_360p,27,faster,106.5190145,0.482875104893491,3.63767349333333,6,True
BlueSky_360p,27,medium,113.797641333333,0.11145078371341,3.87306866666667,3,True
BlueSky_360p,27,superfast,101.8376544,0.255960384995999,2.622644558,5,True
BlueSky_360p,27,ultrafast,29.4298232307692,0.225623222205795,0.786927765769231,13,True
BlueSky_360p,27,veryfast,106.5771566,0.259683182978413,3.6447231124,5,True
BlueSky_360p,32,fast,94.3081448,0.364043297477374,3.1419474056,5,True
BlueSky_360p,32,faster,94.2062711666667,0.505955968988376,3.147879763,6,True
BlueSky_360p,32,medium,99.9467532,0.253311156068382,3.3452493706,5,True
BlueSky_360p,32,superfast,89.458658,0.266284271312633,2.2886378754,5,True
BlueSky_360p,32,ultrafast,25.7048984,0.138316471527539,0.6688615332,15,True
BlueSky_360p,32,veryfast,94.271396,0.194647739414906,3.140073951,4,True
BlueSky_360p,37,fast,82.8924965714286,0.580005389101072,2.68403153257143,7,True
BlueSky_360p,37,faster,82.5920285,0.114713724661292,2.7271480445,4,True
BlueSky_360p,37,medium,87.894135,0.270702484687526,2.824575669,5,True
BlueSky_360p,37,superfast,78.3685798,0.462081251384742,1.9690481581,10,True
BlueSky_360p,37,ultrafast,22.1831144615385,0.194111948200695,0.576398699692308,13,True
BlueSky_360p,37,veryfast,82.6530354,0.396892390627233,2.687528439,5,True
Boat_2k,22,fast,1180.2799864,3.6520887864413,29.1589390888,5,True
Boat_2k,22,faster,1179.3278284,3.67503503461413,29.1256347576,5,True
Boat_2k,22,medium,1250.47829635714,6.96021512246687,30.9500379360714,14,True
Boat_2k,22,superfast,1127.5924626,3.14348942444448,27.496908424,5,True
Boat_2k,22,ultrafast,309.118459,1.11476073515957,7.6580456004,5,True
Boat_2k,22,veryfast,1184.7320746,2.68429862675081,29.1144105528,5,True
Boat_2k,27,fast,1039.722509,2.42237978765077,25.2387030518,5,True
Boat_2k,27,faster,1039.64946522222,6.90906955295215,25.2709959837778,9,True
Boat_2k,27,medium,1101.9597274,3.25322613952632,26.7445378116,5,True
Boat_2k,27,superfast,988.3958338,2.46286624110074,23.8245023314,5,True
Boat_2k,27,ultrafast,262.971098,1.19909178983946,6.41675653683333,6,True
Boat_2k,27,veryfast,1039.7772605,1.77006886510827,25.183325167,4,True
Boat_2k,32,fast,898.486329714286,1.99091778564106,21.474534532,7,True
Boat_2k,32,faster,896.225224666667,0.806781062964627,21.393050861,3,True
Boat_2k,32,medium,956.0551456,2.21972734951509,22.7860947962,5,True
Boat_2k,32,superfast,856.6475506,3.49276161999875,20.3312223526,5,True
Boat_2k,32,ultrafast,228.205095714286,0.941449239320017,5.43937067514286,7,True
Boat_2k,32,veryfast,900.093948,1.18531740491113,21.4430838026667,9,True
Boat_2k,37,fast,786.013023333333,4.22004102674022,18.455488135,6,True
Boat_2k,37,faster,785.7829744,1.85895347610202,18.4549562,5,True
Boat_2k,37,medium,831.5049394,3.0173794726367,19.4588488438,5,True
Boat_2k,37,superfast,747.379332666667,0.648709987857697,17.4628361793333,3,True
Boat_2k,37,ultrafast,200.990065833333,1.14716244025184,4.72822800333333,6,True
Boat_2k,37,veryfast,784.83488975,0.289865492085985,18.4096395295,4,True
BoxingPractice_4k,22,fast,3688.716216,16.5955640316863,86.8200451602,5,True
BoxingPractice_4k,22,faster,3679.65609683333,19.3185639519925,86.6168642385,6,True
BoxingPractice_4k,22,medium,3901.9150905,2.84998439616693,91.82883296825,4,True
BoxingPractice_4k,22,superfast,3484.39481871429,7.5503570370229,82.0979314281429,7,True
BoxingPractice_4k,22,ultrafast,920.775301666667,4.91835644871901,21.8986935043333,6,True
BoxingPractice_4k,22,veryfast,3683.5076602,17.1626350378831,86.7440916216,5,True
BoxingPractice_4k,27,fast,2935.1578908,4.41621794411901,67.6098682818,5,True
BoxingPractice_4k,27,faster,2928.04128625,5.68775493209576,67.65919324475,4,True
BoxingPractice_4k,27,medium,3110.54502533333,17.0813672565031,71.7425172908333,6,True
BoxingPractice_4k,27,superfast,2804.4094315,7.69816049678928,64.27143872575,4,True
BoxingPractice_4k,27,ultrafast,747.198323166667,4.17935925910302,17.2582905023333,6,True
BoxingPractice_4k,27,veryfast,2932.26736818182,9.15757091758501,67.5667473818182,11,True
BoxingPractice_4k,32,fast,2460.2903938,10.9127107908198,55.603294212,5,True
BoxingPractice_4k,32,faster,2454.3890902,8.70771192562703,55.6039337102,5,True
BoxingPractice_4k,32,medium,2562.0626182,5.76158290335232,58.1369478344,5,True
BoxingPractice_4k,32,superfast,2369.76573266667,7.13243924767444,53.8101305981667,6,True
BoxingPractice_4k,32,ultrafast,651.834843857143,4.19732937648272,14.7998620015714,7,True
BoxingPractice_4k,32,veryfast,2448.12153576923,8.25034675119435,55.5014422701539,13,True
BoxingPractice_4k,37,fast,2198.871495,6.66197044924454,49.4733342002,5,True
BoxingPractice_4k,37,faster,2199.05822075,12.0000307679421,49.64690434225,8,True
BoxingPractice_4k,37,medium,2270.39834725,1.09344872029019,51.18372589625,4,True
BoxingPractice_4k,37,superfast,2147.24533683333,10.7892765404437,48.1778314783333,6,True
BoxingPractice_4k,37,ultrafast,606.239608,2.48791182977814,13.6458898725,6,True
BoxingPractice_4k,37,veryfast,2199.2926185,1.80349234772954,49.504479446,4,True
ControlledBurn_720p,22,fast,447.9030282,1.75491738378754,10.8854708204,5,True
ControlledBurn_720p,22,faster,447.1017852,1.36185320102396,10.8728076078,5,True
ControlledBurn_720p,22,medium,476.454448666667,1.25562956802867,11.5767873958333,6,True
ControlledBurn_720p,22,superfast,418.4821198,1.37697532872641,10.146815478,5,True
ControlledBurn_720p,22,ultrafast,111.404255833333,0.623592362903237,2.75399400208333,12,True
ControlledBurn_720p,22,veryfast,443.46387675,0.708652405013147,10.8439168705,4,True
ControlledBurn_720p,27,fast,391.665929,0.873603126366601,9.497853051,5,True
ControlledBurn_720p,27,faster,392.1568698,1.58676829079885,9.5564851962,5,True
ControlledBurn_720p,27,medium,415.354503,1.23547702368114,10.1890331648,5,True
ControlledBurn_720p,27,superfast,371.503187,0.49467809289729,8.7882778776,5,True
ControlledBurn_720p,27,ultrafast,100.326433666667,0.459169808430679,2.41519865283333,6,True
ControlledBurn_720p,27,veryfast,393.254507,0.392855565765588,9.73949728966667,3,True
ControlledBurn_720p,32,fast,343.66116875,0.435794764815102,8.31757566925,4,True
ControlledBurn_720p,32,faster,344.3742282,0.396015710395055,8.2476650172,5,True
ControlledBurn_720p,32,medium,364.7715885,0.120055951512895,8.645903889,4,True
ControlledBurn_720p,32,superfast,327.3603314,1.15013025776944,7.6992326602,5,True
ControlledBurn_720p,32,ultrafast,89.3040318888889,0.70873165985926,2.13047298577778,9,True
ControlledBurn_720p,32,veryfast,343.64015675,0.350765741180991,8.22946139175,4,True
ControlledBurn_720p,37,fast,302.754181,0.699615868888778,7.1729132516,5,True
ControlledBurn_720p,37,faster,302.7347356,0.68347903737591,7.1868168018,5,True
ControlledBurn_720p,37,medium,318.9847424,0.806938381953852,7.55879676,5,True
ControlledBurn_720p,37,superfast,289.5945348,0.656943902498303,6.737326136,5,True
ControlledBurn_720p,37,ultrafast,80.9532026666667,0.489230991831739,1.90277433033333,6,True
ControlledBurn_720p,37,veryfast,302.99841575,0.801310892756519,7.1893338585,4,True
Crosswalk_4k,22,fast,3647.1026992,14.2636994508561,85.5496559146,5,True
Crosswalk_4k,22,faster,3661.53131928571,23.3599414433278,85.9346287912857,7,True
Crosswalk_4k,22,medium,3919.23258157143,14.3462233547696,91.9306933441428,7,True
Crosswalk_4k,22,superfast,3453.75551914286,21.0760052601718,80.3870371242857,7,True
Crosswalk_4k,22,ultrafast,907.491643142857,1.85767971794462,21.0276129415714,7,True
Crosswalk_4k,22,veryfast,3654.7880926,15.189745164565,85.65328004,5,True
Crosswalk_4k,27,fast,2793.91936133333,1.98111730731028,64.0864016126667,3,True
Crosswalk_4k,27,faster,2796.55883525,6.30097652758046,64.1653457155,8,True
Crosswalk_4k,27,medium,2992.0753966,16.3623875542942,68.5492422765,10,True
Crosswalk_4k,27,superfast,2675.28835766667,13.4322200530477,60.9551084448333,6,True
Crosswalk_4k,27,ultrafast,698.141139571429,3.51965542041868,15.8878970915714,7,True
Crosswalk_4k,27,veryfast,2805.18298714286,7.54913191748467,64.3591297327143,7,True
Crosswalk_4k,32,fast,2378.9751232,10.6754539459425,53.8866709168,5,True
Crosswalk_4k,32,faster,2383.9153145,5.75500639790356,53.86569446875,8,True
Crosswalk_4k,32,medium,2498.3165784,7.56796515480015,56.839275149,5,True
Crosswalk_4k,32,superfast,2308.791444,9.77105390380267,52.2148018978572,7,True
Crosswalk_4k,32,ultrafast,616.9415848,1.84908283641842,13.9558663354,5,True
Crosswalk_4k,32,veryfast,2384.0598268,7.50202804212232,53.9166110788,5,True
Crosswalk_4k,37,fast,2162.0790228,3.24160612108384,48.5922270758,5,True
Crosswalk_4k,37,faster,2159.92330375,3.29093916723331,48.6289767295,4,True
Crosswalk_4k,37,medium,2255.5039,0.897641797093176,50.62950391825,4,True
Crosswalk_4k,37,superfast,2112.972638,1.19639702000172,47.480107778,3,True
Crosswalk_4k,37,ultrafast,581.890830333333,4.96210873544076,13.100718004,9,True
Crosswalk_4k,37,veryfast,2158.67422233333,1.52211052000712,48.4817793983333,3,True
CrowdRun_1080p50,22,fast,1387.581641,3.10630504551332,34.4011914456,5,True
CrowdRun_1080p50,22,faster,1386.70873016667,5.08222814659482,34.3948165258333,6,True
CrowdRun_1080p50,22,medium,1475.626553,0.436902679965459,36.903134516,3,True
CrowdRun_1080p50,22,superfast,1304.112238,0.858969416064391,32.3191838594,5,True
CrowdRun_1080p50,22,ultrafast,361.4743755,1.02759563767403,9.063979192,6,True
CrowdRun_1080p50,22,veryfast,1386.52983655556,4.45838205315028,34.3683194976667,9,True
CrowdRun_1080p50,27,fast,1175.16067914286,3.31888958725,28.5884739305714,7,True
CrowdRun_1080p50,27,faster,1173.8477028,4.97603939783365,28.6610526818,5,True
CrowdRun_1080p50,27,medium,1251.9312678,1.62783331304289,30.6168797832,5,True
CrowdRun_1080p50,27,superfast,1106.00718642857,6.82303354673782,26.8880136765714,7,True
CrowdRun_1080p50,27,ultrafast,299.4127464,1.19038848972732,7.3691481772,5,True
CrowdRun_1080p50,27,veryfast,1169.2497538,2.4205310398035,28.544281382,5,True
CrowdRun_1080p50,32,fast,977.4602765,4.48578059639331,23.4565565585,6,True
CrowdRun_1080p50,32,faster,979.747431,2.68559484987944,23.4126892628,5,True
CrowdRun_1080p50,32,medium,1044.2750244,1.71077660814126,24.9940954406,5,True
CrowdRun_1080p50,32,superfast,922.81203,0.249702031303312,22.0370486136667,3,True
CrowdRun_1080p50,32,ultrafast,247.396266,0.863617872621624,5.9567795388,5,True
CrowdRun_1080p50,32,veryfast,979.014509444444,6.14148069740299,23.5306620348889,9,True
CrowdRun_1080p50,37,fast,829.927179285714,2.71280638028572,19.4834826111429,7,True
CrowdRun_1080p50,37,faster,825.28601925,0.679044955406918,19.44756880175,4,True
CrowdRun_1080p50,37,medium,875.7541422,2.0777726915858,20.6390413714,5,True
CrowdRun_1080p50,37,superfast,785.992632,1.06885285852388,18.4123822775,4,True
CrowdRun_1080p50,37,ultrafast,213.731766222222,1.73710445440227,5.03064566833333,9,True
CrowdRun_1080p50,37,veryfast,826.6728474,2.31051182338076,19.4257147736,5,True
DinnerSceneCropped_2k,22,fast,1226.6067596,3.37658252464275,29.9610248308,5,True
DinnerSceneCropped_2k,22,faster,1230.7033562,5.24137473981676,30.0180728634,5,True
DinnerSceneCropped_2k,22,medium,1323.956358,0.867961749064247,32.24476483425,4,True
DinnerSceneCropped_2k,22,superfast,1151.2119925,4.16326783294458,27.7312334403571,14,True
DinnerSceneCropped_2k,22,ultrafast,301.007919375,1.16459324575369,7.253743346875,8,True
DinnerSceneCropped_2k,22,veryfast,1228.9566928,2.49006458194777,30.0699605416,5,True
DinnerSceneCropped_2k,27,fast,916.071507,0.297259496398349,21.4980399576667,3,True
DinnerSceneCropped_2k,27,faster,917.7501528,3.56470539999664,21.5616728962,5,True
DinnerSceneCropped_2k,27,medium,991.4395026,7.89214871125092,23.2991960645,10,True
DinnerSceneCropped_2k,27,superfast,866.699136666667,0.810273131684208,20.1809029506667,3,True
DinnerSceneCropped_2k,27,ultrafast,228.1346452,1.04675273511976,5.3563283032,5,True
DinnerSceneCropped_2k,27,veryfast,917.05652075,1.32181980205205,21.50587385025,4,True
DinnerSceneCropped_2k,32,fast,663.7721045,1.48331040784153,15.1620141325,4,True
DinnerSceneCropped_2k,32,faster,664.693550166667,1.2010769716063,15.234998788,6,True
DinnerSceneCropped_2k,32,medium,718.018288,1.83461281184687,16.354686248,4,True
DinnerSceneCropped_2k,32,superfast,632.862613,1.66823606555442,14.438473366,5,True
DinnerSceneCropped_2k,32,ultrafast,168.961420166667,0.851419056967699,3.87464443033333,6,True
DinnerSceneCropped_2k,32,veryfast,662.9883235,1.09232893615263,15.160479994,4,True
DinnerSceneCropped_2k,37,fast,539.8805026,0.871572157049719,12.1174284926,5,True
DinnerSceneCropped_2k,37,faster,537.718105666667,0.047004803173009,12.0721077176667,3,True
DinnerSceneCropped_2k,37,medium,561.8167626,2.43195107247212,12.6576806348,5,True
DinnerSceneCropped_2k,37,superfast,524.0932868,1.60136142618935,11.8146275994,5,True
DinnerSceneCropped_2k,37,ultrafast,143.2311705,0.757243451348838,3.25740071083333,6,True
DinnerSceneCropped_2k,37,veryfast,538.6460454,2.60246584864246,12.1365098394,5,True
DrivingPOV_720p,22,fast,505.48434725,0.76225337255726,12.6616633735,4,True
DrivingPOV_720p,22,faster,504.651631625,2.983055391149,12.69736424025,8,True
DrivingPOV_720p,22,medium,532.5655556,1.79443446513304,13.3098382222,5,True
DrivingPOV_720p,22,superfast,475.039226,1.95215587702007,11.6642486612,5,True
DrivingPOV_720p,22,ultrafast,131.836135777778,0.615246710818672,3.28890570511111,9,True
DrivingPOV_720p,22,veryfast,502.313277,1.15643428513383,12.7536605604,5,True
DrivingPOV_720p,27,fast,425.1353862,1.08837503251324,10.4873346658,5,True
DrivingPOV_720p,27,faster,427.206743,0.685710392782915,10.5057392296,5,True
DrivingPOV_720p,27,medium,451.466632,2.1974463211362,11.1907257386154,13,True
DrivingPOV_720p,27,superfast,403.8738438,1.1086780599634,9.762076282,5,True
DrivingPOV_720p,27,ultrafast,110.736096857143,0.6239802841606,2.72313012257143,7,True
DrivingPOV_720p,27,veryfast,427.2833542,1.67875513485446,10.479636013,5,True
DrivingPOV_720p,32,fast,360.7785074,0.700505375164102,8.7015174738,5,True
DrivingPOV_720p,32,faster,360.707487,1.10153116724494,8.7600720758,5,True
DrivingPOV_720p,32,medium,381.7673698,0.394296593890564,9.207450174,5,True
DrivingPOV_720p,32,superfast,341.84058,1.23136305096405,8.1331392538,5,True
DrivingPOV_720p,32,ultrafast,93.9730255,0.094860915423582,2.27214664175,4,True
DrivingPOV_720p,32,veryfast,360.366399,1.55814703747223,8.7042318422,5,True
DrivingPOV_720p,37,fast,308.1463426,0.827738982051286,7.2876345222,5,True
DrivingPOV_720p,37,faster,308.2069135,0.65733191661874,7.3262938045,4,True
DrivingPOV_720p,37,medium,323.4087664,1.43896911759575,7.7026221106,5,True
DrivingPOV_720p,37,superfast,294.4509672,1.25584662987711,6.8508579864,5,True
DrivingPOV_720p,37,ultrafast,81.7358134,0.319622436754368,1.9390151324,5,True
DrivingPOV_720p,37,veryfast,308.886951,0.743221428087664,7.308581681,4,True
FoodMarket2_4k,22,fast,3835.8069404,13.8130703689683,89.9387034848,5,True
FoodMarket2_4k,22,faster,3827.3610715,16.7825377857517,89.9115315308333,6,True
FoodMarket2_4k,22,medium,4009.875835125,7.69838188034024,94.466396773,8,True
FoodMarket2_4k,22,superfast,3637.5438035,7.87393453323074,85.257240802,4,True
FoodMarket2_4k,22,ultrafast,958.708764846154,3.4630302718223,22.4087052277692,13,True
FoodMarket2_4k,22,veryfast,3817.55225425,4.08757636928342,89.76130782025,4,True
FoodMarket2_4k,27,fast,3159.244745,10.9898883603232,73.3861669968,5,True
FoodMarket2_4k,27,faster,3166.143494,11.2150529662516,73.3175506026,5,True
FoodMarket2_4k,27,medium,3330.5765202,15.763624169773,77.0559512184,5,True
FoodMarket2_4k,27,superfast,3058.79621,13.3030802933997,70.399008326,5,True
FoodMarket2_4k,27,ultrafast,806.817575888889,4.35457997532484,18.554406383,9,True
FoodMarket2_4k,27,veryfast,3172.35341,1.03673724625529,73.4268192846667,3,True
FoodMarket2_4k,32,fast,2753.09683375,3.05954114980513,63.38928933825,4,True
FoodMarket2_4k,32,faster,2739.661037,2.11491986419911,63.031585608,3,True
FoodMarket2_4k,32,medium,2882.843755,11.4461850492651,66.141428734,5,True
FoodMarket2_4k,32,superfast,2648.084908,7.98841002525559,60.7431825578,5,True
FoodMarket2_4k,32,ultrafast,726.320205,6.97010510725433,16.5807403769,10,True
FoodMarket2_4k,32,veryfast,2742.1394645,7.24810901061756,63.0266025035,6,True
FoodMarket2_4k,37,fast,2458.8746866,2.58619782628404,56.1681915142,5,True
FoodMarket2_4k,37,faster,2453.36397891667,11.9185704847966,56.3292610535,12,True
FoodMarket2_4k,37,medium,2568.46072475,4.37019758537669,58.877515171,4,True
FoodMarket2_4k,37,superfast,2382.50484314286,5.44425851431709,54.3923671044286,7,True
FoodMarket2_4k,37,ultrafast,675.768097571429,3.33037495029368,15.3214249994286,7,True
FoodMarket2_4k,37,veryfast,2454.6797264,4.26325531353845,56.259666973,5,True
FoodMarket_2k,22,fast,1148.950977,2.97251952068216,28.0164295522,5,True
FoodMarket_2k,22,faster,1150.3966642,3.29595813728454,27.928746568,5,True
FoodMarket_2k,22,medium,1235.965891,2.1303976684832,30.05756449475,4,True
FoodMarket_2k,22,superfast,1083.08253925,1.8489008672851,26.2196173645,4,True
FoodMarket_2k,22,ultrafast,283.291345428571,1.97647816054271,6.994124355,7,True
FoodMarket_2k,22,veryfast,1150.1959328,4.16368757844176,28.0196241692,5,True
FoodMarket_2k,27,fast,890.01365125,0.737243065191472,20.9220612795,4,True
FoodMarket_2k,27,faster,888.14370675,0.726872306253937,20.94068567025,4,True
FoodMarket_2k,27,medium,952.6900455,4.93357900636342,22.4226938831667,6,True
FoodMarket_2k,27,superfast,841.4255926,3.4448538587336,19.7403616298,5,True
FoodMarket_2k,27,ultrafast,220.9684286,0.325763102829802,5.2195495404,5,True
FoodMarket_2k,27,veryfast,891.637622,3.4607372621003,20.9228090832,5,True
FoodMarket_2k,32,fast,719.6839364,2.44172291193622,16.6249604072,5,True
FoodMarket_2k,32,faster,717.177409,1.39944693561064,16.63468000125,4,True
FoodMarket_2k,32,medium,762.8354256,3.21871565123549,17.6745523598,5,True
FoodMarket_2k,32,superfast,688.1750202,1.52331460105511,15.8253641328,5,True
FoodMarket_2k,32,ultrafast,185.767397666667,1.0968710043763,4.28080956833333,6,True
FoodMarket_2k,32,veryfast,719.370799333333,0.296051621271246,16.6297003586667,3,True
FoodMarket_2k,37,fast,627.08291325,1.32218303362769,14.34474278225,4,True
FoodMarket_2k,37,faster,626.62238875,1.77452652056229,14.3071039175,4,True
FoodMarket_2k,37,medium,662.784308454545,5.3849572672579,15.1864237256364,11,True
FoodMarket_2k,37,superfast,600.8869965,0.197931559293442,13.7329160935,4,True
FoodMarket_2k,37,ultrafast,166.929489,1.266757773985,3.822083828875,8,True
FoodMarket_2k,37,veryfast,627.3369405,0.738206552510203,14.333130254,4,True
FourPeople_270p,22,fast,66.5524784,0.285005911508516,2.5490812634,5,True
FourPeople_270p,22,faster,66.297303,0.222824783943573,2.5528599776,5,True
FourPeople_270p,22,medium,69.98001525,0.075636416495297,2.70077037025,4,True
FourPeople_270p,22,superfast,62.8495644,0.590477106066348,1.6832394099,10,True
FourPeople_270p,22,ultrafast,18.6209683636364,0.117882684381781,0.515897334,11,True
FourPeople_270p,22,veryfast,66.3464484,0.194899190949578,2.5522585092,5,True
FourPeople_270p,27,fast,58.6951928333333,0.349082545757542,2.26193777283333,6,True
FourPeople_270p,27,faster,59.2685555,0.09222004983191,2.2625582525,4,True
FourPeople_270p,27,medium,61.682447,0.176533985957379,2.3948517148,5,True
FourPeople_270p,27,superfast,55.9947044166667,0.578272951068557,1.487011591,12,True
FourPeople_270p,27,ultrafast,16.21516604,0.242610836439499,0.4538342272,25,True
FourPeople_270p,27,veryfast,59.2570012,0.208891212101419,2.2657780874,5,True
FourPeople_270p,32,fast,51.550985,0.309830080177506,1.96950718933333,6,True
FourPeople_270p,32,faster,52.0881338333333,0.273523449811102,1.97182333116667,6,True
FourPeople_270p,32,medium,54.5420585,0.280807619895594,2.080331306125,8,True
FourPeople_270p,32,superfast,49.3179015714286,0.328736894307518,1.30081948385714,7,True
FourPeople_270p,32,ultrafast,14.3463292857143,0.085947099439515,0.387564148642857,14,True
FourPeople_270p,32,veryfast,52.1405034,0.178631682504252,1.9713800694,5,True
FourPeople_270p,37,fast,46.0137616,0.176576162678602,1.7063814996,5,True
FourPeople_270p,37,faster,46.1164851428571,0.258125466871202,1.70858721014286,7,True
FourPeople_270p,37,medium,48.3531718,0.224246252663673,1.798680576,5,True
FourPeople_270p,37,superfast,43.7175008181818,0.247737292127293,1.13528335118182,11,True
FourPeople_270p,37,ultrafast,12.6106549166667,0.090807094089572,0.341008479166667,12,True
FourPeople_270p,37,veryfast,45.9459516,0.182759546498398,1.7104668886,5,True
Johnny_720p,22,fast,385.8300544,1.60336458849315,9.1629216296,5,True
Johnny_720p,22,faster,384.3907274,1.42061170475707,9.1613362742,5,True
Johnny_720p,22,medium,408.389274,0.143615188963424,9.64047313833333,3,True
Johnny_720p,22,superfast,363.9029744,0.850204789209223,8.58955173,5,True
Johnny_720p,22,ultrafast,97.6335699,0.491489820824727,2.33971526,10,True
Johnny_720p,22,veryfast,384.293462,0.837372944593984,9.1420100746,5,True
Johnny_720p,27,fast,313.41475525,0.361083797768491,7.3265347885,4,True
Johnny_720p,27,faster,314.57582425,0.667650575106203,7.331081708875,8,True
Johnny_720p,27,medium,328.8079716,1.2390787622019,7.6582125254,5,True
Johnny_720p,27,superfast,301.046795666667,1.42410907174425,6.9438363805,6,True
Johnny_720p,27,ultrafast,81.0533611666667,0.189020046729882,1.91937028033333,6,True
Johnny_720p,27,veryfast,313.5689755,0.311622778290783,7.32677604075,4,True
Johnny_720p,32,fast,273.1678928,0.468066039624966,6.2797666942,5,True
Johnny_720p,32,faster,272.634446,0.556480691337534,6.2701380514,5,True
Johnny_720p,32,medium,283.42200325,0.303123679676987,6.5032531215,4,True
Johnny_720p,32,superfast,264.8117734,0.738423729653442,6.0635308778,5,True
Johnny_720p,32,ultrafast,73.1289874,0.259585715746842,1.7129752134,5,True
Johnny_720p,32,veryfast,272.44511825,0.265615909060903,6.26438460525,4,True
Johnny_720p,37,fast,246.0184988,0.709237479776485,5.5936028766,5,True
Johnny_720p,37,faster,247.4961682,1.07864057594048,5.6324834182,5,True
Johnny_720p,37,medium,253.9207006,0.134610225788385,5.7904061602,5,True
Johnny_720p,37,superfast,237.42272,0.716399873358797,5.400655219,5,True
Johnny_720p,37,ultrafast,67.5803749,0.504045433343827,1.5840432316,10,True
Johnny_720p,37,veryfast,245.599567,0.379174805304888,5.60761124,5,True
KristenAndSara_720p,22,fast,385.3747706,1.53058830072404,9.1500176024,5,True
KristenAndSara_720p,22,faster,386.8315902,1.26633017254415,9.1765054758,5,True
KristenAndSara_720p,22,medium,406.2654085,0.802957495766121,9.69949270625,4,True
KristenAndSara_720p,22,superfast,365.8639682,0.279151388560401,8.6210298414,5,True
KristenAndSara_720p,22,ultrafast,98.648541,0.754501495168348,2.36388377066667,12,True
KristenAndSara_720p,22,veryfast,387.40226775,0.656905311287898,9.17275884625,4,True
KristenAndSara_720p,27,fast,321.993548,1.06259491149567,7.487161834,5,True
KristenAndSara_720p,27,faster,320.632009142857,0.292968618624037,7.45296938257143,7,True
KristenAndSara_720p,27,medium,337.396506,0.474962015397021,7.84885346875,4,True
KristenAndSara_720p,27,superfast,306.6456136,1.12715606396821,7.1335212726,5,True
KristenAndSara_720p,27,ultrafast,83.71027325,0.570480049260207,1.979636040375,8,True
KristenAndSara_720p,27,veryfast,319.2584295,1.21796758398724,7.471907636875,8,True
KristenAndSara_720p,32,fast,283.9913506,1.18700781261342,6.5236677186,5,True
KristenAndSara_720p,32,faster,283.0080406,1.04606450366854,6.4954756016,5,True
KristenAndSara_720p,32,medium,293.12432625,0.453460160697993,6.72228790325,4,True
KristenAndSara_720p,32,superfast,274.0039866,1.09376763963527,6.2717788732,5,True
KristenAndSara_720p,32,ultrafast,75.4880066666667,0.447350535401788,1.76874465116667,6,True
KristenAndSara_720p,32,veryfast,281.9663072,0.650179568369923,6.4958198526,5,True
KristenAndSara_720p,37,fast,253.66123125,0.482611387205327,5.79387471,4,True
KristenAndSara_720p,37,faster,253.8222262,0.736845837251389,5.7934786654,5,True
KristenAndSara_720p,37,medium,261.380159625,0.448276063885044,5.98907464775,8,True
KristenAndSara_720p,37,superfast,246.8041654,0.925133603516973,5.6004330548,5,True
KristenAndSara_720p,37,ultrafast,70.6339256,0.311372843744923,1.6454150288,5,True
KristenAndSara_720p,37,veryfast,253.860922333333,0.101332302038064,5.79816942566667,3,True
MeridianTalk_sdr_2k,22,fast,921.569214444444,1.65220443456924,21.7615789154444,9,True
MeridianTalk_sdr_2k,22,faster,919.68937225,1.64445198217793,21.7492267085,4,True
MeridianTalk_sdr_2k,22,medium,983.7939054,2.97895734089971,23.3135241336,5,True
MeridianTalk_sdr_2k,22,superfast,872.152827,0.668469465684609,20.4977898455,4,True
MeridianTalk_sdr_2k,22,ultrafast,233.397290636364,1.38195069915075,5.51620717645455,11,True
MeridianTalk_sdr_2k,22,veryfast,921.1659615,0.76138002117843,21.760302632,4,True
MeridianTalk_sdr_2k,27,fast,701.481450166667,3.52699595390465,16.1205251353333,6,True
MeridianTalk_sdr_2k,27,faster,700.6817634,1.32077516817012,16.1138792026,5,True
MeridianTalk_sdr_2k,27,medium,741.498284666667,1.52182484710333,17.0630658151667,6,True
MeridianTalk_sdr_2k,27,superfast,667.045676,0.470058105492289,15.3425163976667,3,True
MeridianTalk_sdr_2k,27,ultrafast,180.401919,0.812596247272285,4.1877918246,5,True
MeridianTalk_sdr_2k,27,veryfast,698.6893835,3.86499506909806,16.1336486336667,6,True
MeridianTalk_sdr_2k,32,fast,589.992080666667,0.138822132192001,13.4640693053333,3,True
MeridianTalk_sdr_2k,32,faster,592.059153166667,2.78568625683837,13.4458801165,6,True
MeridianTalk_sdr_2k,32,medium,616.078623,2.10984067190238,14.04598188,5,True
MeridianTalk_sdr_2k,32,superfast,574.7525576,1.44485109701876,13.022703985,5,True
MeridianTalk_sdr_2k,32,ultrafast,160.5565714,0.423508773049981,3.6596141468,5,True
MeridianTalk_sdr_2k,32,veryfast,589.9685698,2.39829927037457,13.426123201,5,True
MeridianTalk_sdr_2k,37,fast,535.2510714,1.56757164961121,12.061721459,5,True
MeridianTalk_sdr_2k,37,faster,535.339206,0.981562302249837,12.03582853475,4,True
MeridianTalk_sdr_2k,37,medium,554.95559575,0.547828000726734,12.5106642645,4,True
MeridianTalk_sdr_2k,37,superfast,519.99120725,0.991853481151786,11.72172424025,4,True
MeridianTalk_sdr_2k,37,ultrafast,149.454736,0.812337792877323,3.42693404116667,6,True
MeridianTalk_sdr_2k,37,veryfast,535.81913975,0.647855384248869,12.04110311775,4,True
Motorcycle_2k,22,fast,1059.0398915,1.55723288481428,25.94745645625,4,True
Motorcycle_2k,22,faster,1059.9987998,3.00007374918704,26.041738531,5,True
Motorcycle_2k,22,medium,1116.0315426,2.38154507692964,27.3986328004,5,True
Motorcycle_2k,22,superfast,1008.1934185,2.10146695471275,24.447436739,4,True
Motorcycle_2k,22,ultrafast,286.931770833333,0.833415369658711,7.06605557883333,6,True
Motorcycle_2k,22,veryfast,1059.0306508,3.40390712506323,26.0338892724,5,True
Motorcycle_2k,27,fast,944.24156,0.409254433994306,22.9164114243333,3,True
Motorcycle_2k,27,faster,942.2318776,3.53462203110747,22.9827813146,5,True
Motorcycle_2k,27,medium,988.73055,2.14886812423157,24.1385539904,5,True
Motorcycle_2k,27,superfast,897.5597994,3.72760561914794,21.529897849,5,True
Motorcycle_2k,27,ultrafast,256.1525796,0.731779691975529,6.200299774,5,True
Motorcycle_2k,27,veryfast,941.16134775,1.70122328912313,22.8581683705,4,True
Motorcycle_2k,32,fast,825.9976292,2.90298261259738,19.8764014892,5,True
Motorcycle_2k,32,faster,827.390057,3.57012511990266,19.8800907436,5,True
Motorcycle_2k,32,medium,871.3483066,2.50218457877787,21.0165411808,5,True
Motorcycle_2k,32,superfast,791.003535888889,1.43700774633111,18.8125964948889,9,True
Motorcycle_2k,32,ultrafast,225.279676333333,1.25317136217114,5.39850103583333,6,True
Motorcycle_2k,32,veryfast,829.5781685,1.70429274013993,19.89481045025,4,True
Motorcycle_2k,37,fast,733.0071322,1.23230121173019,17.2945869492,5,True
Motorcycle_2k,37,faster,734.6031362,2.10191144264184,17.3226864554,5,True
Motorcycle_2k,37,medium,770.009266625,2.34353027541552,18.167908061125,8,True
Motorcycle_2k,37,superfast,700.9294905,3.14791591359622,16.3920936143333,6,True
Motorcycle_2k,37,ultrafast,201.1109232,0.634595763938115,4.7259745402,5,True
Motorcycle_2k,37,veryfast,733.423452,2.15501836425308,17.3554652922,5,True
MountainBike_2k,22,fast,1095.9025905,6.1288318604023,26.884905185,6,True
MountainBike_2k,22,faster,1091.8589116,2.28884499164978,26.7902085576,5,True
MountainBike_2k,22,medium,1158.993484,7.41842451905142,28.493150884,7,True
MountainBike_2k,22,superfast,1040.2241922,4.32216506765558,25.233925017,5,True
MountainBike_2k,22,ultrafast,292.9822925,0.32650647413229,7.20624307516667,6,True
MountainBike_2k,22,veryfast,1094.3732116,3.51460496416799,26.8258055804,5,True
MountainBike_2k,27,fast,976.3125026,2.91584151265793,23.6494353252,5,True
MountainBike_2k,27,faster,976.7390765,2.24479679292262,23.62029875275,4,True
MountainBike_2k,27,medium,1031.5236534,2.10233409777533,24.9642437882,5,True
MountainBike_2k,27,superfast,930.6409042,3.37585280293168,22.2043842672,5,True
MountainBike_2k,27,ultrafast,259.1311114,1.20603918621672,6.267896414,5,True
MountainBike_2k,27,veryfast,980.266940333333,0.361694658562071,23.5221249316667,3,True
MountainBike_2k,32,fast,860.9458548,3.67761437245685,20.4741279182,5,True
MountainBike_2k,32,faster,860.6277038,2.33024044658254,20.3592764878,5,True
MountainBike_2k,32,medium,905.057957909091,4.62869775498112,21.6235883262727,11,True
MountainBike_2k,32,superfast,818.14422225,0.436528603738919,19.37449708525,4,True
MountainBike_2k,32,ultrafast,228.446385833333,1.3254510282079,5.44467323716667,6,True
MountainBike_2k,32,veryfast,858.43032825,2.01933498622977,20.438258664,4,True
MountainBike_2k,37,fast,756.9159824,2.07445807188813,17.7527413062,5,True
MountainBike_2k,37,faster,755.62712425,0.734232964673736,17.6690450705,4,True
MountainBike_2k,37,medium,795.469623166667,4.31028057206324,18.6523288026667,6,True
MountainBike_2k,37,superfast,717.6970514,1.85564502809651,16.7704449358,5,True
MountainBike_2k,37,ultrafast,201.94568025,0.23101462324187,4.7374864275,4,True
MountainBike_2k,37,veryfast,754.743197,1.94076641481491,17.7162502822,5,True
Neon1224_4k,22,fast,3039.20735985714,20.1311364714381,71.1189548845714,7,True
Neon1224_4k,22,faster,3023.9279522,3.74406209168935,70.6260356594,5,True
Neon1224_4k,22,medium,3185.928465,12.3523999614769,74.2461228488,5,True
Neon1224_4k,22,superfast,2907.94675933333,8.62911292902949,67.6253815498333,6,True
Neon1224_4k,22,ultrafast,786.618304142857,5.10873951104847,18.443270519,7,True
Neon1224_4k,22,veryfast,3022.47937333333,9.57002043787447,70.8513376768333,6,True
Neon1224_4k,27,fast,2668.4070732,7.98169797344921,61.4334213136,5,True
Neon1224_4k,27,faster,2664.70227811111,6.89429153176732,61.4209797038889,9,True
Neon1224_4k,27,medium,2779.5796214,7.80889286537243,64.0190022419,10,True
Neon1224_4k,27,superfast,2557.2648396,7.79848349482249,58.836654287,5,True
Neon1224_4k,27,ultrafast,710.251102285714,4.38759594566078,16.356950759,7,True
Neon1224_4k,27,veryfast,2659.9947892,9.30634836074611,61.4252444268,5,True
Neon1224_4k,32,fast,2337.144514125,5.45877867944963,53.463863149625,8,True
Neon1224_4k,32,faster,2336.948717,4.10051117009428,53.4565163494,5,True
Neon1224_4k,32,medium,2422.7020499,9.3644958972188,55.3254009649,10,True
Neon1224_4k,32,superfast,2269.1769705,10.434079289205,51.6822528908333,6,True
Neon1224_4k,32,ultrafast,647.72368375,3.27050645905649,14.783879495875,8,True
Neon1224_4k,32,veryfast,2343.7935974,5.70020218668635,53.5081157498,5,True
Neon1224_4k,37,fast,2102.87346166667,7.39086129665034,47.7274183147778,9,True
Neon1224_4k,37,faster,2101.6413484,5.21854138867105,47.7157604742,5,True
Neon1224_4k,37,medium,2161.5150844,8.95421791136592,49.063000673,5,True
Neon1224_4k,37,superfast,2040.72035166667,9.59594574757096,46.2125058241667,6,True
Neon1224_4k,37,ultrafast,599.962662714286,3.44502935059465,13.6427553901429,7,True
Neon1224_4k,37,veryfast,2094.7036344,4.29238822186755,47.6209277752,5,True
NocturneDance_4k,22,fast,3297.720928,7.99430116988543,77.0727667374,5,True
NocturneDance_4k,22,faster,3308.9387824,13.3857353552283,77.1512036038,5,True
NocturneDance_4k,22,medium,3460.9285182,6.97646289746937,80.7704432054,5,True
NocturneDance_4k,22,superfast,3164.6293496,10.7858830916346,73.6208878958,5,True
NocturneDance_4k,22,ultrafast,860.525695545454,6.56548836235079,19.9516064685454,11,True
NocturneDance_4k,22,veryfast,3312.852078,11.4507532477929,76.9355664696,5,True
NocturneDance_4k,27,fast,2842.985093,1.37681819570608,65.731712136,4,True
NocturneDance_4k,27,faster,2838.04199025,2.6450609487132,65.601685057,4,True
NocturneDance_4k,27,medium,2974.90074442857,5.26902770666347,68.7125566411429,7,True
NocturneDance_4k,27,superfast,2752.27859928571,19.2725515609312,62.9474840738571,7,True
NocturneDance_4k,27,ultrafast,764.9462045,7.26127108502571,17.5422721337,10,True
NocturneDance_4k,27,veryfast,2845.0796428,24.9669139704437,65.6720054788,10,True
NocturneDance_4k,32,fast,2447.2494358,8.98852735043342,56.1116076434,5,True
NocturneDance_4k,32,faster,2442.87399533333,6.73617925772698,55.926853198,9,True
NocturneDance_4k,32,medium,2556.3108386,3.82972879519364,58.5667518626,5,True
NocturneDance_4k,32,superfast,2377.42527966667,10.1839740119392,54.0709881413333,6,True
NocturneDance_4k,32,ultrafast,691.471084375,5.22922288019549,15.7557100875,8,True
NocturneDance_4k,32,veryfast,2461.5935274,6.07949448124503,56.0128036764,5,True
NocturneDance_4k,37,fast,2185.1799044,8.8149835988524,49.4912926674,5,True
NocturneDance_4k,37,faster,2180.2704195,2.93669554267269,49.434095546,4,True
NocturneDance_4k,37,medium,2263.0015615,6.19674563495003,51.2621687901667,6,True
NocturneDance_4k,37,superfast,2112.55344475,10.9986509507016,47.804738793625,8,True
NocturneDance_4k,37,ultrafast,629.196204333333,5.37613009278763,14.2248988342222,9,True
NocturneDance_4k,37,veryfast,2182.5602698,6.13946398519335,49.5859663772,5,True
OldTownCross_1080p50,22,fast,1396.369167,3.97458700233647,34.7274761126,5,True
OldTownCross_1080p50,22,faster,1387.015416,2.25060491036195,34.6459350655,4,True
OldTownCross_1080p50,22,medium,1485.53953133333,0.640318204443957,37.3277668856667,3,True
OldTownCross_1080p50,22,superfast,1305.1289586,5.08497182823173,32.4208753784,5,True
OldTownCross_1080p50,22,ultrafast,347.814486857143,1.2562166723069,8.80656363571429,7,True
OldTownCross_1080p50,22,veryfast,1386.46679642857,5.60663745627332,34.7901183078571,7,True
OldTownCross_1080p50,27,fast,1097.2454092,3.84608676865976,26.4820965654,5,True
OldTownCross_1080p50,27,faster,1095.7211879,3.26773067501359,26.514170416,10,True
OldTownCross_1080p50,27,medium,1174.6965288,3.18141820390713,28.4335798228,5,True
OldTownCross_1080p50,27,superfast,1027.9488944,5.23139134946644,24.7280686084,10,True
OldTownCross_1080p50,27,ultrafast,274.20259875,2.17952743628441,6.706130532125,8,True
OldTownCross_1080p50,27,veryfast,1095.2727395,0.605575311635968,26.4641848025,4,True
OldTownCross_1080p50,32,fast,803.175782857143,1.37633947537898,18.9862277348571,7,True
OldTownCross_1080p50,32,faster,803.7578912,2.369785797045,19.0109287158,5,True
OldTownCross_1080p50,32,medium,859.6404382,3.90207062977878,20.2461179476,5,True
OldTownCross_1080p50,32,superfast,759.0467998,2.85679622394348,17.849637718,5,True
OldTownCross_1080p50,32,ultrafast,203.090805857143,1.26284364955107,4.81537454242857,7,True
OldTownCross_1080p50,32,veryfast,805.071169,1.8938003745073,18.9916145502,5,True
OldTownCross_1080p50,37,fast,663.01067775,0.654732323108905,15.3196194495,4,True
OldTownCross_1080p50,37,faster,663.728498222222,2.49777990999046,15.3219782916667,9,True
OldTownCross_1080p50,37,medium,696.682562666667,2.34256703135784,16.11692491,6,True
OldTownCross_1080p50,37,superfast,636.2406196,2.95836177396153,14.6420195448,5,True
OldTownCross_1080p50,37,ultrafast,172.8435975,0.161008151455136,4.00176071375,4,True
OldTownCross_1080p50,37,veryfast,663.8365208,2.33400890616707,15.3047986896,5,True
ParkJoy_270p,22,fast,90.005537,0.479917820810188,3.37765726466667,6,True
ParkJoy_270p,22,faster,90.1905853333333,0.429871890782669,3.38820601883333,6,True
ParkJoy_270p,22,medium,96.6117642,0.173941884564069,3.6471104024,5,True
ParkJoy_270p,22,superfast,83.7143242857143,0.564634719690147,2.25366570814286,7,True
ParkJoy_270p,22,ultrafast,23.6063739090909,0.107268192620604,0.647893290090909,11,True
ParkJoy_270p,22,veryfast,90.3938118333333,0.404119134548423,3.39693308216667,6,True
ParkJoy_270p,27,fast,82.315341,0.228151037640638,3.0620411902,5,True
ParkJoy_270p,27,faster,81.9280132,0.095528985411235,3.0750814328,5,True
ParkJoy_270p,27,medium,88.6214873333333,0.503475794596986,3.3154609165,6,True
ParkJoy_270p,27,superfast,75.962566125,0.552813929224043,2.031555221375,8,True
ParkJoy_270p,27,ultrafast,20.9247399090909,0.097163331090957,0.579636755272727,11,True
ParkJoy_270p,27,veryfast,81.760545,0.310503375197436,3.0672437662,5,True
ParkJoy_270p,32,fast,72.0669333333333,0.416980182961573,2.65434651533333,6,True
ParkJoy_270p,32,faster,71.954772,0.215057294636801,2.6509387344,5,True
ParkJoy_270p,32,medium,77.3627376666667,0.422359677961174,2.84266531416667,6,True
ParkJoy_270p,32,superfast,66.3028641818182,0.351673743710792,1.74722158427273,11,True
ParkJoy_270p,32,ultrafast,17.9520870833333,0.125208654820996,0.488034276833333,12,True
ParkJoy_270p,32,veryfast,71.7302968,0.3328175210182,2.656167408,5,True
ParkJoy_270p,37,fast,60.5866124,0.17600680884926,2.2138550952,5,True
ParkJoy_270p,37,faster,60.7795688333333,0.268430727765967,2.2120868265,6,True
ParkJoy_270p,37,medium,65.2489218571429,0.393472058951675,2.37555838564286,14,True
ParkJoy_270p,37,superfast,56.2338978461538,0.482091486889651,1.45318452307692,13,True
ParkJoy_270p,37,ultrafast,15.0039571333333,0.143030127378748,0.402730830933333,15,True
ParkJoy_270p,37,veryfast,60.4046716666667,0.024930075337498,2.21590625366667,3,True
PedestrianArea_1080p25,22,fast,951.288397,0.280147988520353,22.6356277566667,3,True
PedestrianArea_1080p25,22,faster,954.2270006,2.0769001033907,22.6328529426,5,True
PedestrianArea_1080p25,22,medium,1005.6095472,3.94911427270454,23.9183008728,5,True
PedestrianArea_1080p25,22,superfast,904.6375766,4.2218481965209,21.3524750978,5,True
PedestrianArea_1080p25,22,ultrafast,241.498683333333,1.57317805808592,5.76000989888889,9,True
PedestrianArea_1080p25,22,veryfast,955.0472984,3.90250122396974,22.7599717254,5,True
PedestrianArea_1080p25,27,fast,744.823521,2.61783150064858,17.280097095,5,True
PedestrianArea_1080p25,27,faster,743.72119525,1.63836684547171,17.27605152125,4,True
PedestrianArea_1080p25,27,medium,779.8501274,1.87043634088274,18.1035333472,5,True
PedestrianArea_1080p25,27,superfast,714.537192333333,3.97169727756307,16.4958721041667,6,True
PedestrianArea_1080p25,27,ultrafast,193.50631,0.225276350292998,4.4938917965,4,True
PedestrianArea_1080p25,27,veryfast,742.3509194,1.5760310060528,17.2330281078,5,True
PedestrianArea_1080p25,32,fast,631.779108,2.36918467141726,14.4484851786,5,True
PedestrianArea_1080p25,32,faster,633.81457,3.74436209647739,14.478339100375,8,True
PedestrianArea_1080p25,32,medium,657.9572146,1.52964602145294,15.0659456894,5,True
PedestrianArea_1080p25,32,superfast,613.24807925,1.10211211115215,14.008409839,4,True
PedestrianArea_1080p25,32,ultrafast,172.076952166667,0.801259439658696,3.95521492583333,6,True
PedestrianArea_1080p25,32,veryfast,629.945201,1.58870122859146,14.4322642546,5,True
PedestrianArea_1080p25,37,fast,569.1365558,2.53745194700181,12.908371314,10,True
PedestrianArea_1080p25,37,faster,572.0947882,1.69426511244852,12.910682509,5,True
PedestrianArea_1080p25,37,medium,590.7096326,1.99837600743624,13.3819187688,5,True
PedestrianArea_1080p25,37,superfast,553.8958594,1.69384141553432,12.5133477358,5,True
PedestrianArea_1080p25,37,ultrafast,159.2600416,0.700467856328397,3.6456423046,5,True
PedestrianArea_1080p25,37,veryfast,571.7425914,1.44151881754048,12.9026940688,5,True
PierSeaSide_4k,22,fast,3407.424883,14.4547735460149,80.3234811972,5,True
PierSeaSide_4k,22,faster,3409.821776,4.20515409248373,80.264273577,4,True
PierSeaSide_4k,22,medium,3595.4953974,7.24533002247712,84.9171084378,5,True
PierSeaSide_4k,22,superfast,3259.279488,12.2761692465566,76.3820681456667,6,True
PierSeaSide_4k,22,ultrafast,865.676388,2.33134639669576,20.332150822,8,True
PierSeaSide_4k,22,veryfast,3411.592178,1.33156648524548,80.1415963086667,3,True
PierSeaSide_4k,27,fast,2778.199552625,13.9474347760714,64.350883845,8,True
PierSeaSide_4k,27,faster,2775.6427482,10.2232503022824,64.2886226426,5,True
PierSeaSide_4k,27,medium,2902.04293133333,8.32182118935516,67.1079276775556,9,True
PierSeaSide_4k,27,superfast,2661.58314342857,14.9675453415363,61.6021278015714,7,True
PierSeaSide_4k,27,ultrafast,712.917751,0.260446184304935,16.56796762,3,True
PierSeaSide_4k,27,veryfast,2779.6368544,10.0679086462903,64.3020465296,5,True
PierSeaSide_4k,32,fast,2407.4818738,5.25038330155653,54.630511857,5,True
PierSeaSide_4k,32,faster,2394.1932234,5.28841708172926,54.571570948,5,True
PierSeaSide_4k,32,medium,2493.5063238,5.09770696052752,56.7481325782,5,True
PierSeaSide_4k,32,superfast,2298.4549316,4.76830376238409,52.6092119978,5,True
PierSeaSide_4k,32,ultrafast,642.9782612,0.479373045238987,14.6929721454,5,True
PierSeaSide_4k,32,veryfast,2391.3032898,6.20419755956544,54.5866989522,5,True
PierSeaSide_4k,37,fast,2148.9313425,2.94076183242704,48.3750043305,4,True
PierSeaSide_4k,37,faster,2149.2005402,7.59759952247167,48.3270666146,5,True
PierSeaSide_4k,37,medium,2231.920324,9.05506751660036,50.1866900838,5,True
PierSeaSide_4k,37,superfast,2077.19630757143,8.27866541134831,46.6794494355714,7,True
PierSeaSide_4k,37,ultrafast,600.3970226,5.16662637688926,13.5695436165,10,True
PierSeaSide_4k,37,veryfast,2145.1035538,10.3924067125904,48.4173297818,5,True
RedKayak_360p,22,fast,126.1378978,0.307518213718635,3.8637883136,5,True
RedKayak_360p,22,faster,126.47314075,0.22622357510418,3.8358244255,4,True
RedKayak_360p,22,medium,134.7801602,0.4689038427969,4.096465422,5,True
RedKayak_360p,22,superfast,118.667115666667,0.071963994888648,3.02045156933333,3,True
RedKayak_360p,22,ultrafast,33.1021613666667,0.554806913622704,0.8851825814,30,True
RedKayak_360p,22,veryfast,126.7641105,0.0887215635664,3.9316106225,4,True
RedKayak_360p,27,fast,111.421772666667,0.116640279373522,3.38524118966667,3,True
RedKayak_360p,27,faster,110.845883,0.472422126452075,3.3991088914,5,True
RedKayak_360p,27,medium,118.21557875,0.110831729170471,3.63948529575,4,True
RedKayak_360p,27,superfast,103.589371,0.100234680881918,2.6253163526,5,True
RedKayak_360p,27,ultrafast,29.2601604615385,0.110715961749436,0.76040223,13,True
RedKayak_360p,27,veryfast,111.064465571429,0.704262624484611,3.35542177014286,7,True
RedKayak_360p,32,fast,95.526672,0.543513480896902,2.83036330157143,7,True
RedKayak_360p,32,faster,95.165821,0.419834335692068,2.8283322384,5,True
RedKayak_360p,32,medium,102.3081945,0.166473296326067,3.02935589475,4,True
RedKayak_360p,32,superfast,89.6959575,0.43940220488557,2.26801520433333,6,True
RedKayak_360p,32,ultrafast,25.1332763076923,0.309636322360768,0.655785121769231,26,True
RedKayak_360p,32,veryfast,95.4071654,0.399788428588547,2.8488649102,5,True
RedKayak_360p,37,fast,81.658177,0.379452129368119,2.374186407,6,True
RedKayak_360p,37,faster,81.1999105,0.198091384999449,2.370794366,4,True
RedKayak_360p,37,medium,86.4937238,0.384191912575864,2.5113392746,5,True
RedKayak_360p,37,superfast,76.70445475,0.062017142078488,1.92669244725,4,True
RedKayak_360p,37,ultrafast,21.4695232857143,0.116624003451875,0.547530147214286,14,True
RedKayak_360p,37,veryfast,81.292608,0.09625690250228,2.3646594105,4,True
RitualDance_2k,22,fast,721.6959066,2.29400565130152,16.8924791274,5,True
RitualDance_2k,22,faster,721.6227378,1.45801276565697,16.8507194138,5,True
RitualDance_2k,22,medium,754.6518156,3.57717682888452,17.650924468,5,True
RitualDance_2k,22,superfast,688.3113362,2.6354317494965,16.0959977624,5,True
RitualDance_2k,22,ultrafast,189.964432333333,0.948325122240653,4.49928406433333,9,True
RitualDance_2k,22,veryfast,722.6749566,1.94312188036528,16.9291006114,5,True
RitualDance_2k,27,fast,628.6697528,0.963703865917949,14.5915984886,5,True
RitualDance_2k,27,faster,631.2336376,1.55594757510409,14.616089102,5,True
RitualDance_2k,27,medium,657.3773822,3.15485015072106,15.1814561858,5,True
RitualDance_2k,27,superfast,605.72376075,0.670091458487758,13.9861406815,4,True
RitualDance_2k,27,ultrafast,170.0271425,0.903719546641047,3.98932473533333,6,True
RitualDance_2k,27,veryfast,632.24098025,0.585925977148067,14.571947348,4,True
RitualDance_2k,32,fast,566.988965333333,0.197952042915281,12.9616055436667,3,True
RitualDance_2k,32,faster,567.456026333333,0.441923917706808,12.995428525,3,True
RitualDance_2k,32,medium,588.3951123,1.25182423692715,13.4544392566,10,True
RitualDance_2k,32,superfast,549.496078,1.76269267817876,12.5391335132,5,True
RitualDance_2k,32,ultrafast,157.492048333333,0.141336912313568,3.6335199,3,True
RitualDance_2k,32,veryfast,571.105157428572,4.06945142335257,12.9872490578571,7,True
RitualDance_2k,37,fast,519.5089484,0.87755275524398,11.8012468296,5,True
RitualDance_2k,37,faster,517.966102,0.247681401185071,11.75969487,3,True
RitualDance_2k,37,medium,535.3728116,1.61510661102938,12.1900243674,5,True
RitualDance_2k,37,superfast,499.339908,0.721971530749424,11.4274855425,4,True
RitualDance_2k,37,ultrafast,146.1870282,0.218986997787997,3.380026787,5,True
RitualDance_2k,37,veryfast,516.1905968,1.40899399196313,11.7788375938,5,True
Riverbed_1080p25,22,fast,1077.94871775,2.30942126212272,26.167707815375,8,True
Riverbed_1080p25,22,faster,1079.193502,4.18217084850117,26.2001715536,5,True
Riverbed_1080p25,22,medium,1141.0510235,6.82032608366077,27.7655900846667,6,True
Riverbed_1080p25,22,superfast,1026.088987,0.550268566054795,24.6832956513333,3,True
Riverbed_1080p25,22,ultrafast,267.887611428571,1.80133600384981,6.58879858528572,7,True
Riverbed_1080p25,22,veryfast,1082.1379032,4.54968445135997,26.1996984566,5,True
Riverbed_1080p25,27,fast,884.634169333333,2.60138292608087,20.9050938731667,6,True
Riverbed_1080p25,27,faster,882.323119571429,4.24655278345173,20.8524590882857,7,True
Riverbed_1080p25,27,medium,934.633785714286,2.53110277562381,22.0446711897143,7,True
Riverbed_1080p25,27,superfast,835.5071506,2.31603560810111,19.7640185814,5,True
Riverbed_1080p25,27,ultrafast,217.6765424,0.868287709458564,5.1872100078,5,True
Riverbed_1080p25,27,veryfast,883.8245688,3.29458464896665,20.9222092198,5,True
Riverbed_1080p25,32,fast,750.5168892,1.60050167210041,17.5071274658,5,True
Riverbed_1080p25,32,faster,747.09562125,1.90898334201766,17.453792727,4,True
Riverbed_1080p25,32,medium,788.66550725,0.917748548182407,18.427691704,4,True
Riverbed_1080p25,32,superfast,712.6160592,2.13502166135047,16.6001142846,5,True
Riverbed_1080p25,32,ultrafast,190.7637225,0.916491711542172,4.45569052816667,6,True
Riverbed_1080p25,32,veryfast,748.465002875,4.2848323432803,17.469861193875,8,True
Riverbed_1080p25,37,fast,664.438566,3.3634623047137,15.3719662995,6,True
Riverbed_1080p25,37,faster,663.6618024,1.74223228535729,15.3277575784,5,True
Riverbed_1080p25,37,medium,702.4588948,3.36900685719259,16.2952892338,5,True
Riverbed_1080p25,37,superfast,634.981254833333,2.77027944272295,14.6135799571667,6,True
Riverbed_1080p25,37,ultrafast,175.2463265,0.952767952638154,4.0392043635,6,True
Riverbed_1080p25,37,veryfast,664.33913475,0.334906779156404,15.360664393,4,True
RollerCoaster_720p,22,fast,409.02589975,0.783661092600356,10.03618256975,4,True
RollerCoaster_720p,22,faster,406.335987142857,1.32165085769243,10.0648950621429,7,True
RollerCoaster_720p,22,medium,428.3851822,0.919778466018965,10.5348301444,5,True
RollerCoaster_720p,22,superfast,386.859841875,3.10040479361797,9.444262344625,8,True
RollerCoaster_720p,22,ultrafast,104.320795428571,0.635244704482154,2.63623523057143,7,True
RollerCoaster_720p,22,veryfast,404.29739,1.27772153417108,10.068036003,5,True
RollerCoaster_720p,27,fast,352.47859,1.08373455326847,8.50939045442857,7,True
RollerCoaster_720p,27,faster,352.917970833333,2.04848817351826,8.52996365,6,True
RollerCoaster_720p,27,medium,368.421512,0.900590154386556,8.92688218875,4,True
RollerCoaster_720p,27,superfast,336.3700128,1.24585118021805,7.9916780592,5,True
RollerCoaster_720p,27,ultrafast,92.21958175,0.068225421930416,2.22686962425,4,True
RollerCoaster_720p,27,veryfast,353.437469666667,0.159956463093347,8.52431546966667,3,True
RollerCoaster_720p,32,fast,305.4744986,1.01923644802215,7.2618049404,5,True
RollerCoaster_720p,32,faster,303.90750175,0.636550823316502,7.22641775875,4,True
RollerCoaster_720p,32,medium,317.1137758,0.827724903729313,7.5232530252,5,True
RollerCoaster_720p,32,superfast,290.0755392,0.944241686383153,6.8406539706,5,True
RollerCoaster_720p,32,ultrafast,81.989841625,0.583020192338613,1.96652068425,8,True
RollerCoaster_720p,32,veryfast,303.783994857143,0.6020224802321,7.22188246585714,7,True
RollerCoaster_720p,37,fast,268.60649,0.931621576552143,6.330821007,5,True
RollerCoaster_720p,37,faster,268.440596857143,0.90573972529372,6.322968248,7,True
RollerCoaster_720p,37,medium,279.1317194,1.0100118817362,6.5705456852,5,True
RollerCoaster_720p,37,superfast,257.8954094,1.14832879147951,6.0140649892,5,True
RollerCoaster_720p,37,ultrafast,74.4689322222222,0.463004824007747,1.75448288944444,9,True
RollerCoaster_720p,37,veryfast,268.4547696,0.440572512749944,6.334363257,5,True
RushFieldCuts_2k,22,fast,1099.2199642,3.16204447253453,26.641050055,5,True
RushFieldCuts_2k,22,faster,1097.3017686,4.16975087856868,26.5834795964,5,True
RushFieldCuts_2k,22,medium,1163.6003685,2.28927295128934,28.2309009235,4,True
RushFieldCuts_2k,22,superfast,1035.871677,3.29874679119624,25.0178397038,5,True
RushFieldCuts_2k,22,ultrafast,281.305136,1.81593009096845,6.97518755114286,7,True
RushFieldCuts_2k,22,veryfast,1098.4039996,1.7461093575582,26.6906415064,5,True
RushFieldCuts_2k,27,fast,964.9610428,3.7348231422579,23.1093456716,5,True
RushFieldCuts_2k,27,faster,962.43918675,1.66855881327297,23.085249666,4,True
RushFieldCuts_2k,27,medium,1016.951193,2.58546703111111,24.3389233162,5,True
RushFieldCuts_2k,27,superfast,915.7024042,3.53869057665193,21.7249209924,5,True
RushFieldCuts_2k,27,ultrafast,244.306076,0.9307098846797,5.8525483888,5,True
RushFieldCuts_2k,27,veryfast,964.244571666667,1.74042853335156,23.0542323235,6,True
RushFieldCuts_2k,32,fast,821.60072575,1.49107224933253,19.39578251075,4,True
RushFieldCuts_2k,32,faster,823.284248666667,0.272966552244654,19.359814208,3,True
RushFieldCuts_2k,32,medium,863.97374,1.53219508636248,20.38795508275,4,True
RushFieldCuts_2k,32,superfast,786.3353282,2.90736192626266,18.3791369308,5,True
RushFieldCuts_2k,32,ultrafast,214.274379857143,1.38533935762234,5.04057865328571,7,True
RushFieldCuts_2k,32,veryfast,821.0559425,1.4720189630777,19.30086126225,4,True
RushFieldCuts_2k,37,fast,711.374120428571,3.40342132436841,16.5840134512857,7,True
RushFieldCuts_2k,37,faster,712.9610408,2.47968289381761,16.566942194,5,True
RushFieldCuts_2k,37,medium,749.0267692,1.38662227579925,17.3576098338,5,True
RushFieldCuts_2k,37,superfast,685.2742226,2.53626785923555,15.8280133582,5,True
RushFieldCuts_2k,37,ultrafast,192.8000558,0.727636147799984,4.4694789756,5,True
RushFieldCuts_2k,37,veryfast,716.842393,4.19761845936231,16.5963253971667,6,True
Skater227_2k,22,fast,649.242763666667,0.22805586905917,14.9321437033333,3,True
Skater227_2k,22,faster,653.20256675,0.91308039588139,15.029575617,4,True
Skater227_2k,22,medium,684.4461085,1.1039007243119,15.74711683325,4,True
Skater227_2k,22,superfast,627.9617344,1.92380324416825,14.3624133564,5,True
Skater227_2k,22,ultrafast,171.7242554,0.932316843535048,3.9498313373,10,True
Skater227_2k,22,veryfast,652.190443,4.50994809266378,15.0099273742857,7,True
Skater227_2k,27,fast,585.3337922,1.69152564064625,13.3198493138,5,True
Skater227_2k,27,faster,584.8602212,2.15014963158153,13.3150322272,5,True
Skater227_2k,27,medium,609.6241964,2.77940897433668,13.8864403122,5,True
Skater227_2k,27,superfast,563.8804286,1.37984866313096,12.8697191982,5,True
Skater227_2k,27,ultrafast,158.84795125,0.2338608121745,3.65076491575,4,True
Skater227_2k,27,veryfast,583.773815333333,0.350634917366102,13.3446468103333,3,True
Skater227_2k,32,fast,527.521904166667,1.60724884675366,11.9640539651667,6,True
Skater227_2k,32,faster,528.8770214,1.43820893351961,11.9403666904,10,True
Skater227_2k,32,medium,546.353241857143,3.49758449704008,12.3866135857143,7,True
Skater227_2k,32,superfast,516.3865812,0.579695245573655,11.6551110272,5,True
Skater227_2k,32,ultrafast,150.865692666667,0.890118666596014,3.45344899083333,6,True
Skater227_2k,32,veryfast,530.9334922,2.32968962456519,11.9874682636,5,True
Skater227_2k,37,fast,481.885107,0.836970427923532,10.8806314766,5,True
Skater227_2k,37,faster,485.41343,1.54436897271556,10.93706528,5,True
Skater227_2k,37,medium,497.5304762,1.02962661915167,11.2052143644,5,True
Skater227_2k,37,superfast,471.3144062,1.52622383310565,10.6425417128,5,True
Skater227_2k,37,ultrafast,141.280937,0.537671182770195,3.2475262812,5,True
Skater227_2k,37,veryfast,484.3007134,1.83562904346502,10.9132332886,5,True
SnowMountain_360p,22,fast,119.118274,0.358274167130425,3.7094714144,5,True
SnowMountain_360p,22,faster,118.909205,0.557060008923635,3.7248325362,5,True
SnowMountain_360p,22,medium,126.7103202,0.423174013438562,3.9899668114,5,True
SnowMountain_360p,22,superfast,111.355275166667,0.408527569914402,2.851113249,6,True
SnowMountain_360p,22,ultrafast,32.1820241818182,0.182846468985222,0.854274498090909,11,True
SnowMountain_360p,22,veryfast,118.880117333333,0.588704471720631,3.72016877183333,6,True
SnowMountain_360p,27,fast,107.525518,0.215746722316933,3.4192647278,5,True
SnowMountain_360p,27,faster,107.9930222,0.411676959037909,3.4027553016,5,True
SnowMountain_360p,27,medium,115.1477032,0.331034297834378,3.5996821352,5,True
SnowMountain_360p,27,superfast,100.819786,0.239784546420323,2.5809525706,5,True
SnowMountain_360p,27,ultrafast,28.9434988333333,0.124714189559265,0.76411689675,12,True
SnowMountain_360p,27,veryfast,108.2329744,0.510857431331189,3.3625933212,5,True
SnowMountain_360p,32,fast,96.5349822,0.150405494222119,2.995502204,5,True
SnowMountain_360p,32,faster,96.599191,0.258275569153375,2.9785501236,5,True
SnowMountain_360p,32,medium,103.5132235,0.225625367141345,3.1864802595,4,True
SnowMountain_360p,32,superfast,90.5861116666667,0.057052618181231,2.29856754466667,3,True
SnowMountain_360p,32,ultrafast,25.7086185833333,0.145198707478882,0.671534982333333,12,True
SnowMountain_360p,32,veryfast,96.8789754,0.24788949647837,3.0186937956,5,True
SnowMountain_360p,37,fast,86.1858755,0.195718690167802,2.574924611,4,True
SnowMountain_360p,37,faster,86.0463903333333,0.07362124810361,2.56375711633333,3,True
SnowMountain_360p,37,medium,91.755669625,0.636334098745067,2.770342678,8,True
SnowMountain_360p,37,superfast,80.5717052,0.297710111482126,2.0422297382,5,True
SnowMountain_360p,37,ultrafast,22.6676411666667,0.133409330017761,0.584679705916667,12,True
SnowMountain_360p,37,veryfast,85.9920893333333,0.453676364987495,2.60755072133333,6,True
SparksElevator_270p,22,fast,74.3162508571429,0.488398246923358,2.71853064028571,7,True
SparksElevator_270p,22,faster,73.5935738,0.31264834788177,2.7111560166,5,True
SparksElevator_270p,22,medium,78.9837,0.136057589870368,2.90457335675,4,True
SparksElevator_270p,22,superfast,69.1850141666667,0.333129375722656,1.79486727533333,6,True
SparksElevator_270p,22,ultrafast,18.923951125,0.148062454225179,0.5086571549375,16,True
SparksElevator_270p,22,veryfast,74.4624196,0.268487556669392,2.7239994886,5,True
SparksElevator_270p,27,fast,64.49273,0.165878852032138,2.3481392626,5,True
SparksElevator_270p,27,faster,64.3971496,0.245410917170162,2.3480602352,5,True
SparksElevator_270p,27,medium,68.873701,0.201305829504513,2.52211874,5,True
SparksElevator_270p,27,superfast,59.7034978,0.247655597612289,1.5550382352,5,True
SparksElevator_270p,27,ultrafast,16.1339022,0.089135869033259,0.426698163933333,15,True
SparksElevator_270p,27,veryfast,64.499794,0.024097993339695,2.346023306,3,True
SparksElevator_270p,32,fast,54.2128008,0.182804776201827,1.9983932196,5,True
SparksElevator_270p,32,faster,54.2338903333333,0.252715398557086,2.00521406833333,6,True
SparksElevator_270p,32,medium,57.907603,0.213128171847365,2.1425477,5,True
SparksElevator_270p,32,superfast,50.6750968333333,0.527885371807147,1.30446592783333,12,True
SparksElevator_270p,32,ultrafast,13.65439128,0.187633231551059,0.35907679524,25,True
SparksElevator_270p,32,veryfast,54.394468,0.120222126158208,2.00190913225,4,True
SparksElevator_270p,37,fast,46.8773822857143,0.268524730432622,1.6807418605,14,True
SparksElevator_270p,37,faster,46.5925926,0.199252721586933,1.6887880624,5,True
SparksElevator_270p,37,medium,49.2715292,0.195084356095511,1.8014819184,5,True
SparksElevator_270p,37,superfast,43.8841886153846,0.228234614187002,1.10073830453846,13,True
SparksElevator_270p,37,ultrafast,11.832438375,0.126837607026298,0.307369329375,24,True
SparksElevator_270p,37,veryfast,46.6682032,0.217037321665422,1.6851276146,5,True
SpeedBag_360p,22,fast,85.4410145,0.399014013698642,2.55017043816667,6,True
SpeedBag_360p,22,faster,86.0816076666667,0.43765340337928,2.565288956,6,True
SpeedBag_360p,22,medium,89.4182283333333,0.502342262530903,2.68485694633333,6,True
SpeedBag_360p,22,superfast,81.56995025,0.129867341394658,1.97383299025,4,True
SpeedBag_360p,22,ultrafast,22.64377925,0.100244383950091,0.5724503638125,16,True
SpeedBag_360p,22,veryfast,86.2418345,0.26746114675201,2.56054018866667,6,True
SpeedBag_360p,27,fast,73.8183658,0.286382492800625,2.1453970072,5,True
SpeedBag_360p,27,faster,73.9982176,0.444804147393784,2.1451222884,10,True
SpeedBag_360p,27,medium,76.8395958333333,0.341332770971916,2.25308148933333,6,True
SpeedBag_360p,27,superfast,70.5825578,0.233998706401766,1.7146415052,5,True
SpeedBag_360p,27,ultrafast,20.2285411333333,0.118416822251418,0.5055807456,15,True
SpeedBag_360p,27,veryfast,74.2472826,0.176470713351536,2.1302678916,5,True
SpeedBag_360p,32,fast,65.5425831428571,0.244696231747684,1.83967287957143,14,True
SpeedBag_360p,32,faster,65.5770558461539,0.212941640064771,1.83937385523077,13,True
SpeedBag_360p,32,medium,67.489024,0.271085006227751,1.8998173256,5,True
SpeedBag_360p,32,superfast,62.759970875,0.493296543093629,1.51162331575,8,True
SpeedBag_360p,32,ultrafast,18.4029476666667,0.165551246662979,0.460026741066667,15,True
SpeedBag_360p,32,veryfast,65.4779816666667,0.39654187451737,1.83665493511111,9,True
SpeedBag_360p,37,fast,59.4950433571429,0.22966251087113,1.63414481685714,14,True
SpeedBag_360p,37,faster,59.2537749166667,0.226203822136529,1.63097639733333,12,True
SpeedBag_360p,37,medium,60.9182759166667,0.320663662021144,1.691215402,12,True
SpeedBag_360p,37,superfast,56.657102,0.463417928647296,1.36526385933333,9,True
SpeedBag_360p,37,ultrafast,16.9999171428571,0.076664236764917,0.417617015071429,14,True
SpeedBag_360p,37,veryfast,59.0365127,0.313615704112197,1.6162703548,10,True
Stockholm_360p,22,fast,136.301775,0.118032678740536,4.2619706165,4,True
Stockholm_360p,22,faster,137.2416772,0.280007438944397,4.2537582276,5,True
Stockholm_360p,22,medium,144.863338,0.110534071312876,4.53298703933333,3,True
Stockholm_360p,22,superfast,127.0765304,0.518900525598404,3.319408134,5,True
Stockholm_360p,22,ultrafast,36.0450455384615,0.531597415239031,0.984087287076923,26,True
Stockholm_360p,22,veryfast,137.097237444444,1.04460181058778,4.27376239977778,9,True
Stockholm_360p,27,fast,117.22287475,0.071467781017626,3.72943393125,4,True
Stockholm_360p,27,faster,117.036346,0.309146713399965,3.7208206484,5,True
Stockholm_360p,27,medium,124.8072122,0.382709372755228,3.9690861036,5,True
Stockholm_360p,27,superfast,109.722537833333,0.504312197936721,2.81977884533333,6,True
Stockholm_360p,27,ultrafast,30.826211,0.399205904498096,0.823311473933333,15,True
Stockholm_360p,27,veryfast,116.928839,0.033416563018958,3.684909008,3,True
Stockholm_360p,32,fast,100.162097,0.113798315292158,3.132756145,4,True
Stockholm_360p,32,faster,100.134815,0.150766124470983,3.124555536,4,True
Stockholm_360p,32,medium,106.3411584,0.241831562857912,3.3235345462,5,True
Stockholm_360p,32,superfast,94.1312693333333,0.507103280546938,2.37906027566667,6,True
Stockholm_360p,32,ultrafast,26.5787589583333,0.144774333191043,0.684427430541667,24,True
Stockholm_360p,32,veryfast,99.8655522,0.374642447656028,3.1370907542,5,True
Stockholm_360p,37,fast,84.4209016,0.301869797984661,2.6034020828,5,True
Stockholm_360p,37,faster,84.80776625,0.106983021009177,2.598191356,4,True
Stockholm_360p,37,medium,89.6947044,0.338815143412009,2.7520874178,5,True
Stockholm_360p,37,superfast,79.9362576666667,0.38118001261801,1.99871058566667,6,True
Stockholm_360p,37,ultrafast,22.6106466785714,0.411720229833592,0.585231664071429,28,True
Stockholm_360p,37,veryfast,84.8528102,0.360203418309294,2.612387081,5,True
Tango_4k,22,fast,4144.52858385714,13.0146441118581,99.2596142918572,7,True
Tango_4k,22,faster,4148.299154,1.04775931759493,99.4719509683333,3,True
Tango_4k,22,medium,4471.838497375,20.8447189348569,107.304378055125,8,True
Tango_4k,22,superfast,3904.31892325,6.76573086330351,93.119614327,4,True
Tango_4k,22,ultrafast,1030.554416,4.16872733997293,24.5371759687778,9,True
Tango_4k,22,veryfast,4155.0262284,15.1323447730709,99.4806288486,5,True
Tango_4k,27,fast,3135.80739,25.0170462824133,72.6644180762,10,True
Tango_4k,27,faster,3132.1356584,7.97616301509399,72.4014359664,5,True
Tango_4k,27,medium,3362.7715796,8.2938312069031,77.601768756,5,True
Tango_4k,27,superfast,2947.30947142857,6.05325823935509,68.1025777688572,7,True
Tango_4k,27,ultrafast,774.560284181818,6.80520930245805,17.7887242705455,11,True
Tango_4k,27,veryfast,3116.3827082,7.89862140233909,72.3953168438,5,True
Tango_4k,32,fast,2555.26920025,1.23494934514265,58.057777569,4,True
Tango_4k,32,faster,2532.4118766,4.89960062062678,57.8266258116,5,True
Tango_4k,32,medium,2696.2176336,12.9808812144702,61.3365861762,5,True
Tango_4k,32,superfast,2449.989935,10.3241315438541,55.7340343917143,7,True
Tango_4k,32,ultrafast,652.048677666667,5.22989012840048,14.7286071596667,9,True
Tango_4k,32,veryfast,2536.75966271429,16.3961270354491,57.9051943164286,7,True
Tango_4k,37,fast,2249.6185878,9.11312937503908,50.9410500273,10,True
Tango_4k,37,faster,2258.992276,5.82845907798965,50.8478664804,5,True
Tango_4k,37,medium,2343.8061092,5.41635478409859,53.1965876884,5,True
Tango_4k,37,superfast,2202.44210516667,5.32306354605366,49.4853884841667,6,True
Tango_4k,37,ultrafast,608.481091363636,4.89915472177116,13.6142240805455,11,True
Tango_4k,37,veryfast,2253.38259833333,11.8511848888502,50.8582551463333,6,True
TimeLapse_4k,22,fast,3503.8091944,13.445209541088,82.7872732542,5,True
TimeLapse_4k,22,faster,3503.1119304,15.4511895715727,82.7114648638,5,True
TimeLapse_4k,22,medium,3689.82886133333,17.8219709515965,87.2231330025,6,True
TimeLapse_4k,22,superfast,3341.84635416667,19.6138080309487,78.71227647075,12,True
TimeLapse_4k,22,ultrafast,890.000518363636,8.62179702296208,21.1073825165455,11,True
TimeLapse_4k,22,veryfast,3499.2123554,8.16125508348301,82.8899346236,5,True
TimeLapse_4k,27,fast,2943.1841524,7.13556637504857,68.2808085834,5,True
TimeLapse_4k,27,faster,2946.1936416,7.93722974859033,68.2748325782,5,True
TimeLapse_4k,27,medium,3099.8833728,12.8346715851372,71.6109436263,10,True
TimeLapse_4k,27,superfast,2826.10732833333,14.8890402259387,65.1559378373333,6,True
TimeLapse_4k,27,ultrafast,759.2269138,2.21469055940253,17.6434829968,5,True
TimeLapse_4k,27,veryfast,2949.256451,11.2391721950854,68.3475168532,5,True
TimeLapse_4k,32,fast,2543.0184412,5.85354168075271,58.133136705,5,True
TimeLapse_4k,32,faster,2544.56056325,3.18332484282355,58.21420205125,4,True
TimeLapse_4k,32,medium,2655.05219569231,7.18559163679994,60.8215755735385,13,True
TimeLapse_4k,32,superfast,2448.6708432,5.63396003002486,55.8727083604,5,True
TimeLapse_4k,32,ultrafast,682.480919166667,3.59783205094965,15.6015807946667,6,True
TimeLapse_4k,32,veryfast,2547.9900185,9.89238923725113,58.2021278376667,6,True
TimeLapse_4k,37,fast,2272.899558,14.2887741307168,51.7297373540769,13,True
TimeLapse_4k,37,faster,2280.0167218,7.54416165659265,51.6930870956,5,True
TimeLapse_4k,37,medium,2358.0084902,6.84598007489871,53.6509211598,5,True
TimeLapse_4k,37,superfast,2198.19299066667,11.3460116497461,49.6823145651667,6,True
TimeLapse_4k,37,ultrafast,628.03829375,1.41051505725967,14.25074850125,4,True
TimeLapse_4k,37,veryfast,2276.21539991667,5.12147279404944,51.6502951490833,12,True
ToddlerFountain_2k,22,fast,1190.452458,1.10019282195895,29.046626393,4,True
ToddlerFountain_2k,22,faster,1190.09056385714,6.7672296865558,29.0818813217143,7,True
ToddlerFountain_2k,22,medium,1267.6119284,3.74703236170243,31.18828893,5,True
ToddlerFountain_2k,22,superfast,1125.38777416667,5.20412708849672,27.3578135346667,6,True
ToddlerFountain_2k,22,ultrafast,308.136784166667,0.477383328736736,7.58278235816667,6,True
ToddlerFountain_2k,22,veryfast,1190.31916766667,3.84429046456303,29.124338276,6,True
ToddlerFountain_2k,27,fast,999.889146428571,4.85534194564169,24.0918762137143,7,True
ToddlerFountain_2k,27,faster,997.0338976,3.36701327775631,24.0194325262,5,True
ToddlerFountain_2k,27,medium,1068.49740175,1.73863803705973,25.707685388,4,True
ToddlerFountain_2k,27,superfast,944.55736,3.37526109782273,22.589355044,5,True
ToddlerFountain_2k,27,ultrafast,253.239077666667,0.148050817074183,6.14444163066667,3,True
ToddlerFountain_2k,27,veryfast,997.7003026,2.59342571106458,24.0716131996,5,True
ToddlerFountain_2k,32,fast,844.2154534,2.87331030792217,19.85745606,5,True
ToddlerFountain_2k,32,faster,843.035466555556,2.31370328324232,19.7727038518889,9,True
ToddlerFountain_2k,32,medium,899.5500894,2.34280634876376,21.1141129288,5,True
ToddlerFountain_2k,32,superfast,799.9762232,1.3319939212546,18.7488885496,5,True
ToddlerFountain_2k,32,ultrafast,215.694516,0.922946553919348,5.0927122485,6,True
ToddlerFountain_2k,32,veryfast,840.2049656,1.53581388671359,19.7591542098,5,True
ToddlerFountain_2k,37,fast,710.9292255,1.17000063953102,16.37545245275,4,True
ToddlerFountain_2k,37,faster,710.9214348,2.82111026924378,16.3749748642,5,True
ToddlerFountain_2k,37,medium,752.06716625,1.10560778399798,17.32167280325,4,True
ToddlerFountain_2k,37,superfast,677.7303328,2.02281333236082,15.6142880076,5,True
ToddlerFountain_2k,37,ultrafast,187.796028,1.0930409838963,4.33830552257143,7,True
ToddlerFountain_2k,37,veryfast,711.6492524,2.2310370109294,16.3999867792,5,True
TouchdownPass_360p,22,fast,137.3978534,0.520176538228417,4.0709371422,5,True
TouchdownPass_360p,22,faster,138.5461294,0.292942408517101,4.075335222,5,True
TouchdownPass_360p,22,medium,148.8947966,0.275289818995,4.384463254,5,True
TouchdownPass_360p,22,superfast,128.192156,0.058688122043562,3.24371781466667,3,True
TouchdownPass_360p,22,ultrafast,34.8573391785714,0.472011516035915,0.915117040285714,28,True
TouchdownPass_360p,22,veryfast,137.9340102,0.544572451976043,4.0860734402,5,True
TouchdownPass_360p,27,fast,116.7914608,0.342116087979943,3.3752349086,5,True
TouchdownPass_360p,27,faster,116.736273666667,0.096949703111115,3.43046730466667,3,True
TouchdownPass_360p,27,medium,125.92107975,0.11828101968159,3.64813809975,4,True
TouchdownPass_360p,27,superfast,108.5135286,0.194824729828633,2.7156856652,5,True
TouchdownPass_360p,27,ultrafast,28.6139201666667,0.125873836014347,0.749313353166667,6,True
TouchdownPass_360p,27,veryfast,116.9694125,0.237417181917541,3.37539446675,4,True
TouchdownPass_360p,32,fast,94.60774425,0.139311133899089,2.7106000235,4,True
TouchdownPass_360p,32,faster,94.802956,0.31689729641794,2.7471075096,5,True
TouchdownPass_360p,32,medium,101.7457114,0.425119151938959,2.8965881744,5,True
TouchdownPass_360p,32,superfast,87.9623706666667,0.504469311316225,2.18142412633333,6,True
TouchdownPass_360p,32,ultrafast,23.9484125833333,0.251983266331563,0.600177549541667,24,True
TouchdownPass_360p,32,veryfast,94.199573,0.135451988064652,2.69497379075,4,True
TouchdownPass_360p,37,fast,77.6487371666667,0.46007846797233,2.20113397933333,6,True
TouchdownPass_360p,37,faster,77.9468321666667,0.348953149614911,2.1851012655,6,True
TouchdownPass_360p,37,medium,82.2193247142857,0.498402007967368,2.32095181757143,7,True
TouchdownPass_360p,37,superfast,72.856759,0.26866101874202,1.775171649,5,True
TouchdownPass_360p,37,ultrafast,20.5135583333333,0.147077568199624,0.5058383885,12,True
TouchdownPass_360p,37,veryfast,77.551193,0.43117955985954,2.18213076085714,7,True
TreesAndGrass_2k,22,fast,1285.8920086,3.17591116586135,32.265887478,5,True
TreesAndGrass_2k,22,faster,1283.3225815,2.2479551563547,32.11880397725,4,True
TreesAndGrass_2k,22,medium,1385.380643,4.99332929452471,34.7575453828571,7,True
TreesAndGrass_2k,22,superfast,1213.4855776,5.20585160982335,29.9774338468,5,True
TreesAndGrass_2k,22,ultrafast,334.621449,0.626615048331643,8.46087234271429,7,True
TreesAndGrass_2k,22,veryfast,1288.28283475,0.461239665014748,32.23254870325,4,True
TreesAndGrass_2k,27,fast,1167.4564228,3.12017315578434,28.725382708,5,True
TreesAndGrass_2k,27,faster,1163.8925896,5.34344784905096,28.7956979706,5,True
TreesAndGrass_2k,27,medium,1250.953365,2.79018410888287,30.9808784272,5,True
TreesAndGrass_2k,27,superfast,1104.235088,1.15955374295085,26.81986839725,4,True
TreesAndGrass_2k,27,ultrafast,297.011698375,2.29234400195582,7.385966707375,8,True
TreesAndGrass_2k,27,veryfast,1162.2068785,2.28537343991896,28.76866616,4,True
TreesAndGrass_2k,32,fast,1029.6714606,1.6939479138692,25.0769900494,5,True
TreesAndGrass_2k,32,faster,1029.442726,3.63766796592941,25.1221728882,5,True
TreesAndGrass_2k,32,medium,1111.3762145,1.87047726069017,27.05337674125,4,True
TreesAndGrass_2k,32,superfast,972.938128666667,2.34681470465166,23.476016591,9,True
TreesAndGrass_2k,32,ultrafast,259.366787666667,1.32728565988662,6.339383249,6,True
TreesAndGrass_2k,32,veryfast,1031.49927166667,0.797963576196516,25.1894571003333,3,True
TreesAndGrass_2k,37,fast,905.2366838,3.29055677033412,21.6557955068,5,True
TreesAndGrass_2k,37,faster,910.226149,2.70197238907432,21.6308241182,5,True
TreesAndGrass_2k,37,medium,970.9917034,3.17161366780686,23.2111910634,5,True
TreesAndGrass_2k,37,superfast,855.61455425,0.241108051659244,20.2951543735,4,True
TreesAndGrass_2k,37,ultrafast,226.5342588,0.721716930654741,5.4438611168,5,True
TreesAndGrass_2k,37,veryfast,909.1603558,2.53855525778615,21.6022832918,5,True
TunnelFlag_2k,22,fast,995.6775042,1.86390368522349,23.8890885364,5,True
TunnelFlag_2k,22,faster,991.58939525,2.13855726292897,23.8881035035,4,True
TunnelFlag_2k,22,medium,1040.2859604,4.22816261463497,24.978756208,5,True
TunnelFlag_2k,22,superfast,944.7285235,0.949281790250046,22.69839236675,4,True
TunnelFlag_2k,22,ultrafast,250.741248125,0.890666049910713,6.1195612555,8,True
TunnelFlag_2k,22,veryfast,990.309466333333,2.86574224566752,23.8482130369167,12,True
TunnelFlag_2k,27,fast,832.5102834,1.84087786550108,19.7203610436,5,True
TunnelFlag_2k,27,faster,832.9483924,3.57900982596036,19.6778943428,5,True
TunnelFlag_2k,27,medium,865.7844534,3.59171643851896,20.5082836784,5,True
TunnelFlag_2k,27,superfast,803.82094,1.74101009663835,18.99908269725,4,True
TunnelFlag_2k,27,ultrafast,216.206152333333,0.0710841994703,5.13740214833333,3,True
TunnelFlag_2k,27,veryfast,831.740266,1.63784157118447,19.683591452,5,True
TunnelFlag_2k,32,fast,707.2346274,1.84275542227497,16.4677582778,5,True
TunnelFlag_2k,32,faster,707.8428778,0.181655297735023,16.4290192892,5,True
TunnelFlag_2k,32,medium,732.53882,1.13525329074793,17.09138496825,4,True
TunnelFlag_2k,32,superfast,682.801499,2.34860110558881,15.8534201242,5,True
TunnelFlag_2k,32,ultrafast,191.3943465,1.09251782425272,4.48026109966667,6,True
TunnelFlag_2k,32,veryfast,706.4516704,2.10666861662016,16.4662031732,5,True
TunnelFlag_2k,37,fast,617.9340386,2.61450415651062,14.2649788304,5,True
TunnelFlag_2k,37,faster,619.9399782,1.88540768491278,14.2546986831,10,True
TunnelFlag_2k,37,medium,637.4271276,2.38318772605355,14.6689259418,5,True
TunnelFlag_2k,37,superfast,600.3569472,2.56563266868734,13.8186540932,5,True
TunnelFlag_2k,37,ultrafast,171.8612666,0.696089299647179,3.9825862654,5,True
TunnelFlag_2k,37,veryfast,617.919487,1.85819918680062,14.2274069848,5,True
Vertical_Bayshore_270p,22,fast,55.649424,0.307015534571787,2.42362110216667,6,True
Vertical_Bayshore_270p,22,faster,56.1193266,0.478204595043493,2.4233595014,10,True
Vertical_Bayshore_270p,22,medium,59.3018045833333,0.607600288343109,2.56612916016667,12,True
Vertical_Bayshore_270p,22,superfast,52.3576430909091,0.191333192335493,1.45845873190909,11,True
Vertical_Bayshore_270p,22,ultrafast,15.1630415454545,0.053632575402201,0.444708599272727,11,True
Vertical_Bayshore_270p,22,veryfast,55.1844898,0.233896129764261,2.4309882342,5,True
Vertical_Bayshore_270p,27,fast,50.4388078461539,0.542988474828249,2.09779737061538,13,True
Vertical_Bayshore_270p,27,faster,50.7154932307692,0.40436643915949,2.09894575584615,13,True
Vertical_Bayshore_270p,27,medium,53.1273054285714,0.26644021898721,2.23240743285714,7,True
Vertical_Bayshore_270p,27,superfast,45.9567548666667,0.566843027955065,1.2954113766,15,True
Vertical_Bayshore_270p,27,ultrafast,13.3968816666667,0.054914126123907,0.389282213133333,15,True
Vertical_Bayshore_270p,27,veryfast,51.4520199444444,0.735955198382225,2.09861504977778,15,True
Vertical_Bayshore_270p,32,fast,44.6166633571429,0.522335549886441,1.81553942657143,14,True
Vertical_Bayshore_270p,32,faster,45.6164375625,0.598509716822038,1.7806113544375,16,True
Vertical_Bayshore_270p,32,medium,47.802195,0.16824101919211,1.8898355955,6,True
Vertical_Bayshore_270p,32,superfast,41.2315765,0.394012860814466,1.126020671375,16,True
Vertical_Bayshore_270p,32,ultrafast,11.7683451875,0.095947150551554,0.3402750525,16,True
Vertical_Bayshore_270p,32,veryfast,44.8943266470588,0.38398241429588,1.79284580782353,17,True
Vertical_Bayshore_270p,37,fast,38.875899875,0.503609022547833,1.5504882541875,16,True
Vertical_Bayshore_270p,37,faster,38.2288187857143,0.568206796154316,1.55435566839286,28,True
Vertical_Bayshore_270p,37,medium,40.9515927692308,0.385275373050487,1.59755993061538,13,True
Vertical_Bayshore_270p,37,superfast,35.9427586666667,0.238662869957273,0.98149327925,12,True
Vertical_Bayshore_270p,37,ultrafast,10.5836345,0.057580649647323,0.300701998285714,14,True
Vertical_Bayshore_270p,37,veryfast,37.7544855,0.467035203492899,1.5521345675,14,True
Vertical_Carnaby_2k,22,fast,704.1368202,2.1314836188767,16.348087348,5,True
Vertical_Carnaby_2k,22,faster,705.5678145,3.47102968790103,16.392082969,6,True
Vertical_Carnaby_2k,22,medium,725.996747384616,2.30026890645657,16.9460666233077,13,True
Vertical_Carnaby_2k,22,superfast,676.6959602,1.29745559725264,15.6514318038,5,True
Vertical_Carnaby_2k,22,ultrafast,189.953622111111,0.863472694831233,4.44722721155556,9,True
Vertical_Carnaby_2k,22,veryfast,704.3472938,2.65902710079875,16.4028699868,5,True
Vertical_Carnaby_2k,27,fast,624.3418706,0.79767657726882,14.4143955046,5,True
Vertical_Carnaby_2k,27,faster,624.576384,0.179076573378541,14.44534371,3,True
Vertical_Carnaby_2k,27,medium,645.0988488,2.37440557319357,14.891028117,5,True
Vertical_Carnaby_2k,27,superfast,606.5493815,3.50550816759589,13.8573769103333,6,True
Vertical_Carnaby_2k,27,ultrafast,173.7817206,0.41074767112523,4.0117785174,5,True
Vertical_Carnaby_2k,27,veryfast,627.705904875,4.26666873705773,14.485373032375,8,True
Vertical_Carnaby_2k,32,fast,562.4445285,0.98040087945714,12.8701017055,4,True
Vertical_Carnaby_2k,32,faster,562.5241094,1.55098526741288,12.8953111348,5,True
Vertical_Carnaby_2k,32,medium,577.8976662,1.41789533269233,13.2597473088,5,True
Vertical_Carnaby_2k,32,superfast,546.0929012,1.53825012696495,12.439296968,5,True
Vertical_Carnaby_2k,32,ultrafast,161.191146,0.806978215665826,3.719353053,6,True
Vertical_Carnaby_2k,32,veryfast,562.89008425,0.623301480374398,12.9145533515,4,True
Vertical_Carnaby_2k,37,fast,516.7928784,1.58437845847932,11.835460271,5,True
Vertical_Carnaby_2k,37,faster,517.242592666667,0.088593774410696,11.8257297643333,3,True
Vertical_Carnaby_2k,37,medium,532.4311686,2.34724086259427,12.157232969,5,True
Vertical_Carnaby_2k,37,superfast,503.107354285714,1.93305933803239,11.4068070304286,7,True
Vertical_Carnaby_2k,37,ultrafast,149.948425,0.928670589010621,3.45398447985714,7,True
Vertical_Carnaby_2k,37,veryfast,516.8110245,0.176408740904941,11.80604170125,4,True
Vertical_bees_2k,22,fast,803.5241034,2.98699282065547,19.1030050354,5,True
Vertical_bees_2k,22,faster,807.0637422,1.53564858788712,19.1255658512,5,True
Vertical_bees_2k,22,medium,837.8503692,1.31236053328066,19.84446478,5,True
Vertical_bees_2k,22,superfast,773.5510836,2.08850548771707,18.1709505244,5,True
Vertical_bees_2k,22,ultrafast,211.0245634,1.03746846141206,4.9807158345,10,True
Vertical_bees_2k,22,veryfast,806.1489612,2.23498568869953,19.0828868138,5,True
Vertical_bees_2k,27,fast,713.5994794,3.0130510780047,16.7649052314,5,True
Vertical_bees_2k,27,faster,716.129148666667,0.852751960094102,16.7526617566667,3,True
Vertical_bees_2k,27,medium,744.86193925,1.24428423164923,17.47056082675,4,True
Vertical_bees_2k,27,superfast,687.2883528,1.03059346357582,15.9673550566,5,True
Vertical_bees_2k,27,ultrafast,190.9144038,0.799026115848349,4.4849399388,5,True
Vertical_bees_2k,27,veryfast,717.7492246,2.13691582500629,16.8298150332,5,True
Vertical_bees_2k,32,fast,639.958323333333,0.115298627625542,14.8888002616667,3,True
Vertical_bees_2k,32,faster,640.882711333333,1.57996971546664,14.892784818,9,True
Vertical_bees_2k,32,medium,664.157551,3.50339345051497,15.4832871741667,6,True
Vertical_bees_2k,32,superfast,621.220168,3.97000688533198,14.3665946871429,7,True
Vertical_bees_2k,32,ultrafast,178.602036125,0.903040091759012,4.133629935,8,True
Vertical_bees_2k,32,veryfast,639.4296504,1.8058955842027,14.9206566754,5,True
Vertical_bees_2k,37,fast,585.775742333333,0.120237215604543,13.5059616333333,3,True
Vertical_bees_2k,37,faster,580.590689473684,5.59920108144135,13.4618631163684,19,True
Vertical_bees_2k,37,medium,604.271062571429,3.56404045943981,13.9598101267143,7,True
Vertical_bees_2k,37,superfast,565.4619558,2.15586082426364,12.9517459696,5,True
Vertical_bees_2k,37,ultrafast,164.5794738,0.400862190671807,3.816425238,5,True
Vertical_bees_2k,37,veryfast,584.2772215,2.55808097458691,13.4805223501667,6,True
Vidyo3_720p,22,fast,364.43133375,0.107351751780071,8.95807558175,4,True
Vidyo3_720p,22,faster,365.361410333333,0.098540268278168,8.92087608466667,3,True
Vidyo3_720p,22,medium,383.4423896,1.3788478436725,9.3654196094,5,True
Vidyo3_720p,22,superfast,347.2778344,0.524524789918265,8.2408759984,5,True
Vidyo3_720p,22,ultrafast,95.4695376363636,0.401491944214644,2.28719487654545,11,True
Vidyo3_720p,22,veryfast,365.13167,1.1283955580941,9.0125220886,5,True
Vidyo3_720p,27,fast,306.1069435,0.422301319973073,7.26874137475,4,True
Vidyo3_720p,27,faster,304.6758076,0.430645808861877,7.2768072948,5,True
Vidyo3_720p,27,medium,317.9379798,1.50049099146636,7.5769778928,5,True
Vidyo3_720p,27,superfast,294.3596714,1.2915398776396,6.8936215748,5,True
Vidyo3_720p,27,ultrafast,81.64786275,0.107951701837365,1.94170209925,4,True
Vidyo3_720p,27,veryfast,304.2214864,0.717671930346172,7.2570395716,5,True
Vidyo3_720p,32,fast,271.2904556,0.691437771848848,6.3413838168,5,True
Vidyo3_720p,32,faster,270.041457857143,1.1926215146253,6.33592885957143,7,True
Vidyo3_720p,32,medium,280.414321,0.576094527627628,6.5599443036,5,True
Vidyo3_720p,32,superfast,261.3708764,0.544279718218767,6.0774526468,5,True
Vidyo3_720p,32,ultrafast,74.0345654285714,0.422823268011927,1.75983672485714,7,True
Vidyo3_720p,32,veryfast,271.2808358,0.606749083343519,6.347065687,5,True
Vidyo3_720p,37,fast,247.0350124,1.03556694894888,5.7513193116,5,True
Vidyo3_720p,37,faster,247.3380022,0.784277337658178,5.7581651342,5,True
Vidyo3_720p,37,medium,254.6053666,0.658742084032742,5.8790174734,5,True
Vidyo3_720p,37,superfast,238.0565442,0.9188600258966,5.469579595,5,True
Vidyo3_720p,37,ultrafast,68.9067086,0.153815235447598,1.628518656,5,True
Vidyo3_720p,37,veryfast,247.350492,0.546979546815784,5.71294010016667,6,True
Vidyo4_720p,22,fast,377.1328724,1.7808949837525,9.1930764442,5,True
Vidyo4_720p,22,faster,375.457364,1.30991278454312,9.0258865348,5,True
Vidyo4_720p,22,medium,395.1797746,1.48106805987277,9.500822351,5,True
Vidyo4_720p,22,superfast,356.594537285714,2.28107901232441,8.45038904514286,7,True
Vidyo4_720p,22,ultrafast,95.9008348,0.263566387851882,2.3095564763,10,True
Vidyo4_720p,22,veryfast,375.9874284,0.813447608750127,9.0611358836,5,True
Vidyo4_720p,27,fast,322.0083188,0.884556138407111,7.65212779,5,True
Vidyo4_720p,27,faster,322.2550832,1.45901530659421,7.6032332844,5,True
Vidyo4_720p,27,medium,334.97056275,0.449557907837151,7.92542985975,4,True
Vidyo4_720p,27,superfast,306.5455166,0.410928474698822,7.131270291,5,True
Vidyo4_720p,27,ultrafast,83.5574764,0.158268331180941,1.9791329052,5,True
Vidyo4_720p,27,veryfast,320.8582238,0.58678618231746,7.5812511762,5,True
Vidyo4_720p,32,fast,281.579427142857,1.15610108253206,6.59981450885714,7,True
Vidyo4_720p,32,faster,280.2843898,0.559701698681717,6.5727440194,5,True
Vidyo4_720p,32,medium,292.318353666667,1.37687180518706,6.916788071,6,True
Vidyo4_720p,32,superfast,270.020142,0.045709876121031,6.242358986,3,True
Vidyo4_720p,32,ultrafast,75.2483676,0.325322841685456,1.7836107188,5,True
Vidyo4_720p,32,veryfast,280.6147964,0.864163684454108,6.5737120446,5,True
Vidyo4_720p,37,fast,252.5447636,0.333146472877622,5.8754241524,5,True
Vidyo4_720p,37,faster,252.2706556,0.639007771926367,5.8631056642,5,True
Vidyo4_720p,37,medium,262.7366198,0.704432638550131,6.0684751056,5,True
Vidyo4_720p,37,superfast,242.5709612,0.622515750273597,5.5670900094,5,True
Vidyo4_720p,37,ultrafast,69.740703,0.303091242647326,1.6341081618,5,True
Vidyo4_720p,37,veryfast,252.1699594,1.06144881728574,5.8612948174,5,True
WalkingInStreet_2k,22,fast,1194.159626,2.23412676261129,30.1947889534,5,True
WalkingInStreet_2k,22,faster,1202.96126025,1.1813017796785,30.52700467375,4,True
WalkingInStreet_2k,22,medium,1219.43721675,0.71164777968804,30.923190431,4,True
WalkingInStreet_2k,22,superfast,1159.8304172,3.25442351292993,28.755843248,5,True
WalkingInStreet_2k,22,ultrafast,338.0446465,0.818717329682168,8.68036255033333,6,True
WalkingInStreet_2k,22,veryfast,1203.4793105,0.71477556042369,30.1899325515,4,True
WalkingInStreet_2k,27,fast,1099.11673358333,3.42030716225244,27.2472042746667,12,True
WalkingInStreet_2k,27,faster,1101.203215,0.392208714125528,27.2050823523333,3,True
WalkingInStreet_2k,27,medium,1125.2920292,1.2935426683518,27.8582123604,5,True
WalkingInStreet_2k,27,superfast,1054.784195375,3.62411409905317,25.982049209875,8,True
WalkingInStreet_2k,27,ultrafast,295.9110165,0.447243582307226,7.56283403,4,True
WalkingInStreet_2k,27,veryfast,1103.22412185714,7.4502659515061,27.4362404242857,7,True
WalkingInStreet_2k,32,fast,966.8933313,3.42261881626498,23.3155178154,10,True
WalkingInStreet_2k,32,faster,964.4941862,2.56278118510432,23.3699265028,5,True
WalkingInStreet_2k,32,medium,984.095235,2.27717747196568,23.8545863984,5,True
WalkingInStreet_2k,32,superfast,926.899857428571,2.71469973889869,22.2788176052857,7,True
WalkingInStreet_2k,32,ultrafast,252.9482538,1.20369767884577,6.2555453946,5,True
WalkingInStreet_2k,32,veryfast,963.3341275,1.16120922407649,23.36814124675,4,True
WalkingInStreet_2k,37,fast,835.99316,4.38818453767136,19.9457660705,6,True
WalkingInStreet_2k,37,faster,835.6392792,2.47569165654201,19.9018341458,5,True
WalkingInStreet_2k,37,medium,855.0733885,0.619827044365066,20.3327921775,4,True
WalkingInStreet_2k,37,superfast,806.6402938,2.51340572585679,19.0663181408,5,True
WalkingInStreet_2k,37,ultrafast,217.7345618,0.677901840936577,5.2564204664,5,True
WalkingInStreet_2k,37,veryfast,835.0953228,2.68521590698471,19.9059956476,5,True
WestWindEasy_720p,22,fast,400.426624,1.01123647490411,10.002471874,5,True
WestWindEasy_720p,22,faster,398.7498214,0.986281752466708,9.8478469168,5,True
WestWindEasy_720p,22,medium,425.4707374,0.641130208500816,10.5326194826,5,True
WestWindEasy_720p,22,superfast,375.6524045,0.678906934447572,9.20102642125,4,True
WestWindEasy_720p,22,ultrafast,105.8745215,0.585298366093217,2.6614251403,10,True
WestWindEasy_720p,22,veryfast,399.18115225,0.649620305787093,9.837953074,4,True
WestWindEasy_720p,27,fast,354.5288776,0.889207915659381,8.5722598656,5,True
WestWindEasy_720p,27,faster,353.482554,0.270354901840155,8.50048234,3,True
WestWindEasy_720p,27,medium,374.2493104,1.77517893468977,9.0151136926,5,True
WestWindEasy_720p,27,superfast,335.2645592,1.35763564009851,8.011930854,5,True
WestWindEasy_720p,27,ultrafast,94.4309715,0.070358944536806,2.299312402,4,True
WestWindEasy_720p,27,veryfast,354.391494666667,1.14924647108497,8.54529187633333,9,True
WestWindEasy_720p,32,fast,314.7257082,0.830070491528701,7.451950178,5,True
WestWindEasy_720p,32,faster,315.208177666667,1.56360402500949,7.47568154133333,6,True
WestWindEasy_720p,32,medium,331.85269675,0.595728190685078,7.87061660675,4,True
WestWindEasy_720p,32,superfast,299.151140333333,1.60244088335822,7.063660828,6,True
WestWindEasy_720p,32,ultrafast,84.2901692222222,0.743352049445244,2.034972649,9,True
WestWindEasy_720p,32,veryfast,314.5251045,0.349779110003728,7.46828286925,4,True
WestWindEasy_720p,37,fast,283.1948072,0.708881793405078,6.6476988704,5,True
WestWindEasy_720p,37,faster,282.7989222,1.27351232136313,6.6862832148,5,True
WestWindEasy_720p,37,medium,295.845959,0.549910100088187,7.0062599754,5,True
WestWindEasy_720p,37,superfast,269.664816833333,1.32581130415718,6.29560104916667,6,True
WestWindEasy_720p,37,ultrafast,76.86821875,0.610867961634626,1.825662097,8,True
WestWindEasy_720p,37,veryfast,282.0722392,0.872856809427927,6.6251916962,5,True
WorldCup_2k,22,fast,707.9926584,3.09693463824833,16.496232239,5,True
WorldCup_2k,22,faster,707.5712476,2.8893943365045,16.4728248042,10,True
WorldCup_2k,22,medium,733.0826694,1.46008673090173,17.055973426,5,True
WorldCup_2k,22,superfast,679.5272648,2.40480324427783,15.7813065868,5,True
WorldCup_2k,22,ultrafast,194.0593724,0.765566985252571,4.5664624394,10,True
WorldCup_2k,22,veryfast,706.355064166667,0.723011795470424,16.4651065613333,6,True
WorldCup_2k,27,fast,624.29913725,2.08400146551194,14.41782798725,8,True
WorldCup_2k,27,faster,627.219860333333,3.07435801611157,14.4426535615,6,True
WorldCup_2k,27,medium,646.0405828,1.20315401587565,14.8954234704,5,True
WorldCup_2k,27,superfast,604.160650888889,4.91509200921245,13.9202981484444,9,True
WorldCup_2k,27,ultrafast,176.69395975,0.335383198343204,4.1021788135,4,True
WorldCup_2k,27,veryfast,624.4819582,2.24553448255815,14.4035588702,5,True
WorldCup_2k,32,fast,561.374633888889,1.48293224228818,12.8435579628889,9,True
WorldCup_2k,32,faster,561.1078292,2.30566960937809,12.8512154712,5,True
WorldCup_2k,32,medium,580.728921166667,2.75060657174896,13.2706183645,6,True
WorldCup_2k,32,superfast,546.9394446,2.26901871358993,12.4930430924,5,True
WorldCup_2k,32,ultrafast,162.4088006,0.601897433592552,3.7763821216,5,True
WorldCup_2k,32,veryfast,563.084774857143,1.4948133474496,12.8687260417143,7,True
WorldCup_2k,37,fast,520.0127556,1.61251284823325,11.8128515736,5,True
WorldCup_2k,37,faster,520.4499765,0.539034746089403,11.821977016,4,True
WorldCup_2k,37,medium,534.4438344,1.53632866619607,12.1069779874,5,True
WorldCup_2k,37,superfast,505.81123525,0.456360781419975,11.43576406075,4,True
WorldCup_2k,37,ultrafast,152.3015996,0.63672818565091,3.5058123998,5,True
WorldCup_2k,37,veryfast,521.587325875,3.86007271257,11.864266691,8,True
WorldCup_far_2k,22,fast,971.733748833333,2.41934033383982,23.196723096,6,True
WorldCup_far_2k,22,faster,970.9509932,1.09363069258717,23.1775060184,5,True
WorldCup_far_2k,22,medium,1012.2284392,2.87927663845022,24.1922170284,5,True
WorldCup_far_2k,22,superfast,934.0359754,3.31479021780184,22.0848691522,5,True
WorldCup_far_2k,22,ultrafast,258.2604353,1.39102985186588,6.2021565413,10,True
WorldCup_far_2k,22,veryfast,972.583655,3.4384965281148,23.191186466,5,True
WorldCup_far_2k,27,fast,860.24231975,1.41046908000409,20.2017428165,4,True
WorldCup_far_2k,27,faster,856.733626416667,3.14859567711591,20.144136741,12,True
WorldCup_far_2k,27,medium,893.0049406,3.21134040972999,20.9628087426,5,True
WorldCup_far_2k,27,superfast,824.045640333333,0.50258158190719,19.229689086,3,True
WorldCup_far_2k,27,ultrafast,227.441190166667,1.18261744215641,5.36621361783333,6,True
WorldCup_far_2k,27,veryfast,859.77593,3.90538806076702,20.1934858506,10,True
WorldCup_far_2k,32,fast,748.369239,2.11750684260547,17.4215615546,5,True
WorldCup_far_2k,32,faster,750.7965892,1.846978433387,17.4737593922,5,True
WorldCup_far_2k,32,medium,777.9588482,2.29271001118757,18.2125747472,5,True
WorldCup_far_2k,32,superfast,727.9128098,2.22736410219236,16.7181670604,5,True
WorldCup_far_2k,32,ultrafast,204.655407333333,1.38156096737323,4.74084365944445,9,True
WorldCup_far_2k,32,veryfast,753.121546,1.18502876970498,17.4625881378,5,True
WorldCup_far_2k,37,fast,668.776862666667,4.01869394508184,15.4068097978333,6,True
WorldCup_far_2k,37,faster,668.0296005,1.0443644318827,15.42163801625,4,True
WorldCup_far_2k,37,medium,696.5582754,2.00704969175636,15.9475999928,5,True
WorldCup_far_2k,37,superfast,644.872209333333,0.133494949194092,14.8263725216667,3,True
WorldCup_far_2k,37,ultrafast,184.8871505,1.10564464494751,4.28103170466667,6,True
WorldCup_far_2k,37,veryfast,667.71101325,1.05742730190917,15.41488861375,4,True
